ã;8276;nr
de;7427;pre
le;4442;art_def
la;4313;art_def
il;3385;pro_per
avoir;3325;aux
â;3183;nr
et;3090;con
l;3050;art_def
s;2908;pro_per
ne;2770;adv_sup
être;2341;aux
les;2250;art_def
que;2081;pro_rel
d;1928;pre
en;1910;pre
un;1859;art_ind
du;1606;art_def
ce;1541;pro_dem
qui;1477;pro_rel
une;1434;art_ind
se;1389;pro_per
dans;1370;pre
qu;1347;con
taire;1307;ver
rã;1304;nr
dã;1298;nr
des;1279;art_ind
t;1179;pro_per
pas;1169;adv_sup
pouvoir;1037;ver_sup
e;997;nom_sup
au;976;art_def
pour;970;pre
faire;918;ver_sup
son;916;adj_pos
plus;905;adv_sup
mã;881;nr
sur;855;pre
cette;851;adj_dem
lui;838;pro_per
docteur;831;nom
me;824;pro_per
tã;812;nr
r;773;adv
tre;751;nr
mais;714;con
sa;707;adj_pos
vous;684;pro_per
je;672;pro_per
on;656;pro_per
c;653;pro_dem
par;649;pre
elle;618;pro_per
dire;590;ver_sup
prã;584;nr
sarcany;567;nr
ils;559;pro_per
si;551;con
ses;545;adj_pos
lã;522;nr
avec;507;pre
sans;501;pre
y;499;pro_per
ces;489;adj_dem
deux;487;adj_num
venir;486;ver
bathory;477;nr
pierre;460;nom
tout;456;pro_ind
pã;437;nr
pointe;420;nom
oã;420;nr
dont;420;pro_rel
toronthal;416;nr
devoir;409;ver_sup
aller;405;ver
bien;404;nom_sup
pescade;400;nr
sandorf;387;nr
pondit;379;nr
nous;372;pro_per
comme;372;con
aprã;364;nr
leur;360;pro_per
te;357;pro_per
eã;353;nr
ou;331;con
comte;323;nom
cap;323;nom
antã;319;nr
silas;318;nr
savoir;312;ver_sup
vouloir;311;ver_sup
rien;311;nom_sup
voir;299;ver
homme;299;nom
donc;295;con
heure;291;nom
prendre;290;ver
aux;282;art_def
falloir;274;ver_sup
puis;272;con
quelques;270;adj_ind
matifou;270;nr
rent;267;nr
peu;262;nom_sup
alors;262;adv_sup
cã;256;nr
sava;251;nr
taient;248;nr
tous;245;pro_ind
jour;244;nom
encore;242;adv_sup
aussi;240;adv_sup
fã;232;nr
non;230;pro_per
sã;224;nr
hã;223;nr
vers;222;pre
maison;217;nom
kirtt;216;nr
tu;214;pro_per
grand;214;adj
oui;211;adv_sup
cela;211;pro_dem
trã;209;nr
cet;208;adj_dem
demander;207;ver
point;203;nom_sup
moins;202;adv_sup
pendant;196;adj_sup
monsieur;193;nom_sup
ville;189;nom
ferrato;187;nr
sous;186;pre
autre;185;pro_ind
zirone;184;nr
ni;184;con
mme;183;nom_sup
mettre;181;ver
entre;181;pre
nã;179;nr
petit;176;adj
jeune;175;adj
reprendre;174;ver
moment;173;nom
moi;173;pro_per
j;171;pro_per
attendre;171;ver
mon;169;adj_pos
vã;166;nr
fille;165;nom
trouver;164;ver
fois;164;nom
quelque;163;adj_ind
toute;162;adj_ind
trois;159;adj_num
suivre;159;ver
mathias;159;nr
porte;156;nom
mer;155;nom
jamais;155;adv_sup
donner;153;ver
avant;153;pre
main;150;nom
luigi;150;nr
depuis;149;pre
cependant;148;con
rester;147;ver
carpena;146;nr
banquier;146;nom
leurs;143;adj_pos
devant;143;pre
entendre;140;ver
raguse;138;nr
compagnon;138;nom
tienne;132;pro_pos
temps;132;nom
maintenant;132;adv_sup
jã;131;nr
trieste;130;nr
res;129;nr
quand;129;con
parler;129;ver
laisser;129;ver
doute;129;nom
nom;128;nom
mort;128;nom
passer;125;ver
jusqu;125;pre
seul;124;adj
mot;124;nom
bon;124;adj_sup
sentir;122;ver
croire;122;ver_sup
connaître;122;ver
m;121;pro_per
rendre;120;ver
effet;120;nom
ainsi;120;adv_sup
tenir;118;ver
intã;118;nr
toujours;117;adv_sup
lorsque;117;con
perdre;115;ver
mille;115;nom_sup
crier;114;ver
arrã;114;nr
tant;113;adv_sup
arriver;113;ver
zathmar;111;nr
votre;111;adj_pos
ailleurs;111;adv_sup
vie;109;nom
pied;109;nom
tel;108;adj_ind
quitter;107;ver
port;107;nom
mentir;107;ver
coup;107;nom
gã;106;nr
instant;105;nom
fils;105;nom
tres;104;nr
bord;104;nom
ami;104;nom
travers;103;nom
part;103;nom
ouvrir;103;ver
arrivã;103;nr
pays;102;nom
autres;102;pro_ind
toutes;101;pro_ind
tes;101;adj_pos
soir;99;nom
servir;99;ver
assez;99;adv_sup
an;99;nom_sup
derniã;97;nr
long;96;adj
gouverneur;96;nom
eau;96;nom
quel;95;adj_int
page;95;nom
nuit;95;nom
kirtta;95;nr
devenir;95;ver
andrã;95;nr
affaire;95;nom
contre;94;pre
milieu;92;nom
place;91;nom
haut;91;adj
comment;91;con
route;90;nom
personne;90;pro_ind
revenir;89;ver
fond;89;nom
mes;88;adj_pos
marier;88;ver
eux;88;pro_per
lettre;87;nom
ladislas;87;nr
enfin;87;adv_sup
comprendre;87;ver
sortir;86;ver
femme;86;nom
atteindre;86;ver
passã;84;nr
peine;83;nom
agir;83;ver
tat;82;nr
force;82;nom
chambre;82;nom
pourquoi;80;con
or;80;con
laquelle;80;pro_rel
grã;80;nr
puisque;79;con
ordre;79;nom
trop;78;adv_sup
ta;78;adj_pos
namir;77;nr
dernier;77;adj
chercher;77;ver
tendre;76;ver
rue;76;nom
roche;75;nom
extrã;75;nr
entrer;75;ver
cinq;75;adj_num
billet;75;nom
che;74;nr
permettre;73;ver
littoral;73;adj
bã;73;nr
situation;72;nom
quelle;72;adj_int
premier;72;adj
d_abord;72;adv_sup
apprendre;72;ver
sorte;71;nom
regarder;71;ver
cheur;71;nr
secret;70;nom
partie;70;nom
ma;70;adj_pos
aussitã;70;nr
partir;69;ver
fortune;69;nom
espagnol;69;nom
lequel;68;pro_rel
bras;68;nom
aucun;68;adj_ind
ter;67;adv
sembler;67;ver
possible;67;adj
oeil;67;nom
maã;67;nr
loin;67;adv_sup
chose;67;nom
car;67;con
bientã;67;nr
lorsqu;66;con
eh;66;ono
quant;65;nom_sup
misã;65;nr
craindre;65;ver
agent;65;nom
premiã;64;nr
six;63;adj_num
riche;63;adj
porter;63;ver
ur;62;nr
tomber;62;ver
terre;62;nom
occuper;62;ver
nouveau;62;adj
couvrir;62;ver
cas;62;nom
vivre;61;ver
public;61;adj
lieu;61;nom
garder;61;ver
aucune;61;adj_ind
presque;60;adv_sup
plusieurs;60;adj_ind
ignorer;60;ver
ceux;60;pro_dem
yacht;59;nom
ici;59;adv_sup
grille;59;nom
compter;59;ver
tour;58;nom
quatre;58;adj_num
pondre;58;ver
jusqu_au;58;pre
fugitif;58;nom
seulement;57;adv
regard;57;nom
raison;57;nom
mouvement;57;nom
descendre;57;ver
voilã;56;nr
vieux;56;adj
soin;56;nom
madame;56;nom_sup
lever;56;ver
famille;56;nom
condition;56;nom
chã;56;nr
cent;56;adj_num
celui;56;pro_dem
borik;56;nr
rieur;55;adj
mieux;55;adv_sup
mariage;55;nom
fenã;55;nr
crã;55;nr
convenir;55;ver
ancien;55;adj
quai;54;nom
penser;54;ver
parvenir;54;ver
monde;54;nom
å;53;nr
rire;53;ver
quoi;53;pro_rel
quittã;53;nr
question;53;nom
elles;53;pro_per
dehors;53;ono
conduire;53;ver
circonstance;53;nom
arriã;53;nr
observer;52;ver
large;52;adj
inquiã;52;nr
goã;52;nr
argent;52;nom
reã;51;nr
rement;51;nr
rable;51;nr
jeu;51;nom
courant;51;nom
chez;51;pre
afin;51;adv_sup
produire;50;ver
moyen;50;nom
monter;50;ver
demi;50;adj_sup
condamnã;50;nr
voix;49;nom
plutã;49;nr
notre;49;adj_pos
fort;49;adj_sup
feu;49;nom
exã;49;nr
courir;49;ver
vent;48;nom
ve;48;nr
ton;48;nom_sup
nombre;48;nom
minute;48;nom
marcher;48;ver
manquer;48;ver
impossible;48;adj
gravosa;48;nr
donnã;48;nr
ceuta;48;nr
arabe;48;nom
vivant;47;adj
travail;47;nom
tard;47;adv_sup
surtout;47;adv_sup
sicile;47;nr
pensã;47;nr
na;47;ono
cher;47;adj
bas;47;adj
stradone;46;nr
restã;46;nr
reconnaître;46;ver
mur;46;nom
matin;46;nom
huit;46;adj_num
fer;46;nom
donjon;46;nom
connaã;46;nr
besoin;46;nom
simple;45;adj
service;45;nom
quinze;45;adj_num
navire;45;nom
embarcation;45;nom
cå;45;nr
compte;45;nom
ajouter;45;ver
toi;44;pro_per
suffire;44;ver
souvenir;44;ver
retrouver;44;ver
parole;44;nom
hasard;44;nom
enfant;44;nom
conspiration;44;nom
commenã;44;nr
u;43;nom_sup
traã;43;nr
offrir;43;ver
marocain;43;adj
diterranã;43;nr
aperã;43;nr
voiture;42;nom
uvre;42;nr
remettre;42;ver
rapide;42;adj
province;42;nom
mourir;42;ver
importer;42;ver
frã;42;nr
endroit;42;nom
disposition;42;nom
di;42;nr
chemin;42;nom
canal;42;nom
air;42;nom
tuan;41;nr
sence;41;nr
projet;41;nom
police;41;nom
opã;41;nr
mitã;41;nr
maniã;41;nr
lendemain;41;nom_sup
jeter;41;ver
heureux;41;adj
guã;41;nr
complice;41;nom
chef;41;nom
briser;41;ver
au_dessus;41;pre
adriatique;41;adj
telle;40;adj_ind
somme;40;nom
sol;40;nom
retenir;40;ver
poste;40;nom
portã;40;nr
piã;40;nr
noir;40;adj
montrer;40;ver
malte;40;nr
lette;40;nom
golfe;40;nom
certain;40;adj_ind
but;40;nom
arbre;40;nom
rovigno;39;nr
rejoindre;39;ver
paraître;39;ver
lire;39;ver
idã;39;nr
hors;39;pre
environ;39;nom_sup
celui_ci;39;pro_dem
bruit;39;nom
autour;39;adv_sup
vingt;38;adj_num
trace;38;nom
toutefois;38;adv_sup
savarã;38;nr
reconnaã;38;nr
prisonnier;38;nom
plein;38;adj
pisino;38;nr
jetã;38;nr
ge;38;nr
faã;38;nr
droit;38;nom
difficile;38;adj
demain;38;adv_sup
cri;38;nom
chance;38;nom
cattaro;38;nr
autant;38;adv_sup
trouvã;37;nr
puisqu;37;con
parã;37;nr
nes;37;nr
mauvais;37;adj
jouer;37;ver
gros;37;adj
gens;37;nom
emparer;37;ver
dix;37;adj_num
chapper;37;nr
auquel;37;pro_rel
voici;36;pre
tripolitaine;36;nr
soupã;36;nr
saisir;36;ver
parer;36;ver
ligne;36;nom
levã;36;nr
garã;36;nr
diriger;36;ver
casa;36;nom
annã;36;nr
visite;35;nom
vide;35;adj
veille;35;nom
valoir;35;ver
poque;35;nom
occasion;35;nom
norme;35;nom
nature;35;nom
mois;35;nom
franchir;35;ver
envoyã;35;nr
capitaine;35;nom
beau;35;adj
battre;35;ver
appeler;35;ver
steam;34;nr
rapidement;34;adv
plan;34;nom
nos;34;adj_pos
neuf;34;adj_num
face;34;nom
entraã;34;nr
dieu;34;nom
corps;34;nom
considã;34;nr
cidã;34;nr
cents;34;adj_num
artenak;34;nr
unir;33;ver
table;33;nom
senoã;33;nr
risquer;33;ver
refuser;33;ver
prouver;33;ver
personnage;33;nom
lumiã;33;nr
inglese;33;nr
indiquer;33;ver
gendarme;33;nom
fin;33;nom
disparaître;33;ver
direction;33;nom
cution;33;nr
celle;33;pro_dem
appartenir;33;ver
ts;32;nr
tranger;32;nr
tandis_que;32;con
surprendre;32;ver
salon;32;nom
rieux;32;adj
ration;32;nom
propos;32;nom
pigeon;32;nom
nouvelle;32;adj
immã;32;nr
fuir;32;ver
europe;32;nr
entrã;32;nr
catane;32;nr
asseoir;32;ver
approcher;32;ver
allã;32;nr
videmment;31;nr
sujet;31;nom
suivant;31;adj
sentiment;31;nom
rivage;31;nom
retourner;31;ver
preuve;31;nom
pousser;31;ver
personnel;31;adj
lot;31;nom
justice;31;nom
forme;31;nom
fermer;31;ver
espã;31;nr
danger;31;nom
complã;31;nr
campagne;31;nom
bout;31;nom
bouche;31;nom
blanc;31;adj
apercevoir;31;ver
tirer;30;ver
soudain;30;adv_sup
salle;30;nom
quartier;30;nom
profond;30;adj
pauvre;30;adj
paraã;30;nr
million;30;nom_sup
honneur;30;nom
fermã;30;nr
expã;30;nr
existence;30;nom
demeurer;30;ver
cimetiã;30;nr
calme;30;nom
bande;30;nom
attirer;30;ver
abandonner;30;ver
principal;29;adj
population;29;nom
oublier;29;ver
nombreux;29;adj
murmurer;29;ver
mal;29;nom_sup
italien;29;adj
gardien;29;nom
franã;29;nr
former;29;ver
essayer;29;ver
delã;29;nr
continuer;29;ver
contenir;29;ver
colonie;29;nom
coin;29;nom
clair;29;adj
changer;29;ver
cellule;29;nom
aimer;29;ver
absolument;29;adv
vrai;28;adj
ut;28;nom
traversã;28;nr
sud;28;nom
situã;28;nr
seconde;28;nom
ritã;28;nr
rentrer;28;ver
relever;28;ver
passage;28;nom
obtenir;28;ver
nord;28;nom
montagne;28;nom
lutte;28;nom
istrie;28;nr
hercule;28;nom
hazam;28;nr
hauteur;28;nom
foule;28;nom
dominer;28;ver
derriã;28;nr
demeure;28;nom
conversation;28;nom
cisã;28;nr
chaque;28;adj_ind
assurer;28;ver
accomplir;28;ver
abandonnã;28;nr
vitesse;27;nom
soleil;27;nom
sistes;27;nr
rieure;27;nr
recevoir;27;ver
ouest;27;nom
libre;27;adj
gibraltar;27;nr
gagner;27;ver
florin;27;nom
droite;27;nom
carlo;27;nr
cacher;27;ver
avenir;27;nom
abri;27;nom
tromper;26;ver
teau;26;nr
suite;26;nom
sidence;26;nr
side;26;nr
parce_que;26;con
origine;26;nom
marin;26;nom
longtemps;26;adv_sup
irrã;26;nr
glisser;26;ver
frappã;26;nr
forteresse;26;nom
centaine;26;nom
causer;26;ver
brave;26;adj
autrichien;26;adj
ah;26;ono
vif;25;adj
vasion;25;nr
troit;25;nr
tourner;25;ver
spã;25;nr
signe;25;nom
ruine;25;nom
rer;25;nr
ponse;25;nr
naturel;25;adj
midi;25;nom
lancã;25;nr
important;25;adj
hongrie;25;nr
flottille;25;nom
entiã;25;nr
conseil;25;nom
connaissance;25;nom
cit;25;nr
cinquante;25;adj_num
caution;25;nom
carrã;25;nr
baie;25;nom
ba;25;nr
aujourd_hui;25;adv_sup
attention;25;ono
visiter;24;ver
second;24;adj
sang;24;nom
revoir;24;ver
retour;24;nom
rables;24;nr
quart;24;nom
prix;24;nom
pourtant;24;adv_sup
naã;24;nr
muraille;24;nom
mesure;24;nom
massif;24;adj
marinella;24;nr
lanã;24;nr
inconnu;24;nom
horizon;24;nom
habitant;24;nom
foã;24;nr
canot;24;nom
canon;24;nom
brigadier;24;nom
banque;24;nom
arracher;24;ver
angle;24;nom
aide;24;nom
trente;23;adj_num
traverser;23;ver
torrent;23;nom
stadthaus;23;nr
royaume;23;nom
posã;23;nr
ons;23;nr
ombre;23;nom
ner;23;nr
manå;23;nr
lueur;23;nom
langue;23;nom
jusque;23;pre
joueur;23;nom
habitation;23;nom
franc;23;adj
empã;23;nr
divers;23;adj_ind
directement;23;adv
diatement;23;nr
diable;23;ono
cyrã;23;nr
cesser;23;ver
brã;23;nr
ais;23;nom
afrique;23;nr
accepter;23;ver
voyage;22;nom
vivement;22;adv
tombã;22;nr
tentã;22;nr
tenter;22;ver
spectateur;22;nom
relã;22;nr
rapport;22;nom
possã;22;nr
phã;22;nr
oiseau;22;nom
modeste;22;adj
masse;22;nom
manderaggio;22;nr
malgrã;22;nr
malade;22;adj
livrã;22;nr
jardin;22;nom
indã;22;nr
habitude;22;nom
gauche;22;nom
flã;22;nr
finir;22;ver
figure;22;nom
facile;22;adj
espoir;22;nom
escalier;22;nom
douter;22;ver
disposã;22;nr
cours;22;nom
contraire;22;adj
cessaire;22;nr
certainement;22;adv
auxquels;22;pro_rel
alitã;22;nr
acte;22;nom
abã;22;nr
volontã;21;nr
vapeur;21;nom
tier;21;nr
terrible;21;adj
terrasse;21;nom
tement;21;nr
tels;21;adj_ind
supã;21;nr
songer;21;ver
santa;21;nr
recherche;21;nom
quarante;21;adj_num
puissance;21;nom
pescador;21;nr
oubliã;21;nr
obligã;21;nr
obliger;21;ver
nomã;21;nr
nements;21;nr
menaã;21;nr
lesquels;21;pro_rel
immense;21;adj
grave;21;adj
fait;21;nom
etienne;21;nr
entretien;21;nom
coupã;21;nr
ches;21;nr
capitale;21;nom
avanã;21;nr
acrobate;21;nom
voyageur;20;nom
vos;20;adj_pos
voisin;20;nom
vement;20;nr
vaste;20;adj
tripoli;20;nom
trahison;20;nom
tarder;20;ver
tablir;20;nr
sombre;20;adj
sespã;20;nr
serviteur;20;nom
semaine;20;nom
sauver;20;ver
saint;20;nom
sable;20;nom
rouler;20;ver
rouge;20;adj
retraite;20;nom
remonter;20;ver
puissant;20;adj
professeur;20;nom
plaine;20;nom
particuliã;20;nr
papier;20;nom
occupã;20;nr
meilleur;20;adj
laissã;20;nr
juste;20;adj_sup
journã;20;nr
introduire;20;ver
gouvernement;20;nom
frapper;20;ver
fendre;20;ver
electric;20;nr
dait;20;nr
combien;20;adv_sup
ciel;20;nom
chaã;20;nr
charger;20;ver
ant;20;nr
anse;20;nom
aisã;20;nr
accompagner;20;ver
vres;19;nr
surveiller;19;ver
surface;19;nom
signal;19;nom
riviã;19;nr
reposer;19;ver
rappeler;19;ver
quipage;19;nr
quelles;19;adj_int
prononcã;19;nr
prison;19;nom
position;19;nom
poser;19;ver
payer;19;ver
oriental;19;adj
nommer;19;ver
motion;19;nom
mont;19;nom
matã;19;nr
mari;19;nom
manger;19;ver
machine;19;nom
limite;19;nom
libertã;19;nr
lesquelles;19;pro_rel
insister;19;ver
extã;19;nr
expliquer;19;ver
ensemble;19;adv
diverses;19;adj_ind
der;19;nom
decin;19;nr
davantage;19;adv_sup
contenter;19;ver
confiance;19;nom
cheval;19;nom
changã;19;nr
buco;19;nr
apparaître;19;ver
adresser;19;ver
violent;18;adj
veuf;18;nom
vain;18;adj
travailler;18;ver
så;18;nr
souvent;18;adv_sup
sicilien;18;adj
secours;18;nom
remercier;18;ver
promener;18;ver
poitrine;18;nom
pirate;18;nom
phrase;18;nom
pente;18;nom
paquebot;18;nom
nul;18;adj_ind
nommã;18;nr
nitencier;18;nr
loignã;18;nr
lancer;18;ver
kã;18;nr
kilomã;18;nr
interrompre;18;ver
incident;18;nom
imaginer;18;ver
hongrois;18;nom
guerre;18;nom
groupe;18;nom
galerie;18;nom
fixã;18;nr
faim;18;nom
esprit;18;nom
enfuir;18;ver
enclos;18;nom
dormir;18;ver
curieux;18;adj
coã;18;nr
cour;18;nom
coulã;18;nr
conserver;18;ver
chappã;18;nr
cachã;18;nr
base;18;nom
barquement;18;nr
au_dessous;18;adv
associã;18;nr
appareil;18;nom
anglais;18;adj
amã;18;nr
adresse;18;nom
absolu;18;adj
veiller;17;ver
vallette;17;nr
troupe;17;nom
transylvanie;17;nr
trait;17;nom
trabacolo;17;nr
toucher;17;ver
tendu;17;adj
syrte;17;nr
solution;17;nom
siã;17;nr
silence;17;nom
sienne;17;pro_pos
scã;17;nr
sauvã;17;nr
ritable;17;nr
retirer;17;ver
rencontrer;17;ver
raire;17;ver
paules;17;nr
passager;17;nom
partout;17;adv_sup
parmi;17;pre
pareil;17;adj
opposã;17;nr
maltais;17;nom
lutter;17;ver
juin;17;nom
influence;17;nom
immobile;17;adj
gardã;17;nr
europã;17;nr
etna;17;nr
espace;17;nom
enlever;17;ver
emporter;17;ver
employer;17;ver
embarquer;17;ver
consentir;17;ver
chargã;17;nr
cessã;17;nr
cause;17;nom
balle;17;nom
arme;17;nom
amour;17;nom
admettre;17;ver
accã;17;nr
villa;16;nom
toile;16;nom
timent;16;nr
tantã;16;nr
systã;16;nr
suspect;16;adj
soutenir;16;ver
simplement;16;adv
sespoir;16;nr
secrã;16;nr
reprã;16;nr
refuge;16;nom
refermer;16;ver
rapporter;16;ver
quels;16;adj_int
qualitã;16;nr
propre;16;adj
poussã;16;nr
poursuivre;16;ver
paroi;16;nom
parlã;16;nr
parfaitement;16;adv
outre;16;pre
oreille;16;nom
nier;16;ver
livrer;16;ver
lation;16;nr
italie;16;nr
inutile;16;adj
humain;16;adj
habituel;16;adj
geste;16;nom
gence;16;nr
fense;16;nr
entier;16;adj
enceinte;16;adj
employã;16;nr
douze;16;adj_num
douzaine;16;nom
douleur;16;nom
domaine;16;nom
digne;16;adj
date;16;nom
courage;16;nom
consã;16;nr
clef;16;nom
chiffrã;16;nr
chapelle;16;nom
centre;16;nom
caractã;16;nr
autriche;16;nr
assaillant;16;nom
arrestation;16;nom
apparaã;16;nr
amenã;16;nr
amener;16;ver
accompagnã;16;nr
voã;15;nr
voile;15;nom
victime;15;nom
veine;15;nom
uns;15;pro_ind
tronc;15;nom
troite;15;nr
terminã;15;nr
talus;15;nom
steamer;15;nom
solide;15;adj
soirã;15;nr
sentã;15;nr
roulette;15;nom
rocher;15;nom
risque;15;nom
rencontrã;15;nr
remarquã;15;nr
relevã;15;nr
relation;15;nom
propriã;15;nr
pont;15;nom
perte;15;nom
percã;15;nr
pendre;15;ver
observation;15;nom
obscuritã;15;nr
nergie;15;nr
mystã;15;nr
marche;15;nom
joie;15;nom
ingã;15;nr
gard;15;nr
extraordinaire;15;adj
enlã;15;nr
effort;15;nom
dix_huit;15;adj_num
distance;15;nom
disposer;15;ver
dalmate;15;adj
coucher;15;ver
contrã;15;nr
conspirateur;15;nom
compenser;15;ver
commerce;15;nom
cigogne;15;nom
chaise;15;nom
cerveau;15;nom
certaine;15;adj_ind
ble;15;nr
batterie;15;nom
bagne;15;nom
avis;15;nom
autrefois;15;pro_ind
attacher;15;ver
apporter;15;ver
aise;15;nom
africain;15;adj
adressã;15;nr
action;15;nom
2;15;num
vraiment;14;adv
volontiers;14;adv_sup
violence;14;nom
village;14;nom
usage;14;nom
tudes;14;nr
tude;14;nr
trangã;14;nr
trangers;14;nr
train;14;nom
thã;14;nr
terminer;14;ver
tenue;14;nom
superbe;14;adj
sentier;14;nom
ritiã;14;nr
rir;14;nr
retrouvã;14;nr
rencontre;14;nom
regagner;14;ver
reculer;14;ver
ral;14;nr
race;14;nom
provoquer;14;ver
profiter;14;ver
pital;14;nr
patio;14;nom
parent;14;nom
odieux;14;adj
obscur;14;adj
mouillã;14;nr
moqaddem;14;nr
moitiã;14;nr
moindre;14;adj_sup
malheureux;14;adj
maintenir;14;ver
lit;14;nom
lisiã;14;nr
ler;14;nr
lame;14;nom
intention;14;nom
intelligent;14;adj
impã;14;nr
histoire;14;nom
habiter;14;ver
ger;14;nr
frontiã;14;nr
france;14;nr
favorable;14;adj
entreprise;14;nom
dur;14;adj
double;14;adj
dix_sept;14;adj_num
costume;14;nom
correspondance;14;nom
compromettre;14;ver
commun;14;adj
colline;14;nom
ceux_ci;14;pro_dem
certains;14;adj_ind
ceci;14;pro_dem
bureau;14;nom
bre;14;nr
avenue;14;nom
avantage;14;nom
autrement;14;adv
arã;14;nr
armã;14;nr
achevã;14;nr
vieillard;13;nom
vider;13;ver
unique;13;adj
union;13;nom
troites;13;nr
troisiã;13;nr
triste;13;adj
trahir;13;ver
tournã;13;nr
tique;13;nom
territoire;13;nom
tapis;13;nom
taille;13;nom
succã;13;nr
soulever;13;ver
souffrir;13;ver
sommeil;13;nom
solut;13;nr
solu;13;nr
serrer;13;ver
sang_froid;13;nom
retã;13;nr
reprise;13;nom
repas;13;nom
redoutable;13;adj
reconnaissance;13;nom
ramener;13;ver
raconter;13;ver
quelquefois;13;adv_sup
prononcer;13;ver
probablement;13;adv
probable;13;adj
politique;13;nom
poche;13;nom
pliqua;13;nr
physionomie;13;nom
paratonnerre;13;nom
oser;13;ver
ordinaire;13;adj
onze;13;adj_num
oh;13;ono
nement;13;nr
naissance;13;nom
mouillage;13;nom
montã;13;nr
menace;13;nom
lectrique;13;nr
kencraf;13;nr
joli;13;adj
infã;13;nr
haine;13;nom
guliã;13;nr
grotta;13;nr
glise;13;nr
froidement;13;adv
foudre;13;nom
fil;13;nom
fier;13;ver
envoyer;13;ver
emportã;13;nr
empire;13;nom
durer;13;ver
duquel;13;pro_rel
destinã;13;nr
demandã;13;nr
curitã;13;nr
crime;13;nom
corse;13;adj
conscience;13;nom
conduite;13;nom
commencer;13;ver
colã;13;nr
chiffrer;13;ver
cheurs;13;nr
certaines;13;adj_ind
cercle;13;nom
cemment;13;nr
casemate;13;nom
brisã;13;nr
barquã;13;nr
attitude;13;nom
attaque;13;nom
aider;13;ver
acquedotto;13;nr
accoster;13;ver
acceptã;13;nr
vouement;12;nr
vingtaine;12;nom
venger;12;ver
vendre;12;ver
ussir;12;nr
us;12;nom
tuer;12;ver
sociã;12;nr
sitã;12;nr
sister;12;nr
singuliã;12;nr
siens;12;pro_pos
science;12;nom
sauter;12;ver
rive;12;nom
retirã;12;nr
ressource;12;nom
repousser;12;ver
reparaître;12;ver
renommã;12;nr
regretter;12;ver
recueillir;12;ver
rayon;12;nom
rapprochã;12;nr
rapprocher;12;ver
punir;12;ver
puisã;12;nr
prudence;12;nom
plupart;12;adv_sup
plaã;12;nr
physique;12;adj
onner;12;nr
officier;12;nom
obã;12;nr
morceau;12;nom
magnã;12;nr
lointain;12;adj
juger;12;ver
jugement;12;nom
intelligence;12;nom
instruction;12;nom
inattendu;12;adj
honnã;12;nr
gouffre;12;nom
fou;12;adj
flot;12;nom
faible;12;adj
facilement;12;adv
exiger;12;ver
envers;12;pre
emplir;12;ver
embrasure;12;nom
dition;12;nr
destination;12;nom
dessus;12;adv_sup
crire;12;nr
couloir;12;nom
couleur;12;nom
corde;12;nom
confiã;12;nr
citã;12;nr
cinquantaine;12;nom
choisir;12;ver
chiffre;12;nom
cheveu;12;nom
cherchã;12;nr
brindisi;12;nr
bordã;12;nr
barque;12;nom
assurã;12;nr
aspect;12;nom
antique;12;adj
algã;12;nr
affiliã;12;nr
affection;12;nom
zã;11;nr
vouã;11;nr
viter;11;nr
vigoureux;11;adj
tunis;11;nr
tournant;11;nom
tirã;11;nr
teindre;11;ver
suspendre;11;ver
surveillance;11;nom
surprise;11;nom
subir;11;ver
strik;11;nr
souper;11;ver
sortie;11;nom
sita;11;nr
sistance;11;nr
septentrional;11;adj
sept;11;adj_num
san;11;nr
ro;11;nr
rite;11;nom
rience;11;nr
retard;11;nom
ressac;11;nom
rendez_vous;11;nom
rence;11;nr
remarquer;11;ver
redouter;11;ver
recette;11;nom
ramper;11;ver
rade;11;nom
provence;11;nr
promettre;11;ver
proie;11;nom
pourvoir;11;ver
portion;11;nom
placã;11;nr
piste;11;nom
peutã;11;nr
nouement;11;nr
noble;11;adj
niveau;11;nom
muet;11;adj
monaco;11;nr
mission;11;nom
minaret;11;nom
millier;11;nom
mement;11;nr
maritime;11;adj
marchã;11;nr
mandã;11;nr
magyar;11;adj
lanterne;11;nom
lai;11;adj
juif;11;adj
juge;11;nom
intervention;11;nom
hardi;11;adj
hall;11;nom
guide;11;nom
goulette;11;nom
gagnã;11;nr
fusil;11;nom
fugiã;11;nr
fortin;11;nom
fortification;11;nom
fonds;11;nom
flanc;11;nom
fiã;11;nr
fameux;11;adj
espion;11;nom
espagne;11;nr
endormir;11;ver
deviner;11;ver
degrã;11;nr
curiositã;11;nr
crique;11;nom
couler;11;ver
cou;11;nom
coquin;11;nom
convoi;11;nom
continent;11;nom
concours;11;nom
complot;11;nom
cle;11;nr
chappa;11;nr
chacun;11;pro_ind
central;11;adj
ceinture;11;nom
caravane;11;nom
bres;11;nr
bourse;11;nom
bonheur;11;nom
bond;11;nom
blessã;11;nr
besogne;11;nom
bandit;11;nom
autoritã;11;nr
auberge;11;nom
association;11;nom
arrondir;11;ver
appel;11;nom
anã;11;nr
ancre;11;nom
admirable;11;adj
accusã;11;nr
absence;11;nom
3;11;num
1;11;num
voie;10;nom
vive;10;ono
visiblement;10;adv
vingt_quatre;10;adj_num
uvres;10;nr
tunisien;10;adj
troublã;10;nr
trer;10;nr
transporter;10;ver
tion;10;nr
tentative;10;nom
telles;10;adj_ind
teint;10;nom
tage;10;nr
suggestion;10;nom
souterrain;10;adj
soung;10;nr
soumettre;10;ver
slave;10;adj
sir;10;nom
sinon;10;con
signifier;10;ver
signalã;10;nr
savant;10;nom
salin;10;nom
risquã;10;nr
ridionale;10;nr
retomber;10;ver
repos;10;nom
rentrã;10;nr
refusã;10;nr
refus;10;nom
refermã;10;nr
refaire;10;ver
recouvrir;10;ver
ranger;10;ver
ramenã;10;nr
quent;10;nr
quelconque;10;adj_sup
putation;10;nr
pulsion;10;nom
provenã;10;nr
protã;10;nr
prodigieux;10;adj
principalement;10;adv
prier;10;ver
pratique;10;adj
portant;10;adj
plonger;10;ver
plateau;10;nom
plaque;10;nom
pendance;10;nr
pavillon;10;nom
parfois;10;adv_sup
parcourir;10;ver
ouvert;10;adj
nuage;10;nom
nieur;10;nr
nicolosi;10;nr
nergique;10;nr
naturellement;10;adv
n_est_ce_pas;10;adv_sup
mourant;10;adj
morale;10;nom
montagnard;10;nom
modã;10;nr
moderne;10;adj
mode;10;nom
militaire;10;adj
merci;10;ono
maroc;10;nr
manteau;10;nom
malheur;10;nom
machination;10;nom
logement;10;nom
larme;10;nom
jusqu_aux;10;nr
journal;10;nom
jeuner;10;nr
isolã;10;nr
intervenir;10;ver
interroger;10;ver
instruire;10;ver
installã;10;nr
importance;10;nom
humeur;10;nom
heureusement;10;adv
genre;10;nom
genou;10;nom
froid;10;adj
forcer;10;ver
flexion;10;nom
flamme;10;nom
faux;10;adj
faubourg;10;nom
falaise;10;nom
exercice;10;nom
exciter;10;ver
ettelã;10;nr
envahir;10;ver
entretenir;10;ver
entourer;10;ver
ensuite;10;adv_sup
enclave;10;nom
embarrassã;10;nr
duit;10;nom
domestique;10;nom
difficultã;10;nr
dedans;10;adv_sup
couper;10;ver
construire;10;ver
conducteur;10;nom
communiquer;10;ver
communication;10;nom
commencã;10;nr
cipiter;10;nr
cipita;10;nr
chute;10;nom
chantier;10;nom
chanson;10;nom
capable;10;adj
camarade;10;nom
caisse;10;nom
cabinet;10;nom
bois;10;nom
blessure;10;nom
beaucoup;10;adv_sup
bazar;10;nom
barquer;10;nr
baleiniã;10;nr
avouer;10;ver
aventurier;10;nom
aumã;10;nr
attaquer;10;ver
asile;10;nom
asie;10;nr
appui;10;nom
achever;10;ver
accident;10;nom
zara;9;nr
volcan;9;nom
vite;9;adv_sup
vin;9;nom
vilã;9;nr
ves;9;nr
vainement;9;adv
vague;9;nom
trouble;9;nom
trente_six;9;adj_num
tie;9;nr
sultat;9;nr
sonner;9;ver
soigneusement;9;adv
skifa;9;nr
sitation;9;nr
sistible;9;nr
silencieux;9;adj
sien;9;pro_pos
seuil;9;nom
semblable;9;adj
renseignement;9;nom
renfermã;9;nr
remontã;9;nr
reculã;9;nr
racine;9;nom
quatriã;9;nr
proposition;9;nom
proposer;9;ver
promenade;9;nom
profondã;9;nr
profit;9;nom
procã;9;nr
priã;9;nr
presser;9;ver
pressentir;9;ver
plaisir;9;nom
peur;9;nom
perpã;9;nr
payã;9;nr
partisan;9;nom
parage;9;nom
numã;9;nr
nt;9;nr
nettement;9;adv
mouiller;9;ver
motif;9;nom
milice;9;nom
mener;9;ver
malheureusement;9;adv
longueur;9;nom
longer;9;ver
laver;9;ver
lampe;9;nom
lait;9;nom
lac;9;nom
juillet;9;nom
joint;9;nom
intendant;9;nom
houle;9;nom
hongroise;9;nom
halte;9;ono
gion;9;nr
gain;9;nom
fraã;9;nr
formã;9;nr
fluide;9;adj
finitivement;9;nr
filet;9;nom
faveur;9;nom
fac;9;nom
exister;9;ver
exercer;9;ver
envie;9;nom
engager;9;ver
encã;9;nr
embrasser;9;ver
effroyable;9;adj
drale;9;nr
douteux;9;adj
domination;9;nom
dirigã;9;nr
diffã;9;nr
cuter;9;nr
cuivre;9;nom
cratã;9;nr
coutez;9;nr
contourner;9;ver
constituer;9;ver
consentement;9;nom
comptable;9;nom
composã;9;nr
commander;9;ver
combinaison;9;nom
colonne;9;nom
classe;9;nom
clairã;9;nr
cipitã;9;nr
cialement;9;nr
chien;9;nom
chanter;9;ver
celles;9;pro_dem
caverne;9;nom
causã;9;nr
cathã;9;nr
cart;9;nr
bruyant;9;adj
bref;9;adv
bassin;9;nom
aventurer;9;ver
ardent;9;adj
apprã;9;nr
appliquer;9;ver
application;9;nom
amitiã;9;nr
aimã;9;nr
administration;9;nom
accusation;9;nom
accueil;9;nom
accourir;9;ver
abord;9;nom
11;9;num
zingare;8;nr
vol;8;nom
veloppe;8;nr
vader;8;nr
utile;8;adj
tunisie;8;nr
touchã;8;nr
toit;8;nom
titre;8;nom
texte;8;nom
terrain;8;nom
tements;8;nr
tails;8;nr
tabli;8;nr
syracuse;8;nr
suffisant;8;adj
sud_est;8;nom
subitement;8;adv
sommet;8;nom
simile;8;nr
sifflet;8;nom
sidre;8;nr
senter;8;nr
sec;8;adj
salut;8;ono
saltimbanque;8;nom
saillie;8;nom
ruinã;8;nr
rude;8;adj
roulement;8;nom
roi;8;nom
rival;8;nom
rieusement;8;nr
richesse;8;nom
repartir;8;ver
remplir;8;ver
relier;8;ver
recommander;8;ver
rang;8;nom
rale;8;nr
prolonger;8;ver
prime;8;nom
possession;8;nom
ponses;8;nr
polyphã;8;nr
pluie;8;nom
plongã;8;nr
plaisance;8;nom
peindre;8;ver
patron;8;nom
patience;8;nom
particulier;8;adj
partager;8;ver
pardonner;8;ver
pardon;8;ono
paratifs;8;nr
paludier;8;nom
ouverture;8;nom
otrante;8;nr
orage;8;nom
opinion;8;nom
occupant;8;nom
obstacle;8;nom
observã;8;nr
objet;8;nom
novembre;8;nom
noter;8;ver
nord_ouest;8;nom
neige;8;nom
nagã;8;nr
nager;8;ver
munition;8;nom
moral;8;adj
montrã;8;nr
minuit;8;nom
merveilleux;8;adj
maximum;8;nom
manifester;8;ver
magnifique;8;adj
loigner;8;nr
loi;8;nom
locande;8;nr
liã;8;nr
liquide;8;nom
lieue;8;nom
lentement;8;adv
lectric;8;nr
karst;8;nr
jugã;8;nr
issue;8;nom
inã;8;nr
intervalle;8;nom
instruit;8;adj
instinct;8;nom
indiquã;8;nr
inconvã;8;nr
incessamment;8;adv
impression;8;nom
impossibilitã;8;nr
habituã;8;nr
grotte;8;nom
globe;8;nom
galã;8;nr
fuite;8;nom
fugier;8;nr
frais;8;adj
forcã;8;nr
forain;8;adj
faute;8;nom
excellence;8;nom
essayã;8;nr
ens;8;nr
ennemi;8;nom
enlevã;8;nr
engin;8;nom
engagã;8;nr
embouchure;8;nom
dresser;8;ver
dizaine;8;nom
divan;8;nom
dissimuler;8;ver
disparition;8;nom
dimanche;8;nom
destruction;8;nom
dent;8;nom
dangereux;8;adj
croix;8;nom
croiser;8;ver
crampon;8;nom
coute;8;nr
coutait;8;nr
courtier;8;nom
copie;8;nom
contrefort;8;nom
construction;8;nom
congã;8;nr
conclure;8;ver
composer;8;ver
commandã;8;nr
charbon;8;nom
cessitã;8;nr
casino;8;nom
carthage;8;nr
carte;8;nom
cabine;8;nom
brusquement;8;adv
brume;8;nom
briller;8;ver
bateau;8;nom
auxquelles;8;pro_rel
audacieux;8;adj
assiã;8;nr
arrachã;8;nr
apparition;8;nom
amarre;8;nom
allemand;8;adj
alablement;8;nr
affirmer;8;ver
admirer;8;ver
ade;8;nr
aboutir;8;ver
1867;8;num
zone;7;nom
visage;7;nom
veste;7;nom
verser;7;ver
verdure;7;nom
vengeance;7;nom
veillã;7;nr
utiliser;7;ver
type;7;nom
turc;7;adj
turbie;7;nr
troubler;7;ver
tracã;7;nr
torche;7;nom
tonner;7;ver
tiroir;7;nom
tiens;7;ono
tempã;7;nr
teaux;7;nr
surveillã;7;nr
supposer;7;ver
suicide;7;nom
suggã;7;nr
sous_marin;7;adj
sourire;7;nom
siter;7;nr
serrã;7;nr
sensible;7;adj
secousse;7;nom
sauvage;7;adj
santã;7;nr
ros;7;nr
romain;7;adj
robuste;7;adj
ritables;7;nr
revers;7;nom
respect;7;nom
reporter;7;nom
remuer;7;ver
remords;7;nom
relativement;7;adv
redresser;7;ver
redescendre;7;ver
rattacher;7;ver
rassurer;7;ver
rare;7;adj
rapiditã;7;nr
rance;7;adj
raisonnement;7;nom
queue;7;nom
quarantaine;7;nom
prouvã;7;nr
prononã;7;nr
prochain;7;adj
pression;7;nom
pittoresque;7;adj
pit;7;nr
pesth;7;nr
paître;7;ver
paver;7;ver
paupiã;7;nr
patriote;7;nom
palais;7;nom
osã;7;nr
orient;7;nom
oles;7;nr
office;7;nom
occidental;7;adj
oasis;7;nom
nuire;7;ver
nu;7;adj
nouvel;7;adj
noncã;7;nr
nomade;7;nom
nice;7;nom
moyenne;7;nom
minutieux;7;adj
mineur;7;adj
mince;7;ono
mienne;7;pro_pos
mesurer;7;ver
mental;7;adj
manza;7;nr
manquã;7;nr
mai;7;nom
lune;7;nom
lourd;7;adj
lors;7;adv_sup
lion;7;nom
lien;7;nom
largement;7;adv
langage;7;nom
jouã;7;nr
jeunesse;7;nom
ivre;7;adj
instrument;7;nom
insensible;7;adj
indiffã;7;nr
incognito;7;adv
incessant;7;adj
imprã;7;nr
imposer;7;ver
illuminer;7;ver
habile;7;adj
gouvernail;7;nom
gende;7;nr
gendarmerie;7;nom
gare;7;ono
galement;7;nr
gale;7;nom
fouiller;7;ver
forã;7;nr
fonder;7;ver
fleur;7;nom
fatigue;7;nom
explosion;7;nom
explication;7;nom
excã;7;nr
excellent;7;adj
examiner;7;ver
envelopper;7;ver
enfonã;7;nr
enfermã;7;nr
empressement;7;nom
electrics;7;nr
el;7;nr
drã;7;nr
douloureux;7;adj
district;7;nom
disparaã;7;nr
discuter;7;ver
destinataire;7;nom
dessein;7;nom
decins;7;nr
debout;7;adv_sup
croisillon;7;nom
crainte;7;nom
couvent;7;nom
coque;7;nom
convenance;7;nom
convaincre;7;ver
continu;7;adj
consolation;7;nom
conservã;7;nr
confier;7;ver
complication;7;nom
colonel;7;nom
cipitamment;7;nr
chir;7;nr
chapeau;7;nom
champ;7;nom
centrale;7;nom
cellier;7;nom
carton;7;nom
carter;7;nom
caprice;7;nom
cadavre;7;nom
brun;7;adj
bourg;7;nom
boule;7;nom
borne;7;nom
border;7;ver
boniment;7;nom
bohã;7;nr
biã;7;nr
bec;7;nom
banc;7;nom
balancelle;7;nom
autrichiens;7;pro_ind
audace;7;nom
attirã;7;nr
attachã;7;nr
atmosphã;7;nr
athlã;7;nr
assister;7;ver
artillerie;7;nom
art;7;nom
arcade;7;nom
apportã;7;nr
appelã;7;nr
appartement;7;nom
animã;7;nr
animer;7;ver
angoisse;7;nom
alvã;7;nr
allonger;7;ver
alisã;7;nr
agiter;7;ver
agile;7;adj
adieu;7;nom
actuel;7;adj
accord;7;nom
accomplissement;7;nom
abominable;7;adj
zi;6;nr
voyager;6;ver
vitã;6;nr
visiteur;6;nom
visible;6;adj
vingt_cinq;6;adj_num
vertu;6;nom
vert;6;adj
vallã;6;nr
usã;6;nr
ussi;6;nr
tuã;6;nr
truite;6;nom
trou;6;nom
triser;6;nr
transport;6;nom
tranquille;6;adj
traitã;6;nr
touchant;6;adj
tonneau;6;nom
tonation;6;nr
timents;6;nr
tiez;6;nr
ti;6;nr
terrestre;6;adj
talent;6;nom
tachement;6;nr
sympathie;6;nom
surhumain;6;adj
suprã;6;nr
sud_ouest;6;nom
successivement;6;adv
succession;6;nom
subvenir;6;ver
soustraire;6;ver
sourd;6;adj
souffrance;6;nom
sormais;6;nr
sistiblement;6;nr
signification;6;nom
servã;6;nr
senta;6;nr
seigneur;6;nom
sauf;6;pre
satisfaire;6;ver
satisfaction;6;nom
sahara;6;nr
sacrifier;6;ver
ruisseau;6;nom
rompre;6;ver
rocheux;6;adj
roc;6;nom
rison;6;nr
rielle;6;nr
renoncã;6;nr
renfermer;6;ver
redevenir;6;ver
reconduire;6;ver
rayer;6;ver
ralentir;6;ver
rage;6;nom
prudent;6;adj
provoquã;6;nr
providence;6;nom
prophã;6;nr
propager;6;ver
programme;6;nom
privã;6;nr
pressã;6;nr
pouvantã;6;nr
poussiã;6;nr
portiã;6;nr
pola;6;nr
poisson;6;nom
poids;6;nom
pleurer;6;ver
plaire;6;ver
placer;6;ver
pitiã;6;nr
perche;6;nom
originaire;6;adj
ordonner;6;ver
occupation;6;nom
noyã;6;nr
notable;6;adj
nord_est;6;nom
ninsule;6;nr
nez;6;nom
nait;6;nr
multiple;6;adj
monã;6;nr
monument;6;nom
modifier;6;ver
menacã;6;nr
membre;6;nom
maudit;6;adj
matinã;6;nr
matelot;6;nom
mariã;6;nr
maladie;6;nom
lloyd;6;nom
lier;6;ver
leã;6;nr
lectriques;6;nr
joyeux;6;adj
jaune;6;adj
ironiquement;6;adv
invitã;6;nr
invisible;6;adj
interdire;6;ver
instantanã;6;nr
insolent;6;adj
inquiet;6;adj
inerte;6;adj
indiscrã;6;nr
indigã;6;nr
inde;6;nom
impatience;6;nom
humble;6;adj
horreur;6;nom
hisser;6;ver
herbe;6;nom
hausser;6;ver
guetter;6;ver
gravement;6;adv
graphe;6;nom
gozzo;6;nr
gasque;6;nr
fumã;6;nr
fruit;6;nom
froideur;6;nom
franciscain;6;adj
foyer;6;nom
feuille;6;nom
fantaisie;6;nom
exemple;6;nom
exact;6;adj
estrade;6;nom
estomac;6;nom
estimer;6;ver
enveloppe;6;nom
emprisonnã;6;nr
effrayant;6;adj
doucement;6;adv
doublã;6;nr
dos;6;nom
don;6;nom
dominã;6;nr
djins;6;nr
diã;6;nr
dirigeant;6;nom
directeur;6;nom
direct;6;adj
del;6;nr
dalmatie;6;nr
cryptogramme;6;nom
crochet;6;nom
crivit;6;nr
criminel;6;adj
creuser;6;ver
couter;6;nr
corniche;6;nom
contour;6;nom
constatã;6;nr
confins;6;nom
concerner;6;ver
compromis;6;nom
complet;6;adj
commettre;6;ver
combat;6;nom
colon;6;nom
client;6;nom
clat;6;nr
cime;6;nom
cifs;6;nr
cider;6;nr
choix;6;nom
choc;6;nom
chenal;6;nom
chanteur;6;nom
celle_ci;6;pro_dem
cavalier;6;nom
cassone;6;nr
carpathes;6;nr
caillou;6;nom
branlã;6;nr
boã;6;nr
boulet;6;nom
borner;6;ver
blures;6;nr
blottir;6;ver
bloc;6;nom
bleu;6;adj
benito;6;nr
ben;6;nom_sup
barre;6;nom
banquette;6;nom
aventure;6;nom
avancã;6;nr
avance;6;nom
autorisation;6;nom
auteur;6;nom
auparavant;6;adv_sup
attraction;6;nom
atlantique;6;adj
associer;6;ver
artiste;6;nom
appuyã;6;nr
appuyer;6;ver
aplomb;6;nom
animal;6;nom
angleterre;6;nom
altitude;6;nom
aliser;6;nr
al;6;nr
aisance;6;nom
aile;6;nom
agenouiller;6;ver
affaiblir;6;ver
actuellement;6;adv
accoutrement;6;nom
accorder;6;ver
abaisser;6;ver
6;6;num
18;6;num
zig;5;nom
zags;5;nr
yousouf;5;nr
yole;5;nom
yet;5;nr
vouer;5;ver
vorã;5;nr
voisinage;5;nom
vivacitã;5;nr
violemment;5;adv
vingt_sept;5;adj_num
vingt_deux;5;adj_num
vigie;5;nom
venise;5;nom
veloppait;5;nr
valeur;5;nom
urent;5;nr
uniquement;5;adv
uni;5;adj
tribord;5;nom
trembler;5;ver
treize;5;adj_num
transportã;5;nr
tranquillement;5;adv
tourbillon;5;nom
torpilleur;5;nom
tonnerre;5;nom
tonnera;5;nr
tonnant;5;adj
tir;5;nom
tention;5;nr
tension;5;nom
tandis_qu;5;con
tallique;5;nr
tages;5;nr
surplus;5;nom
supporter;5;ver
sulta;5;nr
suleyman;5;nr
suffisamment;5;adv
succomber;5;ver
substituer;5;ver
street;5;nr
strada;5;nr
stein;5;nr
station;5;nom
square;5;nom
souffler;5;ver
solitude;5;nom
soldat;5;nom
soie;5;nom
sire;5;nom
singulier;5;adj
signature;5;nom
serte;5;nr
senglea;5;nr
selon;5;pre
seize;5;adj_num
saxonia;5;nr
sacrifice;5;nom
rouvrir;5;ver
roulant;5;adj
riode;5;nr
riel;5;nom
rez;5;pre
revolver;5;nom
reuse;5;nr
retombã;5;nr
retentir;5;ver
resser;5;nr
ressembler;5;ver
respiration;5;nom
reproduire;5;ver
rents;5;nr
renouveler;5;ver
renoncer;5;ver
regardã;5;nr
rechercher;5;ver
ras;5;adj
quoique;5;con
quoiqu;5;nr
quelques_uns;5;pro_ind
puits;5;nom
puiser;5;ver
promptement;5;adv
promontoire;5;nom
profondeur;5;nom
procurer;5;ver
poã;5;nr
pli;5;nom
plage;5;nom
piquer;5;ver
pilote;5;nom
piazza;5;nom
piano;5;nom
philosophe;5;nom
phare;5;nom
pensif;5;adj
pencher;5;ver
peau;5;nom
pavã;5;nr
patriotisme;5;nom
patrie;5;nom
paternel;5;adj
pari;5;nom
pargnã;5;nr
parfait;5;adj
paration;5;nr
parapet;5;nom
panorama;5;nom
pan;5;nom
ouvrier;5;nom
orientation;5;nom
oranger;5;nom
orange;5;nom
opposer;5;ver
onnã;5;nr
olivier;5;nom
obstinã;5;nr
obsession;5;nom
observateur;5;nom
ns;5;nr
nourrir;5;ver
note;5;nom
niche;5;nom
narsos;5;nr
nant;5;nom
mule;5;nom
momentanã;5;nr
moire;5;nom
modifiã;5;nr
miracle;5;nom
mine;5;nom
millionnaire;5;adj
milicien;5;nom
meuble;5;nom
mesurã;5;nr
messin;5;adj
menchiã;5;nr
mauresque;5;adj
marquã;5;nr
marquer;5;ver
marbre;5;nom
majoritã;5;nr
maigre;5;adj
magasin;5;nom
luxe;5;nom
londres;5;nr
lice;5;nom
lectrics;5;nr
lectricitã;5;nr
latã;5;nr
largeur;5;nom
lancement;5;nom
lagon;5;nom
khouã;5;nr
jouissance;5;nom
jongler;5;ver
joindre;5;ver
jambe;5;nom
istrienne;5;nr
irritation;5;nom
ir;5;nr
invitation;5;nom
invincible;5;adj
intimement;5;adv
interminable;5;adj
instinctivement;5;adv
installer;5;ver
inspirer;5;ver
infranchissable;5;adj
information;5;nom
inexplicable;5;adj
indice;5;nom
incomprã;5;nr
incliner;5;ver
incarcã;5;nr
impudent;5;adj
ile;5;nr
humide;5;adj
honorable;5;adj
hier;5;adv_sup
hein;5;ono
hautain;5;adj
haie;5;nom
hacho;5;nr
habit;5;nom
guyarre;5;nr
grossir;5;ver
grondement;5;nom
grimper;5;ver
grec;5;nom
gravir;5;ver
gorge;5;nom
gle;5;nr
ghã;5;nr
gentleman;5;nom
geants;5;nr
ganter;5;ver
fuseau;5;nom
funã;5;nr
front;5;nom
fonctionner;5;ver
fonctionnaire;5;nom
fonction;5;nom
folie;5;nom
foc;5;nom
fleuve;5;nom
fixer;5;ver
fidã;5;nr
ficier;5;nr
fice;5;nr
fatiguã;5;nr
faillir;5;ver
exploiter;5;ver
existã;5;nr
exerã;5;nr
exercã;5;nr
exceptã;5;nr
escouade;5;nom
escale;5;nom
envoler;5;ver
enveloppã;5;nr
entã;5;nr
entourã;5;nr
ensuivre;5;ver
ennui;5;nom
enne;5;nr
endormi;5;adj
emploi;5;nom
embarquement;5;nom
embargo;5;nom
effacer;5;ver
drap;5;nom
doux;5;adj
douanier;5;nom
doigt;5;nom
djã;5;nr
diat;5;nr
devinã;5;nr
deuxiã;5;nr
deuil;5;nom
dessiner;5;ver
dessert;5;nom
descente;5;nom
demi_heure;5;nom
dame;5;nom
cutã;5;nr
cuisine;5;nom
cueils;5;nr
croupier;5;nom
croisã;5;nr
crites;5;nr
crit;5;nr
coutã;5;nr
couteau;5;nom
court;5;adj
courber;5;ver
couchã;5;nr
cosmopolite;5;adj
corso;5;nom
contraste;5;nom
contrarier;5;ver
continuã;5;nr
constant;5;adj
confrã;5;nr
confort;5;nom
condamnation;5;nom
comptã;5;nr
compagnie;5;nom
colorã;5;nr
colonnette;5;nom
clou;5;nom
clatã;5;nr
clats;5;nr
claration;5;nr
civil;5;adj
cirque;5;nom
ciaux;5;nr
choir;5;ver
chissait;5;nr
chiffrable;5;adj
chaud;5;adj
chant;5;nom
chacune;5;pro_ind
certes;5;adv_sup
cendre;5;nom
casser;5;ver
carnet;5;nom
capricieux;5;adj
cape;5;nom
calquer;5;ver
calcul;5;nom
bude;5;nr
branlable;5;nr
branche;5;nom
botte;5;nom
bondir;5;ver
boire;5;ver
blancheur;5;nom
bijoux;5;nom
barqua;5;nr
baraque;5;nom
balanã;5;nr
baigner;5;ver
bah;5;ono
aviser;5;ver
aveugle;5;adj
austro_hongrois;5;adj
auprã;5;nr
attentivement;5;adv
assourdissant;5;adj
assidu;5;adj
ardeur;5;nom
arbuste;5;nom
appliquã;5;nr
annonã;5;nr
altã;5;nr
allure;5;nom
allumã;5;nr
allumer;5;ver
alarme;5;nom
agilitã;5;nr
activement;5;adv
actif;5;adj
accumulã;5;nr
accent;5;nom
absent;5;adj
abriter;5;ver
abattre;5;ver
9;5;num
4;5;num
yets;4;nr
vre;4;nr
vraisemblablement;4;adv
vorait;4;nr
volã;4;nr
vision;4;nom
virer;4;ver
vigueur;4;nom
vigne;4;nom
vidence;4;nr
vibrer;4;ver
verre;4;nom
vaincre;4;ver
utilement;4;adv
urs;4;nr
universitã;4;nr
unes;4;pro_ind
ue;4;nr
tuelles;4;nr
trouã;4;nr
trompã;4;nr
troitement;4;nr
triangle;4;nom
tressaillir;4;ver
trentaine;4;nom
trave;4;nom
trange;4;nr
traiter;4;ver
traitement;4;nom
touriste;4;nom
touffer;4;nr
tonnã;4;nr
tonnement;4;nr
tombeau;4;nom
timonier;4;nom
tendance;4;nom
tellement;4;adv
telier;4;nr
teinte;4;nom
teignirent;4;nr
tanger;4;nr
taires;4;nr
tail;4;nr
tacher;4;ver
tablie;4;nr
surplomber;4;ver
surnaturel;4;nom
surmontã;4;nr
surlendemain;4;nom
suer;4;ver
stã;4;nr
statue;4;nom
stadion;4;nr
splendide;4;adj
souverain;4;nom
souriant;4;adj
soulã;4;nr
songã;4;nr
solidement;4;adv
soixante;4;adj_num
soif;4;nom
sitait;4;nr
siste;4;nr
sisme;4;nr
sireux;4;nr
sinueux;4;adj
singe;4;nom
signaler;4;ver
sidait;4;nr
septembre;4;nom
sentinelle;4;nom
sentence;4;nom
sensiblement;4;adv
semis;4;nom
secouer;4;ver
secondaire;4;adj
scorie;4;nom
scellã;4;nr
saisissant;4;adj
sain;4;adj
sadowa;4;nr
sacrifiã;4;nr
ruse;4;nom
ruelle;4;nom
rome;4;nr
ritage;4;nr
ristyle;4;nr
rilleuse;4;nr
ril;4;nr
rieures;4;nr
rieurement;4;nr
rhã;4;nr
restreindre;4;ver
restant;4;nom
ressã;4;nr
ressentir;4;ver
respirer;4;ver
repoussã;4;nr
reparaã;4;nr
renaã;4;nr
remontant;4;nom
remerciement;4;nom
rejeter;4;ver
regrettable;4;adj
regret;4;nom
recrue;4;nom
recommencer;4;ver
recommandation;4;nom
rapportã;4;nr
rant;4;nr
ranimer;4;ver
rampe;4;nom
rallier;4;ver
raidir;4;ver
rafale;4;nom
rabattre;4;ver
quilibre;4;nr
quences;4;nr
quence;4;nr
quatorze;4;adj_num
quarante_deux;4;adj_num
quantitã;4;nr
prudemment;4;adv
protection;4;nom
proprement;4;adv
proportion;4;nom
promesse;4;nom
promenã;4;nr
projetã;4;nr
projectile;4;nom
profitã;4;nr
produit;4;nom
prodige;4;nom
pressant;4;adj
pouvante;4;nr
poursuite;4;nom
poumon;4;nom
pouce;4;nom
possibilitã;4;nr
portefaix;4;nom
poignã;4;nr
plat;4;adj
plaisanterie;4;nom
plaindre;4;ver
pis;4;adv_sup
pic;4;nom
peuple;4;nom
pesã;4;nr
peser;4;ver
personnellement;4;adv
permanent;4;adj
penchã;4;nr
peloton;4;nom
paule;4;nr
parses;4;nr
parcours;4;nom
palier;4;nom
paisseur;4;nr
ottoman;4;adj
octobre;4;nom
obliquement;4;adv
o;4;nom_sup
nulle;4;adj_ind
noyer;4;ver
neuviã;4;nr
net;4;adj
neaux;4;nr
navigation;4;nom
nationalitã;4;nr
natal;4;adj
naient;4;nr
musulman;4;adj
multicolore;4;adj
mugissement;4;nom
mouvoir;4;ver
mouton;4;nom
mortellement;4;adv
mortel;4;nom
mordre;4;ver
monie;4;nr
moin;4;nr
moigner;4;nr
missionnaire;4;nom
misaine;4;nom
miens;4;pro_pos
mi;4;nom_sup
meurtre;4;nom
messager;4;nom
menã;4;nr
ments;4;nr
mellã;4;nr
matiã;4;nr
marchand;4;nom
marabout;4;nom
manifestã;4;nr
mander;4;ver
malfaiteur;4;nom
lutteur;4;nom
lumineux;4;adj
lucarne;4;nom
louis;4;nom
livre;4;nom
liorer;4;nr
librement;4;adv
lendeck;4;nr
lecture;4;nom
latitude;4;nom
langã;4;nr
langer;4;ver
laine;4;nom
lago;4;nr
justicier;4;nom
just;4;nr
jaillir;4;ver
irritã;4;nr
invraisemblable;4;adj
intact;4;adj
insuffisant;4;adj
inspirã;4;nr
insistance;4;nom
insensã;4;nr
inoccupã;4;nr
informã;4;nr
infiniment;4;adv
infini;4;adj
incrã;4;nr
incontestable;4;adj
inconsciemment;4;adv
incertain;4;adj
imprimer;4;ver
impatient;4;adj
impatiemment;4;adv
impassible;4;adj
imminent;4;adj
illyrie;4;nr
illusion;4;nom
ignorã;4;nr
hutte;4;nom
humus;4;nom
huile;4;nom
horrible;4;adj
honorer;4;ver
historique;4;adj
heurter;4;ver
herzã;4;nr
hensible;4;nr
haleine;4;nom
habitã;4;nr
gumes;4;nr
guliers;4;nr
gres;4;nr
grandeur;4;nom
grain;4;nom
govine;4;nr
gociants;4;nr
glissant;4;adj
glises;4;nr
girouette;4;nom
gendre;4;nom
garde;4;nom
garantie;4;nom
gant;4;nom
gamin;4;nom
gaillard;4;nom
fuser;4;ver
fureur;4;nom
fractaires;4;nr
fortifiã;4;nr
formel;4;adj
foncã;4;nr
foire;4;nom
flottant;4;adj
figurer;4;ver
fices;4;nr
faz;4;nr
fatalitã;4;nr
fanal;4;nom
faillite;4;nom
factionnaire;4;nom
facilitã;4;nr
faciliter;4;ver
exprimer;4;ver
exposer;4;ver
exagã;4;nr
exactement;4;adv
etc;4;adv
escorte;4;nom
escabeau;4;nom
entrevoir;4;ver
enthousiasme;4;nom
enterrement;4;nom
entassement;4;nom
enfermer;4;ver
encablure;4;nom
emparã;4;nr
emmenã;4;nr
emmener;4;ver
embarras;4;nom
effrayã;4;nr
effectuer;4;ver
dynamite;4;nom
durã;4;nr
durant;4;pre
duite;4;nr
duire;4;nr
ducation;4;nr
dressã;4;nr
dominant;4;adj
distraire;4;ver
distinguer;4;ver
dissipã;4;nr
dissiper;4;ver
disputer;4;ver
discrã;4;nr
diminuer;4;ver
dessin;4;nom
desquels;4;pro_rel
descendant;4;nom
demeurã;4;nr
decine;4;nr
dant;4;nr
daigner;4;ver
daient;4;nr
cuire;4;ver
croupe;4;nom
crise;4;nom
creusã;4;nr
craser;4;nr
course;4;nom
courbe;4;nom
couramment;4;adv
courageux;4;adj
correspondre;4;ver
correspondant;4;nom
contrecoup;4;nom
contraindre;4;ver
contester;4;ver
content;4;adj
constater;4;ver
consigne;4;nom
confusã;4;nr
confondre;4;ver
confidence;4;nom
condamine;4;nr
concert;4;nom
concentrer;4;ver
compliment;4;nom
complicitã;4;nr
commandement;4;nom
combattre;4;ver
clown;4;nom
clore;4;ver
clartã;4;nr
cision;4;nr
circuler;4;ver
cipitait;4;nr
cigarette;4;nom
cigare;4;nom
cieux;4;nom
chouã;4;nr
chevelure;4;nom
chevalier;4;nom
chaudiã;4;nr
chassã;4;nr
chasseur;4;nom
chasse;4;nom
charme;4;nom
charmant;4;adj
changement;4;nom
chaleur;4;nom
cesse;4;nom
cercueil;4;nom
cembre;4;nr
caserne;4;nom
caresser;4;ver
calpã;4;nr
cafã;4;nr
caboteurs;4;nr
broussaille;4;nom
brouhaha;4;nom
brisant;4;adj
brillant;4;adj
bravo;4;ono
boutique;4;nom
bonnet;4;nom
bonjour;4;nom
blanchã;4;nr
blanchir;4;ver
bizarre;4;adj
bel;4;adj
beautã;4;nr
basalte;4;nom
barreau;4;nom
barquaient;4;nr
barbaresque;4;nom
baissã;4;nr
baisser;4;ver
baiser;4;ver
aã;4;nr
aviron;4;nom
aveu;4;nom
aucunement;4;adv_sup
attribuer;4;ver
attaquã;4;nr
assistance;4;nom
assaut;4;nom
ascensionnistes;4;nr
ascendant;4;adj
arsenal;4;nom
aride;4;adj
architecture;4;nom
archipel;4;nom
apparence;4;nom
appareiller;4;ver
aoã;4;nr
ante;4;nom
amont;4;nom
amateur;4;nom
alternative;4;nom
allongã;4;nr
alger;4;nr
alerte;4;ono
ajourã;4;nr
aigu;4;adj
agenouillã;4;nr
affã;4;nr
adroitement;4;adv
administratif;4;adj
acquérir;4;ver
acoustique;4;nom
acheter;4;ver
accuser;4;ver
accumulateur;4;nom
accrocher;4;ver
accompli;4;adj
absorbã;4;nr
abaissement;4;nom
8;4;num
5;4;num
21;4;num
20;4;num
17;4;num
16;4;num
10;4;num
volte;3;nom
volontairement;3;adv
voler;3;ver
voilure;3;nom
voiler;3;ver
visitã;3;nr
vinticello;3;nr
victoire;3;nom
veston;3;nom
vertige;3;nom
verticale;3;nom
verdã;3;nr
ver;3;nom
ventualitã;3;nr
veil;3;nr
variã;3;nr
vanter;3;ver
vanouie;3;nr
valet;3;nom
vaillant;3;adj
va_et_vient;3;nom
ussit;3;nr
user;3;ver
tunnel;3;nom
tudier;3;nr
tripot;3;nom
triple;3;adj
triomphe;3;nom
trinquette;3;nom
tribunal;3;nom
tribu;3;nom
tresse;3;nom
trempã;3;nr
tremblement;3;nom
treinte;3;nr
travaillã;3;nr
trajet;3;nom
traient;3;nr
traduire;3;ver
tracer;3;ver
tourmenter;3;ver
touffe;3;nom
torpille;3;nom
torpeur;3;nom
tonne;3;nom
toffes;3;nr
toffe;3;nr
tincelle;3;nr
ties;3;nr
thonines;3;nr
terreur;3;nom
terranã;3;nr
terme;3;nom
tente;3;nom
tats;3;nr
tas;3;nom
tardã;3;nr
tambour;3;nom
talon;3;nom
taillã;3;nr
tacha;3;nr
tablissements;3;nr
tablis;3;nr
tablies;3;nr
syrtiques;3;nr
surcroã;3;nr
sumã;3;nr
sulter;3;nr
sultan;3;nom
suggestif;3;adj
substruction;3;nom
style;3;nom
splendeur;3;nom
source;3;nom
soulevã;3;nr
souffle;3;nom
soudre;3;nr
souci;3;nom
sou;3;nom
sordre;3;nr
somptueux;3;adj
solus;3;nr
solurent;3;nr
solue;3;nr
solfatare;3;nom
soigner;3;ver
smyrne;3;nr
sirait;3;nr
sion;3;nr
signer;3;ver
siffler;3;ver
sie;3;nr
sides;3;nr
sident;3;nr
serrure;3;nom
serra;3;nom
serpent;3;nom
sentation;3;nr
semã;3;nr
selle;3;nom
seiziã;3;nr
secte;3;nom
schiste;3;nom
saã;3;nr
saurer;3;ver
sappointement;3;nr
sanguinaire;3;adj
sagesse;3;nom
sachet;3;nom
sabre;3;nom
ruption;3;nr
rouleau;3;nom
roue;3;nom
rosena;3;nr
ronde;3;nom
rivaliser;3;ver
ritent;3;nr
ritait;3;nr
ritablement;3;nr
riple;3;nr
rimã;3;nr
rifier;3;nr
rif;3;nom
riers;3;nr
ride;3;nom
revanche;3;nom
retournã;3;nr
ressort;3;nom
resserrã;3;nr
ressemblance;3;nom
ressait;3;nr
ressaient;3;nr
respectã;3;nr
rerait;3;nr
reportã;3;nr
renvoyã;3;nr
rente;3;nom
renouvelã;3;nr
renonã;3;nr
remplacã;3;nr
remous;3;nom
rembourser;3;ver
religieux;3;adj
relayer;3;ver
relatif;3;adj
relais;3;nom
recrutã;3;nr
recruter;3;ver
reconstituã;3;nr
recherchã;3;nr
reale;3;nr
raturer;3;ver
raser;3;ver
rapprochement;3;nom
rangã;3;nr
ramification;3;nom
rales;3;nr
raide;3;adj
ragusains;3;nr
racontã;3;nr
racoler;3;ver
racheter;3;ver
questre;3;nr
quentã;3;nr
quarnero;3;nr
quarante_huit;3;adj_num
purement;3;adv
puisement;3;nr
provision;3;nom
provenir;3;ver
protester;3;ver
promã;3;nr
projeter;3;ver
projection;3;nom
progrã;3;nr
profiler;3;ver
profession;3;nom
production;3;nom
problã;3;nr
privilã;3;nr
principautã;3;nr
prince;3;nom
primer;3;ver
presbourg;3;nr
pratiquã;3;nr
pratiquer;3;ver
pouser;3;nr
poupe;3;nom
pou;3;nom
poterie;3;nom
postã;3;nr
portique;3;nom
portefeuille;3;nom
pompe;3;nom
polacres;3;nr
poignet;3;nom
plocce;3;nr
plique;3;nom
plier;3;ver
plantã;3;nr
plain;3;nom
placement;3;nom
pitre;3;nom
pistolet;3;nom
pirano;3;nr
pillage;3;nom
pignon;3;nom
pide;3;nr
pesant;3;adj
personnalitã;3;nr
perdu;3;adj
per;3;nr
paysan;3;nom
patient;3;nom
partagã;3;nr
paroxysme;3;nom
pargner;3;nr
parations;3;nr
paralysã;3;nr
parade;3;nom
pantalon;3;nom
palerme;3;nr
paisse;3;nr
pain;3;nom
ouïr;3;ver
outil;3;nom
organisã;3;nr
organiser;3;ver
ordinairement;3;adv
orchestre;3;nom
orageux;3;adj
opulent;3;adj
ombragã;3;nr
ombrage;3;nom
ocã;3;nr
obsã;3;nr
oblique;3;adj
obligation;3;nom
nå;3;nr
nourriture;3;nom
normal;3;adj
nonã;3;nr
nerveux;3;adj
nerf;3;nom
naviguer;3;ver
natif;3;nom
må;3;nr
mustapha;3;nr
musique;3;nom
mu;3;nr
mouvant;3;adj
mosaã;3;nr
montant;3;nom
montagneux;3;adj
moignage;3;nr
mohammed;3;nr
mlle;3;nom_sup
miradores;3;nr
miner;3;ver
militairement;3;adv
mie;3;nom
meurtrier;3;nom
meublã;3;nr
maudire;3;ver
maturã;3;nr
marã;3;nr
martingale;3;nom
marse;3;nr
marine;3;adj
mandat;3;nom
mamelon;3;nom
malin;3;adj
malaga;3;nom
maigrir;3;ver
magistrat;3;nom
madragues;3;nr
mademoiselle;3;nom
lybien;3;nr
luimã;3;nr
loignement;3;nr
loge;3;nom
littã;3;nr
liquider;3;ver
liorã;3;nr
lieutenant;3;nom
lentisque;3;nom
lecteur;3;nom
lateur;3;nr
landeck;3;nr
kirttienne;3;nr
kilo;3;nom
k;3;nom
juridiction;3;nom
jumeau;3;nom
jauger;3;ver
jarre;3;nom
jargon;3;nom
jadis;3;adv_sup
itã;3;nr
istria;3;nr
intrã;3;nr
intime;3;adj
interrogã;3;nr
interrogatoire;3;nom
interdit;3;adj
intensitã;3;nr
intense;3;adj
insurmontable;3;adj
insuffisamment;3;adv
installation;3;nom
inspection;3;nom
innombrable;3;adj
innocent;3;adj
individu;3;nom
indiscutable;3;adj
indigne;3;adj
incrustã;3;nr
incomparable;3;adj
inclinã;3;nr
incertitude;3;nom
incapable;3;adj
in;3;adj_sup
imã;3;nr
imprenable;3;adj
immerger;3;ver
imbã;3;nr
ie;3;nr
identitã;3;nr
hyã;3;nr
hypnotique;3;adj
hurrah;3;nom
humblement;3;adv
humanitã;3;nr
huissier;3;nom
hublot;3;nom
houppe;3;nom
hospice;3;nom
homs;3;nr
hocher;3;ver
hiver;3;nom
hissã;3;nr
hisse;3;ono
hennissement;3;nom
hardiesse;3;nom
hammamet;3;nr
hagard;3;adj
habillã;3;nr
habiletã;3;nr
guzla;3;nom
gulier;3;nr
gueux;3;nom
gueule;3;nom
griã;3;nr
grisã;3;nr
grimace;3;nom
gravitã;3;nr
granit;3;nom
gracieux;3;adj
gnait;3;nr
glã;3;nr
gliger;3;nr
gentil;3;adj
gendaire;3;nr
gal;3;adv
gai;3;adj
gabã;3;nr
franchise;3;nom
fracas;3;nom
fournir;3;ver
fourmiller;3;ver
fougasses;3;nr
fortuit;3;adj
foi;3;nom
flotter;3;ver
flaque;3;nom
fixitã;3;nr
finance;3;nom
finalement;3;adv
filer;3;ver
fiertã;3;nr
fiancã;3;nr
fertile;3;adj
ferrã;3;nr
ferrure;3;nom
fauteuil;3;nom
fatiguer;3;ver
farouche;3;adj
faiblir;3;ver
faiblesse;3;nom
exposã;3;nr
exploit;3;nom
excitã;3;nr
excessif;3;adj
exaltation;3;nom
etnã;3;nr
estimã;3;nr
espionner;3;ver
espionnage;3;nom
esclave;3;nom
escadre;3;nom
er;3;nr
eolienne;3;nr
entreprendre;3;ver
entremise;3;nom
entr;3;nr
enquã;3;nr
ennes;3;nr
enjeu;3;nom
engraisser;3;ver
enfouir;3;ver
enfoncer;3;ver
encre;3;nom
encombrã;3;nr
encombrer;3;ver
empressã;3;nr
empresser;3;ver
empoigner;3;ver
emplacement;3;nom
effleurer;3;ver
durement;3;adv
dulitã;3;nr
duits;3;nr
drik;3;nr
drame;3;nom
douã;3;nr
doubler;3;ver
dogue;3;nom
divisã;3;nr
diviser;3;ver
ditions;3;nr
distinctement;3;adv
dissimulã;3;nr
diocre;3;nr
dimension;3;nom
dignitã;3;nr
dictã;3;nr
dictionnaire;3;nom
diate;3;nr
deã;3;nr
devã;3;nr
dette;3;nom
dessinã;3;nr
desservir;3;ver
demi_mille;3;nom
demi_douzaine;3;nom
delorme;3;nr
dattier;3;nom
dalle;3;nom
dain;3;nr
cylindre;3;nom
cyclope;3;nom
cut;3;nr
cure;3;nom
cume;3;nr
culture;3;nom
cultivã;3;nr
culbuter;3;ver
cryptographiã;3;nr
criã;3;nr
crasã;3;nr
courrier;3;nom
courbã;3;nr
courageusement;3;adv
corsia;3;nr
correctement;3;adv
corne;3;nom
corce;3;nr
convenu;3;adj
convenablement;3;adv
convenable;3;adj
convalescent;3;adj
convalescence;3;nom
contrariã;3;nr
contact;3;nom
consentã;3;nr
conquérir;3;ver
connaisseur;3;nom
confã;3;nr
conformer;3;ver
confiscation;3;nom
confirmer;3;ver
concentration;3;nom
comptabilitã;3;nr
commerã;3;nr
commencement;3;nom
comitats;3;nr
comino;3;nr
combinã;3;nr
combiner;3;ver
collier;3;nom
coles;3;nr
cole;3;nr
coiffã;3;nr
cocher;3;nom
clocher;3;nom
cloche;3;nom
climat;3;nom
cles;3;nr
clater;3;nr
clatait;3;nr
clata;3;nr
clamer;3;ver
clairait;3;nr
citer;3;ver
cipices;3;nr
cipice;3;nr
cinquiã;3;nr
ciles;3;nr
cier;3;nr
ciale;3;nr
chrã;3;nr
chirent;3;nr
chevron;3;nom
chevet;3;nom
chemise;3;nom
cheminã;3;nr
chement;3;nr
chef_lieu;3;nom
chaussã;3;nr
charpente;3;nom
charles;3;nr
chappait;3;nr
chancrure;3;nr
chagrin;3;nom
cha;3;nr
centimã;3;nr
celles_ci;3;pro_dem
cavã;3;nr
catastrophe;3;nom
case;3;nom
cartã;3;nr
capo;3;nom
canicien;3;nr
calã;3;nr
calmer;3;ver
calife;3;nom
calabre;3;nr
cachet;3;nom
cable;3;nr
cabaret;3;nom
brusque;3;adj
britã;3;nr
bris;3;nom
brigand;3;nom
brigade;3;nom
brasero;3;nom
bracelet;3;nom
boyau;3;nom
bouger;3;ver
bonicous;3;nr
blure;3;nr
bille;3;nom
biceps;3;nom
bellini;3;nr
barbe;3;nom
bagage;3;nom
badaud;3;nom
babouche;3;nom
b;3;nom_sup
avancer;3;ver
attribuã;3;nr
attrayant;3;adj
attelã;3;nr
assurance;3;nom
assommer;3;ver
assaillir;3;ver
ascension;3;nom
arabesque;3;nom
approuver;3;ver
appentis;3;nom
appareillage;3;nom
anxiã;3;nr
anti;3;adv_sup
annonce;3;nom
annexe;3;adj
animositã;3;nr
animation;3;nom
ancã;3;nr
amuser;3;ver
amorce;3;nom
alphabet;3;nom
alpe;3;nom
allemagne;3;nom
albanais;3;adj
aimable;3;adj
agitã;3;nr
affecter;3;ver
adroit;3;adj
adoptã;3;nr
acquã;3;nr
acquitter;3;ver
acier;3;nom
accueillir;3;ver
accroître;3;ver
accoutumã;3;nr
accore;3;nom
accordã;3;nr
accidentã;3;nr
abyla;3;nr
absorber;3;ver
30;3;num
29;3;num
24;3;num
1865;3;num
1669;3;num
zaouiya;2;nr
zaemen;2;nr
york;2;nom
xii;2;nr
vreuse;2;nr
voltige;2;nom
volontaire;2;adj
volcanique;2;adj
volatil;2;adj
vocifã;2;nr
vocation;2;nom
vitre;2;nom
vitait;2;nr
visã;2;nr
viser;2;ver
virtuose;2;nom
vingt_huit;2;adj_num
ving;2;nr
vindicatif;2;adj
vigoureusement;2;adv
vidã;2;nr
vicissitude;2;nom
vibration;2;nom
via;2;pre
vi;2;nr
veuvage;2;nom
vestige;2;nom
vestibule;2;nom
vertigineux;2;adj
verticalement;2;adv
verrou;2;nom
veront;2;nr
verdoyant;2;adj
verbã;2;nr
ventions;2;nr
vention;2;nr
vengã;2;nr
vaser;2;ver
vase;2;nom
varier;2;ver
vanoui;2;nr
vanitã;2;nr
valã;2;nr
valette;2;nr
vait;2;nr
vaguement;2;adv
uvrant;2;nr
uvrait;2;nr
uvra;2;nr
utilisã;2;nr
ustensile;2;nom
ussite;2;nr
ussissait;2;nr
uscoques;2;nr
urgent;2;adj
uniforme;2;nom
ultã;2;nr
ufs;2;nr
uds;2;nr
ubiquitã;2;nr
tyrrhã;2;nr
tutoyer;2;ver
ture;2;nr
turban;2;nom
tuositã;2;nr
tuel;2;nr
tudiã;2;nr
tudiant;2;nr
tube;2;nom
trvree;2;nr
truits;2;nr
truit;2;nr
truire;2;nr
trousse;2;nom
troupeau;2;nom
trouer;2;ver
trottoir;2;nom
trompeur;2;adj
troits;2;nr
tripolitains;2;nr
tripolitain;2;nr
triestains;2;nr
triers;2;nr
triangulaire;2;adj
tressaillement;2;nom
trente_sept;2;adj_num
trempe;2;nom
trembloter;2;ver
tremblant;2;adj
travailleur;2;nom
tration;2;nr
tras;2;nr
transpirã;2;nr
transparence;2;nom
transformer;2;ver
tranchant;2;adj
trahã;2;nr
trafiquer;2;ver
traduction;2;nom
trable;2;nr
tra;2;nr
tournoyer;2;ver
tourbillonner;2;ver
touffã;2;nr
touffait;2;nr
touareg;2;adj
total;2;adj
tortueux;2;adj
tort;2;nom
toron;2;nr
tonations;2;nr
toiture;2;nom
toilette;2;nom
tisses;2;nr
tintement;2;nom
timbre;2;nom
tille;2;nom
tigre;2;nom
tige;2;nom
tien;2;pro_pos
thornycrofts;2;nr
thodes;2;nr
thode;2;nr
thal;2;nr
tetã;2;nr
testable;2;nr
ternitã;2;nr
ternelles;2;nr
ternelle;2;nr
tergesteum;2;nr
terait;2;nr
tera;2;nr
tenture;2;nom
tentieux;2;nr
tentant;2;adj
tent;2;nr
tenace;2;adj
teignaient;2;nr
teatro;2;nr
taudis;2;nom
taper;2;ver
tapage;2;nom
tante;2;nom
tangage;2;nom
tallurgique;2;nr
talliques;2;nr
taleb;2;nr
tagã;2;nr
tagent;2;nr
tageaient;2;nr
tachã;2;nr
tache;2;nom
tablissement;2;nr
syrie;2;nr
sympathique;2;adj
svelte;2;adj
survivre;2;ver
survenir;2;ver
sursis;2;nom
surmonter;2;ver
surgir;2;ver
surexcitã;2;nr
surchauffã;2;nr
supplã;2;nr
supplier;2;ver
sultã;2;nr
sultats;2;nr
sulfureux;2;adj
suivã;2;nr
suf;2;nr
succombã;2;nr
successif;2;adj
sublime;2;adj
striã;2;nr
strate;2;nom
stock;2;nom
steamyacht;2;nr
statuã;2;nr
stabilitã;2;nr
spesdr;2;nr
spectacle;2;nom
spasme;2;nom
spartel;2;nr
soute;2;nom
souple;2;adj
soupirail;2;nom
soupir;2;nom
souhaitã;2;nr
souhaiter;2;ver
soubresaut;2;nom
sottise;2;nom
sorgho;2;nom
sordide;2;adj
sonore;2;adj
sonnã;2;nr
sommaire;2;adj
solliciter;2;ver
soliditã;2;nr
soixante_dix;2;adj_num
soignã;2;nr
soigneux;2;adj
soi;2;pro_per
sobre;2;adj
sistã;2;nr
siras;2;nr
simultanã;2;nr
simplicitã;2;nr
sillonner;2;ver
silhouette;2;nom
sidi;2;nom
siamois;2;nom
serviable;2;adj
server;2;nr
servant;2;adj
sertes;2;nr
sergent;2;nom
sequin;2;nom
secteur;2;nom
sectaire;2;adj
scrupule;2;nom
sautã;2;nr
saut;2;nom
sastre;2;nr
sartã;2;nr
sarment;2;nom
sarde;2;adj
sardaigne;2;nr
sappointã;2;nr
santagrotta;2;nr
sant;2;nr
sanglot;2;nom
sanglier;2;nom
sanglant;2;adj
sandort;2;nr
sanction;2;nom
samson;2;nr
samedi;2;nom
saluer;2;ver
saison;2;nom
saisie;2;nom
sailles;2;nr
sailler;2;ver
saillant;2;adj
sagrã;2;nr
sage;2;adj
sac;2;nom
rupture;2;nom
ruptions;2;nr
ruiner;2;ver
rudimentaire;2;adj
roulã;2;nr
rouillã;2;nr
rouiller;2;ver
rougir;2;ver
rossi;2;nr
rosace;2;nom
roman;2;adj
roces;2;nr
roce;2;nr
rivã;2;nr
riter;2;nr
rissant;2;nr
risano;2;nr
riques;2;nr
rique;2;nr
riphã;2;nr
rioritã;2;nr
rine;2;nr
rimini;2;nr
rilleux;2;nr
riels;2;nr
rielles;2;nr
rideau;2;nom
ricain;2;adj
riaux;2;nr
rhodes;2;nr
revã;2;nr
reux;2;nr
reur;2;nr
restituer;2;ver
restaurã;2;nr
ressaisir;2;ver
rescousse;2;nom
repã;2;nr
reposant;2;adj
replacã;2;nr
replacer;2;ver
repasser;2;ver
renverser;2;ver
rentier;2;nom
renaissance;2;nom
remuã;2;nr
remplacer;2;ver
rempart;2;nom
remiser;2;ver
remise;2;nom
remarquable;2;adj
reliã;2;nr
rejeton;2;nom
regagnã;2;nr
refend;2;nr
redoutã;2;nr
recouvrã;2;nr
reconquérir;2;ver
recommenã;2;nr
recommandã;2;nr
rebours;2;adv
rebord;2;nom
rayã;2;nr
rayonner;2;ver
ravinã;2;nr
ravine;2;nom
ravin;2;nom
rato;2;nr
rasseoir;2;ver
rassemblement;2;nom
rapporteur;2;nom
ranã;2;nr
ranimã;2;nr
ralement;2;nr
raisonner;2;ver
raisin;2;nom
rail;2;nom
ragusaine;2;nr
ra;2;nom
quã;2;nr
quotidien;2;adj
quipages;2;nr
quinzaine;2;nom
quilibriste;2;nr
quiconque;2;pro_rel
quemment;2;nr
quelques_unes;2;pro_ind
quasi;2;adv_sup
quadrillã;2;nr
puretã;2;nr
pur;2;adj
pupille;2;nom
pulluler;2;ver
protestã;2;nr
prostration;2;nom
prospã;2;nr
propretã;2;nr
propension;2;nom
promeneur;2;nom
profusion;2;nom
profil;2;nom
professer;2;ver
proche;2;adj
prochainement;2;adv
probation;2;nom
priver;2;ver
printemps;2;nom
presse;2;nom
presqu;2;nr
pragmatique;2;adj
pouvantable;2;nr
poutre;2;nom
pousã;2;nr
pousant;2;nr
pouillã;2;nr
poudre;2;nom
poterne;2;nom
postillon;2;nom
postal;2;adj
portrait;2;nom
portio;2;nr
porcelaine;2;nom
pondirent;2;nr
pomme;2;nom
polir;2;ver
poliment;2;adv
policeman;2;nom
polacre;2;nr
poivrier;2;nom
pointu;2;adj
pointer;2;ver
poing;2;nom
poil;2;nom
poignard;2;nom
poignant;2;adj
plaisanter;2;ver
placard;2;nom
piter;2;nr
pitaient;2;nr
piston;2;nom
piquã;2;nr
piquet;2;nom
pin;2;nom
piller;2;ver
pilier;2;nom
physiquement;2;adv
philosophiquement;2;adv
philippeville;2;nr
phalonie;2;nr
perron;2;nom
permission;2;nom
perfectionnã;2;nr
perdition;2;nom
perchã;2;nr
percer;2;ver
pendentif;2;nom
pendances;2;nr
penchant;2;nom
pelã;2;nr
peinturlurã;2;nr
pazzer;2;nr
payant;2;adj
patte;2;nom
patriotique;2;adj
patent;2;adj
passionnã;2;nr
passion;2;nom
passerelle;2;nom
passant;2;nom
pargnez;2;nr
parfaire;2;ver
parenzo;2;nr
pardonnã;2;nr
pardieu;2;ono
pardessus;2;nom
parc;2;nom
paratiste;2;nr
parader;2;ver
parables;2;nr
paquet;2;nom
pantellaria;2;nr
pandu;2;nr
panclastite;2;nom
palo;2;nr
palmier;2;nom
palatin;2;adj
paix;2;nom
paisses;2;nr
paille;2;nom
pacha;2;nom
p;2;nr
ouvrage;2;nom
ouitse;2;nr
ostentation;2;nom
ostensiblement;2;adv
orsera;2;nr
ornementation;2;nom
ornement;2;nom
original;2;nom
orifice;2;nom
orgueil;2;nom
ordonnance;2;nom
oran;2;nr
onnique;2;nr
oncle;2;nom
ombrer;2;ver
ologues;2;nr
ologue;2;nr
ologique;2;nr
oisif;2;nom
ographes;2;nr
odxhnp;2;nr
odale;2;nr
odal;2;nr
obstiner;2;ver
obstination;2;nom
objection;2;nom
objectif;2;nom
nuã;2;nr
numidie;2;nr
noã;2;nr
noupvg;2;nr
noueux;2;adj
nouer;2;ver
notã;2;nr
north;2;nr
norri;2;nr
nonciation;2;nr
noirã;2;nr
noblesse;2;nom
nivellations;2;nr
nitentiaire;2;nr
nigritie;2;nr
nieux;2;nr
nieusement;2;nr
nienne;2;nr
nid;2;nom
nicolo;2;nr
niblement;2;nr
new;2;adj
nettetã;2;nr
nerait;2;nr
nelã;2;nr
ncidence;2;nr
nappe;2;nom
naples;2;nr
nageur;2;nom
nage;2;nom
mythologique;2;adj
myrte;2;nom
musã;2;nr
musicien;2;nom
multitude;2;nom
mulet;2;nom
muggia;2;nr
mtqssl;2;nr
mouã;2;nr
moustache;2;nom
mousse;2;nom
mousqueterie;2;nom
mouchoir;2;nom
mou;2;adj
moteur;2;nom
moralement;2;adv
monture;2;nom
monticule;2;nom
mons;2;nom
monopole;2;nom
monnaie;2;nom
mollir;2;ver
mobile;2;nom
mitrailleur;2;nom
mitraille;2;nom
missante;2;nr
minã;2;nr
mien;2;pro_pos
meurtriã;2;nr
message;2;nom
merveillã;2;nr
merveiller;2;nr
merveille;2;nom
merveillait;2;nr
menu;2;nom
mentionner;2;ver
mendiant;2;nom
maure;2;nom
maternel;2;adj
matelas;2;nom
massue;2;nom
masquer;2;ver
mardi;2;nom
marco;2;nr
marchandise;2;nom
manquant;2;adj
mangã;2;nr
manche;2;nom
malle;2;nom
malechance;2;nr
maladroit;2;adj
maladif;2;adj
majeur;2;adj
mainte;2;adj_ind
maillot;2;nom
magnat;2;nom
mage;2;nom
maffia;2;nom
macadamisã;2;nr
lybique;2;nr
luttã;2;nr
lustre;2;nom
lunette;2;nom
lucratif;2;adj
luca;2;nr
lourdement;2;adv
loup;2;nom
loquacitã;2;nr
longuement;2;adv
lombardie;2;nr
loignait;2;nr
logique;2;adj
logeur;2;nom
locomotion;2;nom
lique;2;nr
linge;2;nom
linceul;2;nom
limiter;2;ver
liciter;2;nr
libã;2;nr
levantin;2;nom
lestement;2;adv
lement;2;nr
legna;2;nr
latin;2;adj
las;2;ono
lant;2;nr
lan;2;nr
lambeau;2;nom
lacs;2;nom
laconique;2;adj
labrã;2;nr
kreutzers;2;nr
kreutzer;2;nom
klausenbourg;2;nr
kirlta;2;nr
kenkraf;2;nr
kasbah;2;nom
kabyle;2;adj
justesse;2;nom
jurã;2;nr
jurer;2;ver
jouir;2;ver
joug;2;nom
jongleur;2;nom
jeunã;2;nr
jeudi;2;nom
jaunã;2;nr
jambiã;2;nr
jaloux;2;adj
ivresse;2;nom
it;2;nr
isthme;2;nom
isabelle;2;adj
irruption;2;nom
ironique;2;adj
ironie;2;nom
ionienne;2;adj
invasion;2;nom
invariablement;2;adv
invariable;2;adj
inutilement;2;adv
introduction;2;nom
intriguã;2;nr
intimitã;2;nr
interrogateur;2;nom
international;2;adj
intermittent;2;adj
interloquã;2;nr
insupportable;2;adj
insu;2;nom
inspiration;2;nom
insoluble;2;adj
inscrire;2;ver
inscription;2;nom
inopinã;2;nr
inoffensif;2;adj
injonction;2;nom
initiale;2;nom
inintelligible;2;adj
inhabitã;2;nr
infructueux;2;adj
infliger;2;ver
infime;2;adj
infatigable;2;adj
infaillible;2;adj
industriel;2;adj
indoue;2;nr
indispensable;2;adj
indiscret;2;adj
indignation;2;nom
indien;2;adj
indication;2;nom
incontestablement;2;adv
inaltã;2;nr
inaccessible;2;adj
inacceptable;2;adj
impulsion;2;nom
impuissant;2;adj
impuissance;2;nom
impudence;2;nom
imprudence;2;nom
impropre;2;adj
improbable;2;adj
impressionnã;2;nr
impressionner;2;ver
implacabilitã;2;nr
impitoyable;2;adj
immobilitã;2;nr
immobilisã;2;nr
immergã;2;nr
imagination;2;nom
imaginaire;2;adj
image;2;nom
ilot;2;nr
illustre;2;adj
illuminã;2;nr
ihnalz;2;nr
idiome;2;nom
ici_bas;2;adv
ia;2;nr
i;2;nom
hydrographique;2;adj
hum;2;ono
houille;2;nom
hotchkiss;2;nr
hospitaliã;2;nr
hospitalitã;2;nr
horde;2;nom
honteux;2;adj
hollande;2;nom
heurtã;2;nr
herse;2;nom
hensibles;2;nr
haã;2;nr
hasardã;2;nr
hasardeux;2;adj
haouly;2;nr
hammada;2;nr
hameau;2;nom
hallucination;2;nom
haletant;2;adj
hache;2;nom
habituellement;2;adv
gésir;2;ver
gyptienne;2;nr
guzlars;2;nr
guisã;2;nr
groupã;2;nr
grossiã;2;nr
gris;2;adj
grimaã;2;nr
grillã;2;nr
gre;2;nr
gravã;2;nr
gras;2;adj
grandir;2;ver
gracieusement;2;adv
goutte;2;nom
gourbi;2;nom
gonfler;2;ver
gnã;2;nr
glissement;2;nom
giã;2;nr
gitime;2;nr
gilet;2;nom
gigantesque;2;adj
ghadamã;2;nr
gers;2;nr
germe;2;nom
gerbe;2;nom
gentilhomme;2;nom
gatlings;2;nr
garnison;2;nom
garnir;2;ver
garantir;2;ver
gance;2;nr
galop;2;nom
gaietã;2;nr
gaiement;2;adv
gagã;2;nr
gagnant;2;nom
gagerait;2;nr
gager;2;ver
fuyard;2;nom
futur;2;adj
fusillã;2;nr
furieux;2;adj
furie;2;nom
fur;2;nr
fulminate;2;nom
fugiai;2;nr
frottement;2;nom
froisser;2;ver
fragment;2;nom
fractaire;2;nr
foutre;2;ver
fourrer;2;ver
fourbe;2;adj
fouet;2;nom
foudroyer;2;ver
fortunã;2;nr
fortifier;2;ver
formation;2;nom
formalitã;2;nr
fontaine;2;nom
fonctionnement;2;nom
focinana;2;nr
fluet;2;adj
florins1;2;nr
floriana;2;nr
fire;2;nr
finitif;2;nr
financiã;2;nr
filtrer;2;ver
filfila;2;nr
figuier;2;nom
fichã;2;nr
fiasque;2;nom
fiancer;2;ver
fensif;2;nr
fenseurs;2;nr
fastueux;2;adj
faste;2;adj
farriglioni;2;nr
faraglioni;2;nr
fantastique;2;adj
familiã;2;nr
familier;2;adj
familiarisã;2;nr
fagaras;2;nr
facultã;2;nr
faction;2;nom
fabriquer;2;ver
fable;2;nom
eza;2;nr
extradition;2;nom
expression;2;nom
explosif;2;nom
explorateur;2;nom
exploitã;2;nr
exploitation;2;nom
expatrier;2;ver
exil;2;nom
exigeant;2;adj
exhumation;2;nom
exhiber;2;ver
excuser;2;ver
excursion;2;nom
examinã;2;nr
etnea;2;nr
estã;2;nr
estuaire;2;nom
estlev;2;nr
escarpement;2;nom
erssur;2;nr
errer;2;ver
environner;2;ver
environnant;2;adj
envahissement;2;nom
entrevue;2;nom
entonnoir;2;nom
entin;2;nr
enthousiasmer;2;ver
enterrã;2;nr
enserrã;2;nr
enseigner;2;ver
ennios;2;nr
enjolivã;2;nr
engouffrer;2;ver
engloutir;2;ver
engendrer;2;ver
engagement;2;nom
encourager;2;ver
enchevã;2;nr
encadrã;2;nr
emprunt;2;nom
empreinte;2;nom
emportement;2;nom
empierrement;2;nom
empanachã;2;nr
embrassement;2;nom
embaucher;2;ver
embarrasser;2;ver
embarquã;2;nr
elliptique;2;adj
ellipsoã;2;nr
ellipse;2;nom
effusion;2;nom
effilã;2;nr
effacã;2;nr
eeuart;2;nr
eedgnc;2;nr
dune;2;nom
dudit;2;pre
ductions;2;nr
drisse;2;nom
dric;2;nr
draguer;2;ver
douar;2;nom
douane;2;nom
dorã;2;nr
donie;2;nr
doge;2;nom
document;2;nom
dix_huitiã;2;nr
distribution;2;nom
distinguã;2;nr
dispositif;2;nom
disponible;2;adj
dispersã;2;nr
discipline;2;nom
dinias;2;nr
diligence;2;nom
dilatã;2;nr
digue;2;nom
difices;2;nr
difice;2;nr
difficilement;2;adv
dients;2;nr
die;2;nom
dicter;2;ver
dicales;2;nr
dical;2;nr
devise;2;nom
devancã;2;nr
dessã;2;nr
dessous;2;nom_sup
dente;2;nr
densitã;2;nr
demi_journã;2;nr
della;2;nr
danse;2;nom
dale;2;nom
dailles;2;nr
culotte;2;nom
culations;2;nr
cube;2;nom
cu;2;nr
cru;2;adj
croître;2;ver
croyant;2;adj
crou;2;nr
croissant;2;nom
croc;2;nom
crivant;2;nr
critique;2;adj
criblã;2;nr
criard;2;adj
creux;2;adj
crayon;2;nom
cramponnã;2;nr
couvercle;2;nom
coutume;2;nom
coutes;2;nr
coutaient;2;nr
courtine;2;nom
couronnã;2;nr
couronnement;2;nom
couronne;2;nom
courbure;2;nom
couplet;2;nom
coulisse;2;nom
coude;2;nom
coton;2;nom
cosse;2;nom
corã;2;nr
cornet;2;nom
cordon;2;nom
conã;2;nr
convulsion;2;nom
convive;2;nom
conviction;2;nom
convertir;2;ver
contribuer;2;ver
contractã;2;nr
contracter;2;ver
contingent;2;nom
contenu;2;nom
contempler;2;ver
consultation;2;nom
constance;2;nom
consoler;2;ver
consister;2;ver
consignã;2;nr
conservation;2;nom
conseiller;2;ver
consacrã;2;nr
conquã;2;nr
conjurã;2;nr
confortable;2;adj
confisquã;2;nr
confiner;2;ver
confiant;2;adj
conductibilitã;2;nr
condenseur;2;nom
condamner;2;ver
concourir;2;ver
con;2;pro_per
comã;2;nr
comprã;2;nr
compromettant;2;adj
compresseur;2;nom
composition;2;nom
compliquã;2;nr
compensã;2;nr
compas;2;nom
comparã;2;nr
comparer;2;ver
communiquã;2;nr
communal;2;adj
commotion;2;nom
commode;2;adj
commissaire;2;nom
comestible;2;adj
comblã;2;nr
comble;2;nom
collision;2;nom
coiffure;2;nom
coce;2;nr
clos;2;adj
clatants;2;nr
classã;2;nr
classer;2;ver
clarã;2;nr
clarait;2;nr
claquement;2;nom
clamã;2;nr
clairant;2;nr
ciã;2;nr
citronnier;2;nom
citoyen;2;nom
citadelle;2;nom
cisif;2;nr
cis;2;adj
circonvenir;2;ver
circonfã;2;nr
cippe;2;nom
cinquante_cinq;2;adj_num
cil;2;nom
cidait;2;nr
ci;2;adv_sup
chronique;2;adj
chit;2;nr
chirures;2;nr
chirer;2;nr
chiquier;2;nr
cheuse;2;nr
chelle;2;nr
chauffeur;2;nom
chasser;2;ver
charlatan;2;nom
charitã;2;nr
chargement;2;nom
charge;2;nom
chappe;2;nom
chapiteau;2;nom
chancre;2;nom
chancellerie;2;nom
chanceler;2;ver
chameau;2;nom
chait;2;nr
chair;2;nom
cettes;2;nr
cessairement;2;nr
certitude;2;nom
ceptions;2;nr
celte;2;adj
caã;2;nr
cavitã;2;nr
causeur;2;nom
catholique;2;nom
cassã;2;nr
cartouche;2;nom
carthaginois;2;adj
carriã;2;nr
caroubier;2;nom
carlowitz;2;nr
cardiff;2;nr
carabinier;2;nom
capture;2;nom
capricieusement;2;adv
capot;2;nom
capital;2;nom
canzonette;2;nr
canton;2;nom
canne;2;nom
canique;2;nr
campanile;2;nom
campagnard;2;nom
camp;2;nom
calculer;2;ver
calcitrant;2;nr
cage;2;nom
cadre;2;nom
burnous;2;nom
buisson;2;nom
bruitã;2;nr
broyã;2;nr
broyer;2;ver
brossã;2;nr
brodã;2;nr
brillã;2;nr
brigandage;2;nom
brevet;2;nom
brer;2;nr
bration;2;nr
branler;2;ver
branlement;2;nom
bouton;2;nom
bouteille;2;nom
bouquet;2;nom
boulevard;2;nom
boulement;2;nr
bouchã;2;nr
bou;2;nr
borgo;2;nr
bora;2;nom
bontã;2;nr
bonifacio;2;nr
blã;2;nr
blockhaus;2;nom
biter;2;ver
biscuit;2;nom
billard;2;nom
bile;2;nom
bigarrã;2;nr
bienveillant;2;adj
bielle;2;nom
berlin;2;nom
berge;2;nom
berbã;2;nr
belvã;2;nr
beauprã;2;nr
bavarder;2;ver
battement;2;nom
bastia;2;nr
baser;2;ver
basaltiques;2;nr
barriã;2;nr
barrer;2;ver
barraques;2;nr
barquait;2;nr
bardã;2;nr
balayer;2;ver
balancã;2;nr
balancer;2;ver
balancement;2;nom
bahira;2;nr
avortã;2;nr
avertir;2;ver
avare;2;adj
avant_hier;2;adv
avalanche;2;nom
auxiliaire;2;nom
autrui;2;pro_ind
autonomie;2;nom
auguste;2;adj
audessus;2;nr
ature;2;nr
attã;2;nr
attristã;2;nr
attraper;2;ver
attente;2;nom
attendrissement;2;nom
attelage;2;nom
attardã;2;nr
attarder;2;ver
atlas;2;nom
ateur;2;nr
atelier;2;nom
astuce;2;nom
assujetti;2;adj
assourdir;2;ver
assistant;2;nom
assise;2;nom
assiette;2;nom
assiduitã;2;nr
assertion;2;nom
assemblage;2;nom
assassinã;2;nr
assassiner;2;ver
assassin;2;nom
asphyxie;2;nom
artã;2;nr
artuee;2;nr
artifice;2;nom
arrosã;2;nr
arrangeriez;2;nr
arranger;2;ver
arnuro;2;nr
armer;2;ver
argumentation;2;nom
ardu;2;adj
archã;2;nr
arc;2;nom
apã;2;nr
approvisionner;2;ver
approvisionnement;2;nom
approchã;2;nr
applaudissement;2;nom
applaudir;2;ver
apparent;2;adj
appareillã;2;nr
anxieux;2;adj
ants;2;nr
antonio;2;nr
antissement;2;nr
antis;2;nr
antir;2;nr
antiquitã;2;nr
antipathie;2;nom
annoncã;2;nr
annoncer;2;ver
anfractuositã;2;nr
ancier;2;nr
ance;2;nr
amure;2;nom
amphithã;2;nr
amour_propre;2;nom
ameublement;2;nom
amarrã;2;nr
alpin;2;adj
alphonse;2;nr
almina;2;nr
almayate;2;nr
aliã;2;nr
alisable;2;nr
ales;2;nr
alentour;2;nom_sup
ale;2;nom
alcoolique;2;adj
alameda;2;nr
ajustã;2;nr
ajustement;2;nom
aiguille;2;nom
aigrette;2;nom
aigle;2;nom
aidã;2;nr
agrã;2;nr
agrandir;2;ver
agissement;2;nom
agel;2;nr
afirs;2;nr
affreux;2;adj
affluer;2;ver
affirmã;2;nr
affirmatif;2;adj
affidã;2;nr
affectã;2;nr
affamã;2;nr
aeeeil;2;nr
advenir;2;ver
admiration;2;nom
admirablement;2;adv
adhã;2;nr
activitã;2;nr
acquit;2;nom
aci;2;nr
achã;2;nr
accroã;2;nr
accrochã;2;nr
accostã;2;nr
accommoder;2;ver
accointance;2;nom
acclamã;2;nr
accentuã;2;nr
accalmie;2;nom
acadã;2;nr
abuser;2;ver
absurde;2;adj
abrupt;2;adj
aborder;2;ver
abordage;2;nom
abordable;2;adj
abondant;2;adj
able;2;nom
89;2;num
7;2;num
463;2;num
36;2;num
31;2;num
26;2;num
23;2;num
1er;2;nr
19;2;num
1815;2;num
1811;2;num
12;2;num