de;2344;pre
être;1549;aux
le;1540;art_def
la;1358;art_def
il;1287;pro_per
à;1111;pre
avoir;1088;aux
et;1024;con
l;971;art_def
ne;936;adv_sup
les;748;art_def
du;702;art_def
d;661;pre
que;645;pro_rel
en;600;pre
s;578;pro_per
une;569;art_ind
se;562;pro_per
des;539;art_ind
un;521;art_ind
qui;511;pro_rel
ce;506;pro_dem
qu;451;con
au;443;art_def
pas;437;adv_sup
dans;327;pre
son;295;adj_pos
pour;267;pre
cette;257;adj_dem
lui;255;pro_per
sur;252;pre
c;248;pro_dem
plus;246;adv_sup
franz;245;nr
par;238;pre
sa;233;adj_pos
ses;230;adj_pos
on;226;pro_per
faire;219;ver_sup
y;196;pro_per
pouvoir;190;ver_sup
elle;184;pro_per
si;174;con
vous;172;pro_per
mais;169;con
nic;163;nr
je;159;pro_per
château;154;nom
ces;153;adj_dem
dire;152;ver_sup
docteur;149;nom
burg;146;nom
avec;144;pre
deck;142;nom
comte;141;nom
aller;138;ver
comme;132;con
ils;130;pro_per
dont;130;pro_rel
jeune;129;adj
maître;128;nom
bien;128;adv_sup
où;127;pro_rel
gortz;124;nr
sans;120;pre
werst;119;nr
venir;118;ver
même;110;pro_ind
baron;110;nom
stilla;108;nr
aux;105;art_def
répondre;103;ver
voir;102;ver
ou;101;con
village;99;nom
koltz;97;nr
deux;95;adj_num
non;94;pro_per
vouloir;91;ver_sup
nous;90;pro_per
tout;88;pro_ind
savoir;88;ver_sup
là;88;ono
forestier;88;adj
devoir;87;ver_sup
rien;86;pro_ind
leur;86;pro_per
carpathes;86;nr
après;85;pre
quelques;84;adj_ind
très;83;adv_sup
entendre;82;ver
aussi;82;adv_sup
voix;80;nom
télek;79;nr
vers;78;pre
heure;78;nom
patak;77;nr
ni;77;con
frik;77;nr
point;76;nom_sup
rotzko;75;nr
prendre;75;ver
encore;75;adv_sup
nuit;73;nom
alors;71;adv_sup
peu;70;nom_sup
donjon;70;nom
cela;70;pro_dem
cet;68;adj_dem
oui;67;adv_sup
grand;67;adj
falloir;67;ver_sup
rodolphe;64;nr
quelque;64;adj_ind
porte;64;nom
dernier;64;adj
arriver;64;ver
plateau;61;nom
donc;61;con
personne;59;pro_ind
jonas;59;nr
autre;59;pro_ind
t;58;pro_per
reprendre;58;ver
passer;58;ver
jour;58;nom
j;58;pro_per
sous;57;pre
entre;57;pre
demander;57;ver
croire;57;ver_sup
puis;56;con
pied;56;nom
jamais;56;adv_sup
main;55;nom
lorsque;55;con
homme;55;nom
leurs;53;adj_pos
temps;52;nom
moins;52;adv_sup
bon;52;adj_sup
travers;51;nom
donner;51;ver
seul;50;adj
premier;50;adj
pays;50;nom
orfanik;50;nr
depuis;50;pre
berger;50;nom
oeil;49;nom
revenir;47;ver
rester;47;ver
vulkan;46;nr
monsieur;46;nom_sup
suivre;45;ver
laisser;45;ver
avant;45;pre
tous;44;pro_ind
quitter;44;ver
miriota;44;nr
mettre;44;ver
long;44;adj
fond;44;nom
col;44;nom
toute;43;adj_ind
sembler;43;ver
route;43;nom
pendant;43;adj_sup
orgall;43;nr
milieu;42;nom
vieux;41;adj
salle;41;nom
mathias_;41;nr
fois;41;nom
_roi;41;nr
écrier;40;ver
trouver;40;ver
rendre;40;ver
mon;40;adj_pos
me;40;pro_per
lorsqu;40;con
car;39;con
tenir;38;ver
peut_être;38;adv_sup
moment;37;nom
gens;37;nom
autres;37;pro_ind
arrêter;37;ver
échapper;36;ver
trop;36;adv_sup
magister;36;nom
esprit;36;nom
déjà;36;ono
chercher;36;ver
ainsi;36;adv_sup
enceinte;35;adj
tu;34;pro_per
trois;34;adj_num
ouvrir;34;ver
répéter;33;ver
regarder;33;ver
pourtant;33;adv_sup
moi;33;pro_per
effet;33;nom
beau;33;adj
toujours;32;adv_sup
sentir;32;ver
puisque;32;con
aucune;32;adj_ind
sol;31;nom
peine;31;nom
m;31;pro_per
jusqu_à;31;pre
famille;31;nom
dès;31;pre
attendre;31;ver
an;31;nom_sup
pénétrer;30;ver
haut;30;adj
contre;30;pre
auberge;30;nom
année;30;nom
tomber;29;ver
partir;29;ver
paraître;29;ver
jusqu_au;29;pre
doute;29;nom
descendre;29;ver
connaître;29;ver
cependant;29;con
raison;28;nom
parvenir;28;ver
instant;28;nom
fumée;28;nom
comment;28;con
apercevoir;28;ver
ailleurs;28;adv_sup
vivre;27;ver
soir;27;nom
regard;27;nom
reconnaître;27;ver
plesa;27;nr
perdre;27;ver
lunette;27;nom
hermod;27;nr
fille;27;nom
eh;27;ono
devant;27;pre
courtine;27;nom
assez;27;adv_sup
abandonner;27;ver
voilà;26;pre
tête;26;nom
théâtre;26;nom
sil;26;nom
servir;26;ver
quel;26;adj_int
poterne;26;nom
penser;26;ver
nom;26;nom
maintenant;26;adv_sup
lumière;26;nom
franchir;26;ver
chose;26;nom
ancien;26;adj
votre;25;adj_pos
toutes;25;pro_ind
pourquoi;25;con
pierre;25;nom
parler;25;ver
marcher;25;ver
décider;25;ver
devenir;25;ver
convenir;25;ver
chemin;25;nom
état;24;nom
voyageur;24;nom
vallée;24;nom
quand;24;con
or;24;con
occuper;24;ver
naples;24;nr
mort;24;nom
jeter;24;ver
gauche;24;nom
coup;24;nom
chapelle;24;nom
bastion;24;nom
surnaturel;23;adj
sortir;23;ver
retenir;23;ver
remonter;23;ver
quoi;23;pro_rel
quant;23;nom_sup
porter;23;ver
petit;23;adj
mille;23;nom_sup
bruit;23;nom
biró;23;nr
atteindre;23;ver
air;23;nom
visiter;22;ver
terrasse;22;nom
roumain;22;nom
relever;22;ver
quelle;22;adj_int
pont_levis;22;nom
monde;22;nom
fou;22;adj
enfin;22;adv_sup
elles;22;pro_per
chant;22;nom
chambre;22;nom
arbre;22;nom
ami;22;nom
pousser;21;ver
pensée;21;nom
passage;21;nom
parole;21;nom
maison;21;nom
légende;21;nom
laquelle;21;pro_rel
karlsburg;21;nr
jambe;21;nom
direction;21;nom
cours;21;nom
afin;21;adv_sup
plutôt;20;adv
montrer;20;ver
mes;20;adj_pos
loin;20;adv_sup
intérieur;20;nom
habitant;20;nom
forêt;20;nom
fermer;20;ver
face;20;nom
compagnon;20;nom
angle;20;nom
roche;19;nom
rencontrer;19;ver
produire;19;ver
phénomène;19;nom
mourir;19;ver
lit;19;nom
lequel;19;pro_rel
fossé;19;nom
fort;19;adj_sup
fenêtre;19;nom
essayer;19;ver
environ;19;nom_sup
côté;19;nom
cinq;19;adj_num
brave;19;adj
artiste;19;nom
apparaître;19;ver
épouvante;18;nom
épais;18;adj
âme;18;nom
vivant;18;adj
vie;18;nom
tirer;18;ver
tarder;18;ver
souvenir;18;ver
songer;18;ver
permettre;18;ver
mur;18;nom
montagne;18;nom
ma;18;adj_pos
hêtre;18;nom
endroit;18;nom
eau;18;nom
crypte;18;nom
courir;18;ver
compte;18;nom
coeur;18;nom
bras;18;nom
aucun;18;adj_ind
tant;17;adv_sup
présenter;17;ver
possible;17;adj
place;17;nom
moyen;17;nom
lieu;17;nom
large;17;adj
feu;17;nom
existence;17;nom
comprendre;17;ver
branche;17;nom
au_dessus;17;pre
appeler;17;ver
ajouter;17;ver
étage;16;nom
voici;16;pre
sentiment;16;nom
scène;16;nom
rue;16;nom
puisqu;16;con
près;16;pre
police;16;nom
partie;16;nom
offrir;16;ver
muraille;16;nom
gros;16;adj
entrer;16;ver
dormir;16;ver
cri;16;nom
compter;16;ver
colporteur;16;nom
chaque;16;adj_ind
celle;16;pro_dem
apprendre;16;ver
appareil;16;nom
écouter;15;ver
vrai;15;adj
suivant;15;pre
suffire;15;ver
seulement;15;adv
remettre;15;ver
profond;15;adj
pauvre;15;adj
ombre;15;nom
observer;15;ver
idée;15;nom
hâter;15;ver
génie;15;nom
finir;15;ver
droite;15;nom
diriger;15;ver
craindre;15;ver
coucher;15;ver
comitat;15;nr
chaîne;15;nom
au_delà;15;adv
agent;15;nom
accompagner;15;ver
étrange;14;adj
époque;14;nom
transylvanie;14;nr
tel;14;adj_ind
table;14;nom
sorte;14;nom
soleil;14;nom
répliquer;14;ver
retyezat;14;nr
précipiter;14;ver
population;14;nom
plein;14;pre
obstacle;14;nom
nyad;14;nr
mieux;14;adv_sup
massif;14;adj
intention;14;nom
indiquer;14;ver
impossible;14;adj
importer;14;ver
hôte;14;nom
hors;14;pre
hauteur;14;nom
frapper;14;ver
force;14;adj_ind
fiancé;14;nom
engager;14;ver
empêcher;14;ver
diable;14;ono
derrière;14;pre
demi;14;adj_sup
commencer;14;ver
client;14;nom
ceux;14;pro_dem
celui;14;pro_dem
briser;14;ver
bout;14;nom
autant;14;adv_sup
aubergiste;14;nom
agir;14;ver
affaire;14;nom
écouler;13;ver
valaque;13;nom
toutefois;13;adv_sup
seconde;13;nom
san;13;nr
réduire;13;ver
quatre;13;adj_num
oreille;13;nom
nuage;13;nom
nombre;13;nom
noir;13;adj
murmurer;13;ver
monter;13;ver
minute;13;nom
mauvais;13;adj
lointain;13;adj
lever;13;ver
huit;13;adj_num
frontière;13;nom
former;13;ver
figure;13;nom
femme;13;nom
entraîner;13;ver
droit;13;nom
dresser;13;ver
distance;13;nom
corps;13;nom
condition;13;nom
cloche;13;nom
carlo;13;nr
arracher;13;ver
approcher;13;ver
achever;13;ver
étranger;12;adj
vérité;12;nom
voyage;12;nom
verre;12;nom
traverser;12;ver
tour;12;nom
tenter;12;ver
tandis_que;12;con
soudain;12;adv_sup
sommeil;12;nom
soin;12;nom
situation;12;nom
saisir;12;ver
ruine;12;nom
retourner;12;ver
rejoindre;12;ver
recevoir;12;ver
pâtour;12;nom
public;12;adj
prêt;12;adj
prévenir;12;ver
provoquer;12;ver
paroi;12;nom
nouveau;12;adj
mot;12;nom
mesure;12;nom
loge;12;nom
krajowa;12;nr
ici;12;adv_sup
humain;12;nom
fil;12;nom
extrémité;12;nom
exister;12;ver
enfuir;12;ver
départ;12;nom
coûter;12;ver
clarté;12;nom
chez;12;pre
cheveu;12;nom
cheminée;12;nom
cesser;12;ver
certain;12;adj_ind
bientôt;12;adv
apparition;12;nom
ah;12;ono
élever;11;ver
vendre;11;ver
travail;11;nom
torrent;11;nom
supérieur;11;adj
semblable;11;adj
résolution;11;nom
retrouver;11;ver
représentation;11;nom
regagner;11;ver
présence;11;nom
prononcer;11;ver
posséder;11;ver
personnage;11;nom
pendre;11;ver
oh;11;ono
obliger;11;ver
notable;11;adj
mouton;11;nom
menace;11;nom
manquer;11;ver
mal;11;adv_sup
lui_même;11;pro_per
lueur;11;nom
juif;11;adj
italie;11;nr
inutile;11;adj
infirmier;11;nom
immobile;11;adj
hésiter;11;ver
histoire;11;nom
guère;11;adv
garder;11;ver
galerie;11;nom
fin;11;nom
fauteuil;11;nom
escalier;11;nom
entrée;11;nom
défendre;11;ver
disparaître;11;ver
demain;11;adv_sup
d_abord;11;adv_sup
ciel;11;nom
chort;11;nr
cas;11;nom
cantatrice;11;nom
cacher;11;ver
bourgade;11;nom
bois;11;nom
besoin;11;nom
base;11;nom
aventure;11;nom
aimer;11;ver
adresser;11;ver
évidemment;10;adv
éloigner;10;ver
égarer;10;ver
volontiers;10;adv_sup
visite;10;nom
troupeau;10;nom
ton;10;nom_sup
terre;10;nom
telle;10;adj_ind
tard;10;adv_sup
séparer;10;ver
soldat;10;nom
siècle;10;nom
six;10;adj_num
silence;10;nom
risquer;10;ver
rentrer;10;ver
refuser;10;ver
rayon;10;nom
ramener;10;ver
raconter;10;ver
question;10;nom
présent;10;nom
projet;10;nom
prix;10;nom
presque;10;adv_sup
plaire;10;ver
phrase;10;nom
paysan;10;nom
payer;10;ver
oublier;10;ver
oser;10;ver
nécessaire;10;adj
nouvelle;10;adj
nature;10;nom
moindre;10;adj_sup
malheur;10;nom
lèvre;10;nom
juge;10;nom
journée;10;nom
intérêt;10;nom
inexplicable;10;adj
hanter;10;ver
glisser;10;ver
fuir;10;ver
forme;10;nom
façon;10;nom
extrême;10;adj
explication;10;nom
enfermer;10;ver
divers;10;adj_ind
disposer;10;ver
dehors;10;ono
crête;10;nom
courant;10;adj
conversation;10;nom
contrescarpe;10;nom
communication;10;nom
chanter;10;ver
causer;10;ver
campagne;10;nom
boire;10;ver
bas;10;adj
auquel;10;pro_rel
attacher;10;ver
assurer;10;ver
appartenir;10;ver
admettre;10;ver
étroit;9;adj
étendre;9;ver
établir;9;ver
épaule;9;nom
ville;9;nom
valoir;9;ver
unique;9;adj
tunnel;9;nom
troubler;9;ver
touriste;9;nom
terre_plein;9;nom
tentative;9;nom
tendre;9;ver
te;9;pro_per
surface;9;nom
répandre;9;ver
récit;9;nom
retour;9;nom
reparaître;9;ver
rapprocher;9;ver
principal;9;adj
plusieurs;9;adj_ind
part;9;nom
obscurité;9;nom
objet;9;nom
montant;9;nom
mois;9;nom
midi;9;nom
livrer;9;ver
libre;9;adj
kolosvar;9;nr
jusqu;9;pre
invisible;9;adj
imagination;9;nom
horizon;9;nom
habiter;9;ver
fumer;9;ver
fortune;9;nom
fixer;9;ver
facile;9;adj
explosion;9;nom
expliquer;9;ver
espérer;9;ver
enlever;9;ver
dégager;9;ver
douleur;9;nom
dieu;9;nom
demi_heure;9;nom
couloir;9;nom
construction;9;nom
consentir;9;ver
connaissance;9;nom
chacun;9;pro_ind
bouche;9;nom
botte;9;nom
attirer;9;ver
art;9;nom
arrière;9;ono
antique;9;adj
étonner;8;ver
éteindre;8;ver
école;8;nom
véritable;8;adj
vraiment;8;adv
vingt;8;adj_num
victime;8;nom
tourner;8;ver
toi;8;pro_per
tels;8;adj_ind
sombre;8;adj
simple;8;adj
serviteur;8;nom
service;8;nom
résoudre;8;ver
réalité;8;nom
revoir;8;ver
redescendre;8;ver
rapporter;8;ver
rappeler;8;ver
quarantaine;8;nom
père;8;nom
prétendre;8;ver
province;8;nom
propos;8;nom
promettre;8;ver
profit;8;nom
prier;8;ver
poser;8;ver
plate_forme;8;nom
pilier;8;nom
peur;8;nom
petroseny;8;nr
pente;8;nom
pasteur;8;nom
parce_que;8;con
origine;8;nom
observation;8;nom
notre;8;adj_pos
meilleur;8;adj
matin;8;nom
masse;8;nom
mariage;8;nom
longtemps;8;adv_sup
lendemain;8;nom_sup
instrument;8;nom
inspirer;8;ver
imaginer;8;ver
halte;8;ono
gagner;8;ver
final;8;adj
fer;8;nom
embrasure;8;nom
effroyable;8;adj
effort;8;nom
dépasser;8;ver
défier;8;ver
découvrir;8;ver
disposition;8;nom
difficulté;8;nom
difficile;8;adj
dessiner;8;ver
curiosité;8;nom
curieux;8;adj
culture;8;nom
couteau;8;nom
continuer;8;ver
contenter;8;ver
conduire;8;ver
complet;8;adj
cinquante;8;adj_num
charme;8;nom
certainement;8;adv
centre;8;nom
catastrophe;8;nom
cabaretier;8;nom
c_est_à_dire;8;adv_sup
blanc;8;adj
baisser;8;ver
avancer;8;ver
autrefois;8;pro_ind
autorité;8;nom
asseoir;8;ver
apporter;8;ver
accepter;8;ver
événement;7;nom
énorme;7;adj
écho;7;nom
ébranler;7;ver
voûte;7;nom
vif;7;adj
vapeur;7;nom
valaques;7;nr
transylvaines;7;nr
teinte;7;nom
taille;7;nom
surprendre;7;ver
sud;7;nom
soutenir;7;ver
sonner;7;ver
sommet;7;nom
seuil;7;nom
secouer;7;ver
savant;7;nom
sapinière;7;nom
réflexion;7;nom
rude;7;adj
rompre;7;ver
rideau;7;nom
recueillir;7;ver
rassurer;7;ver
rang;7;nom
rakiou;7;nr
quels;7;adj_int
puissant;7;adj
promesse;7;nom
pointe;7;nom
pareil;7;adj
orlando;7;nr
obtenir;7;ver
obscur;7;adj
niveau;7;nom
naturel;7;adj
mêler;7;ver
médecin;7;nom
malfaiteur;7;nom
malfaisant;7;adj
lourd;7;adj
livadzel;7;nr
lisière;7;nom
jusqu_aux;7;nr
inquiéter;7;ver
honneur;7;nom
herbe;7;nom
habitude;7;nom
gentilhomme;7;nom
gendarme;7;nom
fusil;7;nom
frais;7;adj
forcer;7;ver
florin;7;nom
fantastique;7;adj
fameux;7;adj
fait;7;nom
europe;7;nr
estrade;7;nom
envoyer;7;ver
enfouir;7;ver
emplir;7;ver
détruire;7;ver
détour;7;nom
détacher;7;ver
défilé;7;nom
durer;7;ver
douter;7;ver
dominer;7;ver
digne;7;adj
croupe;7;nom
crainte;7;nom
combien;7;adv_sup
cime;7;nom
cher;7;adj
changer;7;ver
certaine;7;adj_ind
central;7;adj
centaine;7;nom
ceinture;7;nom
brusquement;7;adv
banc;7;nom
autour;7;adv_sup
aube;7;pre
attention;7;nom
aspect;7;nom
appartement;7;nom
amour;7;nom
allonger;7;ver
admirable;7;adj
adieu;7;nom
accès;7;nom
éprouver;6;ver
émotion;6;nom
éclat;6;nom
échanger;6;ver
ça;6;pro_dem
âge;6;nom
vent;6;nom
vaste;6;adj
vain;6;adj
tuyau;6;nom
tromper;6;ver
transylvaine;6;nr
trace;6;nom
terreur;6;nom
talus;6;nom
taire;6;ver
sûr;6;adj
surtout;6;adv_sup
superstition;6;nom
souterrain;6;adj
souffle;6;nom
solitude;6;nom
soi;6;pro_per
secret;6;nom
sang;6;nom
saison;6;nom
réserve;6;nom
rome;6;nr
ressentir;6;ver
respirer;6;ver
renoncer;6;ver
rencontre;6;nom
remarquer;6;ver
refuge;6;nom
recouvrir;6;ver
rare;6;adj
race;6;nom
quoique;6;con
pur;6;adj
prêter;6;ver
près_de;6;adv
portrait;6;nom
plan;6;nom
placer;6;ver
pencher;6;ver
parfois;6;adv_sup
parcourir;6;ver
ouverture;6;nom
oblique;6;adj
nul;6;adj_ind
neuf;6;adj_num
moitié;6;nom
mine;6;nom
maudit;6;adj
mardi;6;nom
manger;6;ver
là_bas;6;adv
lune;6;nom
lumineux;6;adj
lors;6;adv_sup
lesquelles;6;pro_rel
langue;6;nom
lancer;6;ver
juste;6;adj_sup
italien;6;adj
irrésistible;6;adj
insister;6;ver
influence;6;nom
heurter;6;ver
heureux;6;adj
hasarder;6;ver
grâce;6;pre
grave;6;adj
froid;6;adj
fouillis;6;nom
foi;6;nom
flamme;6;nom
ferrure;6;nom
fatigue;6;nom
exprimer;6;ver
escalader;6;ver
entrailles;6;nom
entourer;6;ver
ensemble;6;adv
emporter;6;ver
effroi;6;nom
développer;6;ver
désert;6;adj
dérouler;6;ver
déposer;6;ver
distinctement;6;adv
dilettante;6;nom
diabolique;6;adj
debout;6;adv_sup
cuir;6;nom
crier;6;ver
couronner;6;ver
contrée;6;nom
contenir;6;ver
concerner;6;ver
commun;6;adj
comble;6;nom
circonstance;6;nom
chien;6;nom
chevelure;6;nom
champ;6;nom
calmer;6;ver
bête;6;nom
brume;6;nom
broc;6;nom
brisé;6;adj
brique;6;nom
brebis;6;nom
boîte;6;nom
bissac;6;nom
auxquels;6;pro_rel
autrement;6;adv
aussitôt;6;adv
au_dehors;6;adv
argent;6;nom
amener;6;ver
allumer;6;ver
affirmer;6;ver
acheter;6;ver
absorber;6;ver
absolument;6;adv
étoile;5;nom
épaisseur;5;nom
élancer;5;ver
écraser;5;ver
éclairé;5;adj
çà;5;adv
voisin;5;nom
vingtaine;5;nom
verrou;5;nom
verdure;5;nom
usage;5;nom
téléphonique;5;adj
tsigane;5;nom
traîner;5;ver
séjourner;5;ver
superstitieux;5;adj
superbe;5;adj
spectateur;5;nom
simplement;5;adv
science;5;nom
satisfaire;5;ver
sapin;5;nom
santo;5;nr
rêver;5;ver
réunion;5;nom
réputation;5;nom
réponse;5;nom
réfléchir;5;ver
réel;5;adj
rive;5;nom
riche;5;adj
revenant;5;nom
reposer;5;ver
repos;5;nom
renouveler;5;ver
renfermer;5;ver
remplir;5;ver
redresser;5;ver
ramper;5;ver
racine;5;nom
quelqu_un;5;pro_ind
quelles;5;adj_int
quatrième;5;adj
puits;5;nom
préparer;5;ver
protéger;5;ver
propre;5;adj
profondeur;5;nom
probable;5;adj
prisonnier;5;adj
pourvoir;5;ver
poltron;5;nom
plupart;5;adv_sup
plongée;5;nom
plonger;5;ver
pleuvoir;5;ver
pleurer;5;ver
plat;5;nom
piège;5;nom
pipe;5;nom
passion;5;nom
particulièrement;5;adv
paring;5;nr
palier;5;nom
ordre;5;nom
occasion;5;nom
nicolas;5;nr
mystérieux;5;adj
mystère;5;nom
musique;5;nom
mugissement;5;nom
mouvement;5;nom
mont;5;nom
mio;5;nr
meurtrier;5;nom
menacer;5;ver
maros;5;nr
marché;5;nom
manière;5;nom
maléfice;5;nom
magistrat;5;nom
léger;5;adj
logis;5;nom
ligne;5;nom
larme;5;nom
joli;5;adj
joindre;5;ver
issue;5;nom
isolé;5;adj
inviter;5;ver
invention;5;nom
intervention;5;nom
interminable;5;adj
importance;5;nom
illusion;5;nom
ignorer;5;ver
humide;5;adj
horloge;5;nom
hongrois;5;nom
guérir;5;ver
guider;5;ver
guide;5;nom
grille;5;nom
geste;5;nom
féodal;5;adj
frayer;5;ver
foyer;5;nom
florence;5;nom
fleur;5;nom
façade;5;nom
faute;5;nom
extérieur;5;adj
extraordinaire;5;adj
explorer;5;ver
eux;5;pro_per
escabeau;5;nom
entier;5;adj
ensevelir;5;ver
enivrer;5;ver
enfant;5;nom
employé;5;nom
empire;5;nom
dévorer;5;ver
détail;5;nom
désirer;5;ver
démarche;5;nom
directement;5;adv
demeure;5;nom
date;5;nom
danger;5;nom
céder;5;ver
cuore;5;nr
creuser;5;ver
court;5;adj
cour;5;nom
costume;5;nom
convaincre;5;ver
contraire;5;nom
confondre;5;ver
confiance;5;nom
coiffer;5;ver
clef;5;nom
clair;5;adj
circulaire;5;adj
chevet;5;nom
charmant;5;adj
certitude;5;nom
cents;5;adj_num
casemate;5;nom
camper;5;ver
calme;5;nom
brusque;5;adj
bonheur;5;nom
bloc;5;nom
baromètre;5;nom
avis;5;nom
aventurer;5;ver
au_dessous;5;adv
attribuer;5;ver
arrivée;5;nom
appuyer;5;ver
apparence;5;nom
aider;5;ver
aide;5;nom
acte;5;nom
abri;5;nom
abaisser;5;ver
évoquer;4;ver
éviter;4;ver
élevé;4;adj
écrire;4;ver
éclairer;4;ver
éclaircir;4;ver
âgé;4;adj
zone;4;nom
vraisemblable;4;adj
vos;4;adj_pos
voisinage;4;nom
voglio;4;nr
vivement;4;adv
vite;4;adv_sup
vision;4;nom
visible;4;adj
viser;4;ver
vigoureux;4;adj
vide;4;adj
veste;4;nom
venise;4;nom
veille;4;nom
tube;4;nom
trouble;4;nom
triste;4;adj
traversée;4;nom
transylvain;4;adj
trait;4;nom
tournée;4;nom
tournure;4;nom
tournant;4;nom
titre;4;nom
tige;4;nom
terrible;4;adj
terrain;4;nom
taxe;4;nom
tandis_qu;4;con
talent;4;nom
suspect;4;nom
surveiller;4;ver
surplus;4;nom
supposer;4;ver
suite;4;nom
sud_ouest;4;nom
source;4;nom
soulever;4;ver
somme;4;nom
soixante;4;adj_num
singulier;4;adj
silhouette;4;nom
signe;4;nom
serré;4;adj
schnaps;4;nom
rôle;4;nom
réveiller;4;ver
résultat;4;nom
région;4;nom
réfugier;4;ver
rouvrir;4;ver
rouler;4;ver
ronger;4;ver
respiration;4;nom
repas;4;nom
remontant;4;nom
relation;4;nom
refermer;4;ver
reclus;4;adj
rebord;4;nom
rattacher;4;ver
ras;4;adj
raisonner;4;ver
raccorder;4;ver
quinzaine;4;nom
quelques_uns;4;pro_ind
quelconque;4;adj_sup
qualité;4;nom
pénétrant;4;adj
pâle;4;adj
préoccuper;4;ver
propriétaire;4;nom
proposition;4;nom
promener;4;ver
promenade;4;nom
prolonger;4;ver
profondément;4;adv
prodige;4;nom
presser;4;ver
portion;4;nom
populaire;4;adj
plante;4;nom
plaisanter;4;ver
plaindre;4;ver
physique;4;adj
personnel;4;adj
percer;4;ver
parmi;4;pre
parer;4;ver
pain;4;nom
ouest;4;nom
orienter;4;ver
orage;4;nom
opposé;4;nom
néanmoins;4;con
nuovo;4;nr
noyer;4;ver
note;4;nom
nord;4;nom
nombreux;4;adj
naître;4;ver
mériter;4;ver
ménager;4;nom
mélodie;4;nom
multiple;4;adj
mousse;4;nom
morire;4;nr
monstre;4;nom
modifier;4;ver
meuble;4;nom
merveilleux;4;adj
mener;4;ver
menaçant;4;adj
matinée;4;nom
manifester;4;ver
malgré;4;pre
maladie;4;nom
malade;4;adj
magnifique;4;adj
machine;4;nom
longer;4;ver
liqueur;4;nom
lentement;4;adv
largement;4;adv
juger;4;ver
jouet;4;nom
jouer;4;ver
jeunesse;4;nom
jeu;4;nom
inventeur;4;nom
introduire;4;ver
interrompre;4;ver
interroger;4;ver
intense;4;adj
insurmontable;4;adj
instruction;4;nom
instinct;4;nom
installer;4;ver
inquiétant;4;adj
infortuné;4;adj
inerte;4;adj
indépendance;4;nom
inconnu;4;nom
incompréhensible;4;adj
incomparable;4;adj
incapable;4;adj
important;4;adj
héros;4;nom
hérisser;4;ver
honorer;4;ver
heureusement;4;adv
haletant;4;adj
griffe;4;nom
garçon;4;nom
fête;4;nom
france;4;nr
franc;4;nom
forteresse;4;nom
fonctionner;4;ver
flanc;4;nom
fier;4;adj
fantôme;4;nom
fantaisie;4;nom
examiner;4;ver
ex;4;nr
espoir;4;nom
espace;4;nom
environnant;4;adj
envie;4;nom
entretenir;4;ver
enseigner;4;ver
effrayer;4;ver
effrayant;4;adj
détourner;4;ver
désespoir;4;nom
désaltérer;4;ver
dérober;4;ver
dépenser;4;ver
défaut;4;nom
décidément;4;adv
déchirer;4;ver
durant;4;pre
dressoir;4;nom
dramatique;4;adj
dragon;4;nom
douzaine;4;nom
douteux;4;adj
dos;4;nom
domaine;4;nom
dix;4;adj_num
distinguer;4;ver
demeurer;4;ver
degré;4;nom
célébrer;4;ver
crénelé;4;adj
créneau;4;nom
crédule;4;adj
croyance;4;nom
courage;4;nom
couleur;4;nom
corridor;4;nom
corde;4;nom
contourner;4;ver
conséquence;4;nom
constater;4;ver
considérable;4;adj
conscience;4;nom
consacrer;4;ver
conclure;4;ver
concentrer;4;ver
compléter;4;ver
coin;4;nom
clos;4;adj
cligner;4;ver
clientèle;4;nom
chute;4;nom
choisir;4;ver
chef;4;nom
chaume;4;nom
chaud;4;adj
charger;4;ver
chapeau;4;nom
certaines;4;adj_ind
celui_ci;4;pro_dem
cause;4;nom
caractère;4;nom
capitale;4;nom
capable;4;adj
campo;4;nom
bâtir;4;ver
bâtiment;4;nom
buveur;4;nom
brèche;4;nom
broussaille;4;nom
braquer;4;ver
bourse;4;nom
bourg;4;nom
bizarre;4;adj
berge;4;nom
battre;4;ver
barbe;4;nom
balle;4;nom
baigner;4;ver
bahut;4;nom
avenir;4;nom
aujourd_hui;4;adv_sup
assise;4;nom
ascension;4;nom
arrondir;4;ver
arme;4;nom
appliquer;4;ver
angélica;4;nr
andiamo;4;nr
aile;4;nom
affoler;4;ver
adresse;4;nom
admirateur;4;nom
accueillir;4;ver
accroître;4;ver
accomplir;4;ver
absolu;4;adj
étonnement;3;nom
érable;3;nom
ému;3;adj
émerger;3;ver
élève;3;nom
élisée;3;nr
électrique;3;adj
élargir;3;ver
écarter;3;ver
xixe;3;nr
vêtement;3;nom
volonté;3;nom
voler;3;ver
vive;3;ono
violent;3;adj
vingt_quatre;3;adj_num
viande;3;nom
verdâtre;3;adj
vampire;3;nom
vaincre;3;ver
vague;3;nom
uns;3;pro_ind
uniquement;3;adv
tôt;3;adv
ténèbres;3;nom
type;3;nom
tumultueux;3;adj
tuer;3;ver
tronc;3;nom
troisième;3;adj
trembler;3;ver
travailler;3;ver
transporter;3;ver
toucher;3;ver
torpeur;3;nom
toit;3;nom
tinter;3;ver
thermomètre;3;nom
tes;3;adj_pos
terminer;3;ver
terme;3;nom
tendresse;3;nom
tapis;3;nom
talon;3;nom
tailler;3;ver
sérieux;3;adj
système;3;nom
surprise;3;nom
surexcitation;3;nom
supporter;3;ver
sujet;3;nom
suffisamment;3;adv
succès;3;nom
successivement;3;adv
sublime;3;adj
subir;3;ver
stéfano;3;nr
stryge;3;nom
sourire;3;ver
sourdre;3;ver
soupçonner;3;ver
soupçon;3;nom
soupir;3;nom
souper;3;nom
souhaiter;3;ver
souffrir;3;ver
sorcellerie;3;nom
solidement;3;adv
solide;3;adj
sirène;3;nom
sillonner;3;ver
signaler;3;ver
serpent;3;nom
sept;3;adj_num
sentier;3;nom
semer;3;ver
semelle;3;nom
semaine;3;nom
seigneur;3;nom
secousse;3;nom
secours;3;nom
second;3;adj
sec;3;adj
sayon;3;nom
saxon;3;adj
sauvage;3;adj
satisfaction;3;nom
santé;3;nom
saluer;3;ver
saint;3;nom
saillie;3;nom
rêve;3;nom
réunir;3;ver
résister;3;ver
résigner;3;ver
répercuter;3;ver
régulier;3;adj
réclamer;3;ver
rougir;3;ver
rougeâtre;3;adj
rouge;3;adj
rosée;3;nom
romance;3;nom
rire;3;ver
revers;3;nom
retirer;3;ver
retentir;3;ver
retarder;3;ver
repousser;3;ver
reporter;3;ver
renverser;3;ver
religion;3;nom
relier;3;ver
regretter;3;ver
regret;3;nom
reculer;3;ver
recherche;3;nom
ravin;3;nom
raser;3;ver
rarement;3;adv
rapport;3;nom
ramure;3;nom
quoiqu;3;nr
pénible;3;adj
péage;3;nom
pâture;3;nom
pureté;3;nom
précision;3;nom
préalablement;3;adv
prouver;3;ver
propager;3;ver
pronostic;3;nom
projeter;3;ver
proie;3;nom
profiter;3;ver
profil;3;nom
prochain;3;adj
privé;3;adj
prison;3;nom
preuve;3;nom
pressant;3;adj
praticable;3;adj
poète;3;nom
poursuivre;3;ver
pot;3;nom
positif;3;adj
portée;3;nom
pope;3;nom
politique;3;nom
poitrine;3;nom
poil;3;nom
poche;3;nom
pluie;3;nom
plomb;3;nom
plaque;3;nom
pistolet;3;nom
pic;3;nom
physionomie;3;nom
persister;3;ver
perfection;3;nom
percée;3;nom
paître;3;ver
particulier;3;adj
parapet;3;nom
paralyser;3;ver
outre;3;pre
ours;3;nom
orme;3;nom
original;3;nom
orifice;3;nom
opérer;3;ver
oppression;3;nom
oeuvre;3;nom
obéir;3;ver
obstiner;3;ver
nommer;3;ver
nocturne;3;adj
noble;3;adj
nez;3;nom
nervure;3;nom
mêmes;3;pro_ind
métier;3;nom
métallique;3;adj
méridional;3;adj
mémoire;3;nom
mécanique;3;adj
mètre;3;nom
mâchoire;3;nom
myriade;3;nom
muscle;3;nom
mouchoir;3;nom
morne;3;adj
morceau;3;nom
million;3;nom_sup
merveille;3;nom
membre;3;nom
matériel;3;nom
marche;3;nom
mansarde;3;nom
maniaque;3;nom
maigre;3;adj
mai;3;nom
mademoiselle;3;nom
machinerie;3;nom
machinalement;3;adv
là_haut;3;adv
là_dessus;3;adv
loisir;3;nom
loger;3;ver
limite;3;nom
leçon;3;nom
lettre;3;nom
latéral;3;adj
labyrinthe;3;nom
kilomètre;3;nom
jusque;3;pre
juin;3;nom
jouir;3;ver
joint;3;nom
jaunâtre;3;adj
jaillir;3;ver
isolement;3;nom
ironique;3;adj
intervenir;3;ver
intervalle;3;nom
interdire;3;ver
inquiétude;3;nom
inoubliable;3;adj
innamorata;3;nr
inférieur;3;adj
infini;3;adj
inexprimable;3;adj
indispensable;3;adj
imprudent;3;adj
impressionner;3;ver
impraticable;3;adj
imposer;3;ver
hâte;3;nom
hypothèse;3;nom
horrible;3;adj
hongroise;3;nom
hongrie;3;nr
hocher;3;ver
hisser;3;ver
haleine;3;nom
haine;3;nom
hagard;3;adj
habituer;3;ver
habituel;3;adj
habitation;3;nom
habitable;3;adj
habile;3;adj
gêner;3;ver
gré;3;nom
grisonnant;3;adj
grimper;3;ver
grimacer;3;ver
gracieux;3;adj
goût;3;nom
glace;3;nom
girouette;3;nom
gigantesque;3;adj
gars;3;nom
garantir;3;ver
gaine;3;nom
fée;3;nom
fâcheux;3;adj
fragment;3;nom
foutre;3;ver
fouiller;3;ver
formel;3;adj
forain;3;adj
foire;3;nom
flanquer;3;ver
filtrer;3;ver
fils;3;nom
filet;3;nom
faux;3;adj
fauve;3;nom
fatigant;3;adj
fanal;3;nom
faim;3;nom
facilement;3;adv
exploration;3;nom
exiger;3;ver
exemple;3;nom
excursion;3;nom
exciter;3;ver
excentrique;3;adj
escouade;3;nom
erreur;3;nom
errer;3;ver
enveloppé;3;adj
envelopper;3;ver
entièrement;3;adv
enterrer;3;ver
enfoncer;3;ver
enchaîner;3;ver
emprisonner;3;ver
empresser;3;ver
effleurer;3;ver
effacer;3;ver
dévouement;3;nom
désir;3;nom
dépit;3;nom
dénouer;3;ver
dénivellation;3;nom
délivrer;3;ver
délaisser;3;ver
délabrer;3;ver
décrire;3;ver
déclin;3;nom
déclarer;3;ver
débris;3;nom
déborder;3;ver
doux;3;adj
doubler;3;ver
double;3;adj
dizaine;3;nom
diverses;3;adj_ind
district;3;nom
disparition;3;nom
dirigeant;3;nom
descendant;3;nom
dent;3;nom
demi_mille;3;nom
dedans;3;adv_sup
davantage;3;adv_sup
dace;3;adj
côtoyer;3;ver
célèbre;3;adj
cylindre;3;nom
cuvette;3;nom
créer;3;ver
crédulité;3;nom
crâne;3;nom
croix;3;nom
crevasse;3;nom
couple;3;nom
couler;3;ver
coude;3;nom
contraindre;3;ver
constitution;3;nom
conserver;3;ver
conquérir;3;ver
conduite;3;nom
condamner;3;ver
composer;3;ver
commettre;3;ver
clore;3;ver
clocher;3;nom
cinquante_cinq;3;adj_num
cimetière;3;nom
chêne;3;nom
chasser;3;ver
ceux_ci;3;pro_dem
celui_là;3;pro_dem
cave;3;nom
capricieusement;3;adv
campanile;3;nom
calculer;3;ver
cadavre;3;nom
brun;3;adj
broder;3;ver
briller;3;ver
bretelle;3;nom
bref;3;adv
branler;3;ver
bouquet;3;nom
bouger;3;ver
bord;3;nom
bonsoir;3;nom
bonjour;3;nom
boisson;3;nom
blessure;3;nom
bistritz;3;nr
bec;3;nom
beauté;3;nom
battement;3;nom
bassin;3;nom
bande;3;nom
avidement;3;adv
avertissement;3;nom
avance;3;nom
auditoire;3;nom
au_devant;3;adv
attitude;3;nom
attaquer;3;ver
assombrir;3;ver
assister;3;ver
assistance;3;nom
aptitude;3;nom
appui;3;nom
anéantissement;3;nom
angoisse;3;nom
ancêtre;3;nom
allure;3;nom
allemagne;3;nom
aliment;3;nom
ajuster;3;ver
aisément;3;adv
aimable;3;adj
aiguille;3;nom
agréable;3;adj
affaiblir;3;ver
acquérir;3;ver
accrocher;3;ver
accent;3;nom
absurde;3;adj
absence;3;nom
abattre;3;ver
éveiller;2;ver
évanouir;2;ver
étroitement;2;adv
étoffe;2;nom
étendue;2;nom
étape;2;nom
étalage;2;nom
étable;2;nom
épouvantable;2;adj
épidémique;2;adj
épargner;2;ver
élément;2;nom
électricité;2;nom
église;2;nom
égard;2;nom
égal;2;adj
éducation;2;nom
écran;2;nom
éclater;2;ver
échevelé;2;adj
éboulement;2;nom
zénith;2;nom
werstiens;2;nr
vôtres;2;pro_pos
voûté;2;adj
voïvode;2;nr
voyager;2;ver
vouer;2;ver
volute;2;nom
visionner;2;ver
visiblement;2;adv
vingt_cinq;2;adj_num
vigne;2;nom
vieil;2;adj
vider;2;ver
vibration;2;nom
vert;2;adj
verser;2;ver
versant;2;nom
vermoulu;2;adj
verdoyant;2;adj
ventre;2;nom
vayda;2;nr
vasque;2;nom
vase;2;nom
vantail;2;nom
valachie;2;nr
vainement;2;adv
utile;2;adj
urgent;2;adj
uniformité;2;nom
unes;2;pro_ind
tâter;2;ver
trouer;2;ver
trou;2;nom
triomphe;2;nom
tremante;2;nr
transylvains;2;nr
transformer;2;ver
tranquillement;2;adv
traiter;2;ver
tragique;2;adj
traditionnel;2;adj
torotzko;2;nr
tonnerre;2;nom
tonne;2;nom
tombant;2;adj
tiens;2;ono
thorda;2;nr
tendu;2;adj
tenace;2;adj
tempérament;2;nom
tapisser;2;ver
talonner;2;ver
tablier;2;nom
sûreté;2;nom
sérieusement;2;adv
série;2;nom
séjour;2;nom
sécurité;2;nom
séculaire;2;adj
szeklers;2;nr
suspendre;2;ver
survivre;2;ver
surprenant;2;adj
surmonter;2;ver
surhumain;2;adj
surgir;2;ver
supposable;2;adj
supplier;2;ver
suggérer;2;ver
suffisant;2;adj
sud_est;2;nom
striges;2;nr
staffii;2;nr
splendeur;2;nom
spectral;2;adj
sourcil;2;nom
soucieux;2;adj
sorcier;2;nom
soporifique;2;adj
soixante_dix_sept;2;adj_num
soixantaine;2;nom
soirée;2;nom
soigner;2;ver
situer;2;ver
sinon;2;con
sillon;2;nom
silencieux;2;adj
signifier;2;ver
significatif;2;adj
signer;2;ver
siffler;2;ver
sicile;2;nr
serrure;2;nom
serrer;2;ver
serra;2;nom
serment;2;nom
selon;2;pre
sel;2;nom
secrètement;2;adv
saulaie;2;nom
sang_froid;2;nom
sandor;2;nr
salutaire;2;adj
salut;2;ono
rôdeur;2;nom
révéler;2;ver
réussir;2;ver
résulter;2;ver
réserver;2;ver
réplique;2;nom
répertoire;2;nom
réparer;2;ver
réfractaire;2;adj
réaliser;2;ver
rustique;2;adj
russie;2;nr
russe;2;adj
ruisseau;2;nom
roumanie;2;nr
rouille;2;nom
rosza;2;nr
roman;2;nom
roi;2;nom
roc;2;nom
rivière;2;nom
rival;2;nom
ridicule;2;adj
rez_de_chaussée;2;nom
revêtir;2;ver
revirement;2;nom
retrancher;2;ver
retraite;2;nom
retomber;2;ver
retard;2;nom
retable;2;nom
ressusciter;2;ver
ressort;2;nom
respect;2;nom
repère;2;nom
reproduire;2;ver
reprocher;2;ver
repasser;2;ver
renvoyer;2;ver
remontrer;2;ver
rembourser;2;ver
relief;2;nom
relatif;2;adj
rejeter;2;ver
rein;2;nom
redevenir;2;ver
reconnaissant;2;adj
recommencer;2;ver
recommander;2;ver
rechercher;2;ver
rebrousser;2;ver
raviner;2;ver
rassurant;2;adj
rassembler;2;ver
rapidement;2;adv
ranger;2;ver
ramification;2;nom
ramasser;2;ver
rallumer;2;ver
raisonnable;2;adj
railler;2;ver
raidillon;2;nom
raide;2;adj
rage;2;nom
rafale;2;nom
rabattre;2;ver
quinze;2;adj_num
quiconque;2;pro_rel
quelquefois;2;adv_sup
quart;2;nom
périr;2;ver
péripétie;2;nom
pâturage;2;nom
pâtis;2;nom
pâlir;2;ver
purement;2;adv
prêtre;2;nom
prêteur;2;nom
prétention;2;nom
précéder;2;ver
précisément;2;adv
précieux;2;adj
prudent;2;adj
provision;2;nom
provenir;2;ver
proprement;2;adv
proposer;2;ver
proportion;2;nom
projection;2;nom
profiler;2;ver
profession;2;nom
produit;2;nom
prodigieux;2;adj
procédé;2;nom
probablement;2;adv
pratique;2;adj
poussière;2;nom
poursuite;2;nom
poumon;2;nom
pouce;2;nom
poster;2;ver
poste;2;nom
possession;2;nom
position;2;nom
porc;2;nom
pointu;2;adj
plume;2;nom
pli;2;nom
pleur;2;nom
plaintif;2;adj
plain;2;nom
plafond;2;nom
piéton;2;adj
pitié;2;nom
pin;2;nom
pierreux;2;adj
physicien;2;nom
phonographique;2;adj
phonographe;2;nom
peuplier;2;nom
peupler;2;ver
petrilla;2;nr
pesant;2;adj
perte;2;nom
persistant;2;adj
perfectionner;2;ver
percevoir;2;ver
peintre;2;nom
peau;2;nom
patrie;2;nom
patraques;2;nr
patraque;2;adj
passionné;2;adj
partout;2;adv_sup
partager;2;ver
paroxysme;2;nom
parfum;2;nom
parfaitement;2;adv
parfait;2;adj
orographique;2;nr
orientation;2;nom
ordonner;2;ver
ordinaire;2;adj
orbite;2;nom
opéra;2;nom
onduler;2;ver
oiseau;2;nom
obstruer;2;ver
obstinément;2;adv
observateur;2;nom
obliquement;2;adv
objection;2;nom
nécessité;2;nom
nuire;2;ver
nourriture;2;nom
noter;2;ver
nord_ouest;2;nom
nel;2;nr
nef;2;nom
nappe;2;nom
naissance;2;nom
méthode;2;nom
métal;2;nom
mélomane;2;adj
médiocrement;2;adv
médiocre;2;adj
médical;2;adj
médecine;2;nom
méandre;2;nom
mouvoir;2;ver
moustache;2;nom
moulin;2;nom
motif;2;nom
montagnard;2;nom
miracle;2;nom
minuit;2;nom
minier;2;adj
militaire;2;adj
merveilleusement;2;adv
mer;2;nom
mental;2;adj
maïs;2;nom
maîtriser;2;ver
marquer;2;ver
marin;2;nom
margelle;2;nom
marchand;2;nom
marbre;2;nom
manche;2;nom
malin;2;adj
malheureux;2;adj
malaisé;2;adj
maintes;2;adj_ind
maintenir;2;ver
maint;2;adj_ind
magyar;2;nom
lâcher;2;ver
lyrique;2;adj
lucarne;2;nom
loup;2;nom
lonyai;2;nr
littérature;2;nom
lire;2;ver
linéament;2;nom
limiter;2;ver
lien;2;nom
lesquels;2;pro_rel
ledit;2;adj
langage;2;nom
lamies;2;nr
lamentable;2;adj
lait;2;nom
laine;2;nom
klausenburg;2;nr
justifier;2;ver
jupe;2;nom
jet;2;nom
jean;2;nom
jarret;2;nom
jardin;2;nom
invraisemblable;2;adj
intime;2;adj
interprétation;2;nom
intelligence;2;nom
intact;2;adj
inséparable;2;adj
insuffisant;2;adj
instruit;2;adj
insomnie;2;nom
inscrire;2;ver
injonction;2;nom
inhumer;2;ver
infranchissable;2;adj
infléchir;2;ver
infernal;2;adj
ineffable;2;adj
indécis;2;adj
industriel;2;adj
industrie;2;nom
indice;2;nom
incrédule;2;adj
incroyable;2;adj
inconvénient;2;nom
inconscient;2;adj
incliner;2;ver
incident;2;nom
incertain;2;adj
incendie;2;nom
inabordable;2;adj
imprudemment;2;adv
importuner;2;ver
importun;2;adj
impitoyablement;2;adv
impatience;2;nom
immémorial;2;adj
imiter;2;ver
illustre;2;adj
ignorant;2;adj
hôtelier;2;nom
hôtel;2;nom
hunyad;2;nr
humeur;2;nom
hommage;2;nom
hiver;2;nom
hermanstadt;2;nr
haïr;2;ver
hausser;2;ver
hatszeg;2;nr
hasard;2;nom
harceler;2;ver
hachette;2;nom
hache;2;nom
gésir;2;ver
géographie;2;nom
généralement;2;adv
général;2;adj
gémissement;2;nom
guérite;2;nom
guerre;2;nom
grouper;2;ver
grossir;2;ver
grillé;2;adj
grenier;2;nom
grec;2;nom
gravir;2;ver
graver;2;ver
gravement;2;adv
grandir;2;ver
graine;2;nom
graduellement;2;adv
goûter;2;ver
gourde;2;nom
gonflé;2;adj
gond;2;nom
glorieusement;2;adv
giardino;2;nr
gesticuler;2;ver
genou;2;nom
galerne;2;nom
futaie;2;nom
funérailles;2;nom
fumant;2;adj
fréquenter;2;ver
frémir;2;ver
fruit;2;nom
front;2;nom
frayeur;2;nom
frantz;2;nr
franchement;2;adv
fracas;2;nom
formidable;2;adj
fonder;2;ver
folie;2;nom
fléchir;2;ver
flotter;2;ver
flottant;2;adj
fissure;2;nom
fisc;2;nom
fiori;2;nr
finalement;2;adv
filer;2;ver
figurer;2;ver
fiancer;2;ver
feuille;2;nom
feuillage;2;nom
ferré;2;adj
faîte;2;nom
favoriser;2;ver
fatiguer;2;ver
farouche;2;adj
fanfaronnade;2;nom
fanatique;2;nom
faille;2;nom
faculté;2;nom
fable;2;nom
exécution;2;nom
exténuer;2;ver
extravagant;2;adj
expérience;2;nom
expédition;2;nom
exposer;2;ver
exploitation;2;nom
exception;2;nom
excellent;2;adj
excavation;2;nom
etes;2;nr
etc;2;adv
estimer;2;ver
essuyer;2;ver
espèce;2;nom
errant;2;adj
envoler;2;ver
entêté;2;nom
entrouvrir;2;ver
entretenu;2;adj
entremêler;2;ver
entrecouper;2;ver
enthousiasme;2;nom
entasser;2;ver
entamer;2;ver
ennui;2;nom
enfourchure;2;nom
enfer;2;nom
enfance;2;nom
endormir;2;ver
enchanté;2;adj
encadrer;2;ver
emprunter;2;ver
empressement;2;nom
emportement;2;nom
emploi;2;nom
emparer;2;ver
emmener;2;ver
embrasser;2;ver
embarrassé;2;adj
elle_même;2;pro_per
efforcer;2;ver
dîner;2;nom
dévaler;2;ver
déterminer;2;ver
détermination;2;nom
désormais;2;adv
désordre;2;nom
désordonner;2;ver
désespéré;2;adj
dépression;2;nom
déplacer;2;ver
délire;2;nom
délabré;2;adj
déjeuner;2;nom
découverte;2;nom
découper;2;ver
décliner;2;ver
déchirant;2;adj
déboucher;2;ver
débiter;2;ver
débattre;2;ver
durée;2;nom
drogue;2;nom
draper;2;ver
douanier;2;nom
doter;2;ver
dommage;2;ono
divin;2;adj
distribuer;2;ver
distant;2;adj
disputer;2;ver
disperser;2;ver
disjoint;2;adj
discussion;2;nom
dilettanti;2;nr
différents;2;adj_ind
devise;2;nom
dessus;2;adv_sup
dessous;2;nom_sup
desservir;2;ver
demi_douzaine;2;nom
demeuré;2;nom
dangereux;2;adj
culotte;2;nom
cuisine;2;nom
cruel;2;adj
cratère;2;nom
couvrir;2;ver
coutume;2;nom
courtepointe;2;nom
courbé;2;adj
courber;2;ver
couramment;2;adv
couper;2;ver
coulisse;2;nom
couleuvrine;2;nom
cou;2;nom
cordon;2;nom
convenablement;2;adv
convenable;2;adj
contour;2;nom
constante;2;nom
consommateur;2;nom
considérer;2;ver
conservation;2;nom
concours;2;nom
concert;2;nom
compromettre;2;ver
compliment;2;nom
complice;2;nom
communiquer;2;ver
communicatif;2;adj
commander;2;ver
collet;2;nom
coffre;2;nom
clouer;2;ver
clou;2;nom
classe;2;nom
civière;2;nom
civilisation;2;nom
cité;2;nom
cirque;2;nom
circuler;2;ver
cinquantaine;2;nom
chrétien;2;nom
chimie;2;nom
cheval;2;nom
chef_d_oeuvre;2;nom
chasse;2;nom
chardon;2;nom
chaos;2;nom
chanteur;2;nom
chance;2;nom
ceux_là;2;pro_dem
cesse;2;nom
cerveau;2;nom
certes;2;adv_sup
cerf;2;nom
centrale;2;nom
cellule;2;nom
celles;2;pro_dem
ceinturon;2;nom
ceci;2;pro_dem
casser;2;ver
carte;2;nom
carrière;2;nom
capricieux;2;adj
cage;2;nom
bâton;2;nom
bâtisse;2;nom
but;2;nom
brûler;2;ver
brute;2;nom
brutal;2;adj
brisure;2;nom
brindille;2;nom
bravo;2;nom
braver;2;ver
branlant;2;adj
bouquin;2;nom
bouffant;2;adj
boucher;2;nom
bond;2;nom
boisé;2;adj
boeuf;2;nom
blé;2;nom
bleu;2;adj
blafard;2;adj
bihar;2;nr
bercer;2;ver
beaucoup;2;adv_sup
barrer;2;ver
bandoulière;2;nom
avouerons;2;nr
avouer;2;ver
aviser;2;ver
aveugle;2;adj
aventureux;2;adj
avantage;2;nom
avalanche;2;nom
autriche;2;nr
auteur;2;nom
autel;2;nom
auparavant;2;adv_sup
audace;2;nom
aucunement;2;adv_sup
attentivement;2;adv
attardé;2;nom
atmosphère;2;nom
assaut;2;nom
aspirer;2;ver
ascendant;2;adj
arête;2;nom
artifice;2;nom
arriéré;2;nom
arrière_plan;2;nom
armer;2;ver
armature;2;nom
aride;2;adj
argument;2;nom
ardent;2;adj
ardemment;2;adv
arconati;2;nr
architecte;2;nom
apparent;2;adj
anéantir;2;ver
anxiété;2;nom
antérieur;2;adj
animal;2;adj
ampoule;2;nom
amoureux;2;adj
amoncellement;2;nom
amas;2;nom
altérer;2;ver
altitude;2;nom
alpestre;2;adj
agité;2;adj
affecter;2;ver
adorer;2;ver
admissible;2;adj
admirer;2;ver
adhérer;2;ver
actuellement;2;adv
acquitter;2;ver
acheteur;2;nom
accourir;2;ver
accoter;2;ver
accord;2;nom
accentuer;2;ver
accablant;2;adj
aboutir;2;ver
abandon;2;nom
_;2;nr
29;2;num
2;2;num