de;6247;pre
le;3888;art_def
et;3266;con
la;3211;art_def
être;3019;aux
à;3007;pre
l;2664;art_def
les;2584;art_def
je;2283;pro_per
des;2013;art_ind
ne;2002;adv_sup
un;1816;art_ind
il;1745;pro_per
avoir;1717;aux
d;1693;pre
que;1572;pro_rel
une;1528;art_ind
en;1484;pre
du;1423;art_def
qui;1278;pro_rel
se;1115;pro_per
nous;1102;pro_per
ce;1071;pro_dem
dans;1056;pre
pas;1025;adv_sup
s;916;pro_per
sur;826;pre
par;816;pre
au;790;art_def
capitaine;752;nom
mais;738;con
plus;713;adv_sup
vous;710;pro_per
me;707;pro_per
ces;693;adj_dem
cette;666;adj_dem
nautilus;639;nom
qu;618;con
j;581;pro_per
faire;568;ver_sup
dire;566;ver_sup
mer;546;nom
son;522;adj_pos
pour;521;pre
monsieur;483;nom_sup
nemo;482;nr
conseil;482;nom
pouvoir;473;ver_sup
ned;453;nr
sa;444;adj_pos
avec;428;pre
eau;422;nom
ses;413;adj_pos
c;406;pro_dem
répondre;398;ver
on;364;pro_per
comme;364;con
si;359;con
voir;354;ver
m;351;pro_per
dont;337;pro_rel
deux;334;adj_num
sous;327;pre
mon;310;adj_pos
land;310;nom
lui;302;pro_per
sans;296;pre
mille;290;nom_sup
leur;286;pro_per
ils;282;pro_per
ou;279;con
moi;263;pro_per
heure;263;nom
quelques;258;adj_ind
bien;252;nom_sup
aux;252;art_def
tout;251;pro_ind
mes;247;adj_pos
devoir;245;ver_sup
y;243;pro_per
où;233;pro_rel
mètre;233;nom
encore;233;adv_sup
canadien;232;adj
là;231;ono
aller;230;ver
vers;225;pre
homme;224;nom
grand;222;adj
cet;217;adj_dem
savoir;215;ver_sup
notre;214;adj_pos
vouloir;203;ver_sup
même;202;pro_ind
peu;199;nom_sup
donc;199;con
jour;192;nom
prendre;189;ver
alors;187;adv_sup
surface;182;nom
demander;181;ver
très;178;adv_sup
elle;178;pro_per
trois;176;adj_num
pendant;175;pre
animal;174;adj
après;172;pre
puis;171;con
entre;171;pre
venir;168;ver
non;167;pro_per
océan;165;nom
ma;165;adj_pos
falloir;163;ver_sup
bord;163;nom
long;160;adj
point;158;nom_sup
cent;158;adj_num
leurs;153;adj_pos
passer;152;ver
oeil;152;nom
pied;150;nom
île;144;nom
terre;144;nom
cependant;144;con
donner;143;ver
main;141;nom
ainsi;141;adv_sup
moins;140;adv_sup
air;139;nom
poisson;135;nom
navire;135;nom
croire;135;ver_sup
quand;134;con
trouver;132;ver
moment;132;nom
flot;132;nom
ni;131;con
rien;129;pro_ind
milieu;129;nom
car;129;con
laisser;128;ver
nos;126;adj_pos
jamais;123;adv_sup
aussi;121;adv_sup
professeur;120;nom
effet;120;nom
regarder;117;ver
toute;116;adj_ind
reprendre;116;ver
entendre;116;ver
temps;115;nom
profondeur;114;nom
marcher;112;ver
oui;111;adv_sup
fois;111;nom
salon;110;nom
revenir;109;ver
tous;108;pro_ind
comprendre;108;ver
tête;104;nom
sous_marin;104;adj
observer;104;ver
seul;103;adj
ouvrir;103;ver
mettre;102;ver
petit;101;adj
paraître;101;ver
cinq;101;adj_num
toujours;100;adv_sup
tenir;100;ver
suivre;100;ver
cents;100;adj_num
toutes;99;pro_ind
autres;99;pro_ind
quatre;98;adj_num
parler;98;ver
avant;98;pre
apercevoir;98;ver
rester;97;ver
quelque;97;adj_ind
côte;97;nom
sembler;96;ver
former;95;ver
dernier;95;adj
commandant;95;nom
bon;95;adj_sup
autre;95;pro_ind
ami;94;nom
compagnon;93;nom
seulement;92;adv
premier;92;adj
votre;91;adj_pos
nuit;89;nom
haut;89;adj
enfin;88;adv_sup
connaître;88;ver
peut_être;87;adv_sup
elles;87;pro_per
écrier;86;ver
penser;86;ver
sentir;85;ver
cela;85;pro_dem
aronnax;85;nr
ailleurs;85;adv_sup
fond;84;nom
depuis;84;pre
sud;83;nom
maître;83;nom
corps;83;nom
vitesse;82;nom
six;82;adj_num
produire;82;ver
plate_forme;82;nom
appareil;82;nom
nom;81;nom
eh;81;ono
dix;81;adj_num
baleine;81;nom
arriver;81;ver
coup;80;nom
quitter;79;ver
plusieurs;79;adj_ind
déjà;78;ono
partie;77;nom
instant;77;nom
jusqu_à;76;pre
suivant;74;pre
ordre;74;nom
doute;74;nom
lorsque;73;con
aucun;73;adj_ind
équipage;72;nom
électrique;72;adj
rouge;72;adj
remonter;72;ver
panneau;72;nom
or;72;con
assez;72;adv_sup
t;71;pro_per
masse;70;nom
espèce;70;nom
comment;70;con
attendre;70;ver
monde;69;nom
large;69;adj
vie;68;nom
mouvement;68;nom
canot;68;nom
bientôt;68;adv
porte;67;nom
monstre;67;nom
horizon;66;nom
arrêter;66;ver
mot;65;nom
ici;65;adv_sup
huit;65;adj_num
contre;65;pre
noir;64;adj
beau;64;adj
véritable;63;adj
vaste;63;adj
nord;63;nom
permettre;62;ver
nature;62;nom
latitude;62;nom
devant;62;pre
demi;62;adj_sup
blanc;62;adj
regard;61;nom
reconnaître;61;ver
raison;61;nom
perdre;61;ver
forme;61;nom
feu;61;nom
chercher;61;ver
soleil;60;nom
intérieur;60;adj
frégate;60;nom
entraîner;60;ver
chambre;60;nom
montrer;59;ver
atteindre;59;ver
vingt;58;adj_num
servir;58;ver
quel;58;adj_int
glace;58;nom
commencer;58;ver
atmosphère;58;nom
profond;57;adj
pression;57;nom
jeter;57;ver
hauteur;57;nom
vent;56;nom
trop;56;adv_sup
sorte;56;nom
rendre;56;ver
question;56;nom
pôle;56;nom
matin;56;nom
maintenant;56;adv_sup
cétacé;56;nom
travers;55;nom
supérieur;55;adj
pousser;55;ver
peine;55;nom
naturel;55;adj
frapper;55;ver
existence;55;nom
esprit;55;nom
bateau;55;nom
sol;54;nom
minute;54;nom
marin;54;nom
lincoln;54;nr
réservoir;53;nom
degré;53;nom
continent;53;nom
abraham;53;nr
travail;52;nom
rayon;52;nom
quelle;52;adj_int
perle;52;nom
manquer;52;ver
approcher;52;ver
apprendre;52;ver
vos;51;adj_pos
quoi;51;pro_rel
monter;51;ver
lieue;51;nom
lever;51;ver
disparaître;51;ver
courant;51;nom
cinquante;51;adj_num
appartenir;51;ver
porter;50;ver
moyen;50;nom
montagne;50;nom
hélice;50;nom
devenir;50;ver
chaque;50;adj_ind
au_dessus;50;pre
au_dessous;50;adv
énorme;49;adj
sept;49;adj_num
rencontrer;49;ver
oiseau;49;nom
mollusque;49;nom
ligne;49;nom
forêt;49;nom
apparaître;49;ver
ah;49;ono
second;48;adj
puissant;48;adj
force;48;nom
chose;48;nom
celle;48;pro_dem
cap;48;nom
tomber;47;ver
terrible;47;adj
queue;47;nom
nouveau;47;adj
nageoire;47;nom
lumière;47;nom
liquide;47;nom
libre;47;adj
harponneur;47;nom
bruit;47;nom
bras;47;nom
vivre;46;ver
quant;46;nom_sup
près_de;46;adv
observation;46;nom
nombreux;46;adj
mieux;46;adv_sup
fort;46;adj_sup
flotter;46;ver
fermer;46;ver
diriger;46;ver
compte;46;nom
soir;45;nom
puisque;45;con
près;45;pre
pourquoi;45;con
plonger;45;ver
mois;45;nom
couche;45;nom
coque;45;nom
aucune;45;adj_ind
tant;44;adv_sup
route;44;nom
retourner;44;ver
quinze;44;adj_num
passage;44;nom
parole;44;nom
million;44;nom_sup
manger;44;ver
jusqu_au;44;pre
curieux;44;adj
couleur;44;nom
c_est_à_dire;44;adv_sup
bas;44;adj
arrière;44;ono
ajouter;44;ver
élément;43;nom
relever;43;ver
parmi;43;pre
pacifique;43;adj
harpon;43;nom
garçon;43;nom
environ;43;nom_sup
courir;43;ver
corail;43;nom
coquille;43;nom
briser;43;ver
battre;43;ver
étendre;42;ver
élever;42;ver
terminer;42;ver
mort;42;nom
lendemain;42;nom_sup
indiquer;42;ver
immense;42;adj
exister;42;ver
entrer;42;ver
compter;42;ver
chasser;42;ver
vitre;41;nom
valoir;41;ver
tromper;41;ver
situation;41;nom
méditerrané;41;adj
longitude;41;nom
laquelle;41;pro_rel
droit;41;nom
direction;41;nom
atlantique;41;adj
vapeur;40;nom
tantôt;40;adv
particulier;40;adj
maintenir;40;ver
léger;40;adj
globe;40;nom
genre;40;nom
formidable;40;adj
disposer;40;ver
sortir;39;ver
rentrer;39;ver
remarquer;39;ver
rapporter;39;ver
précipiter;39;ver
nouvelle;39;adj
fuir;39;ver
farragut;39;nr
famille;39;nom
conduire;39;ver
condition;39;nom
épais;38;adj
échapper;38;ver
pêcheur;38;nom
pus;38;adj
puissance;38;nom
place;38;nom
partir;38;ver
offrir;38;ver
fournir;38;ver
détroit;38;nom
dos;38;nom
dent;38;nom
considérable;38;adj
anglais;38;adj
éclat;37;nom
voyage;37;nom
voilà;37;pre
semblable;37;adj
rapidité;37;nom
plein;37;adj
nombre;37;nom
longtemps;37;adv_sup
hasard;37;nom
golfe;37;nom
emporter;37;ver
descendre;37;ver
coeur;37;nom
voix;36;nom
voici;36;pre
ton;36;nom_sup
souvent;36;adv_sup
rapprocher;36;ver
rapide;36;adj
gros;36;adj
entier;36;adj
côté;36;nom
couper;36;ver
ceux;36;pro_dem
brave;36;adj
admirable;36;adj
abandonner;36;ver
seconde;35;nom
répliquer;35;ver
franchir;35;ver
fer;35;nom
excellent;35;adj
dépasser;35;ver
choc;35;nom
banquise;35;nom
arbre;35;nom
an;35;nom_sup
agir;35;ver
tour;34;nom
température;34;nom
tard;34;adv_sup
rapidement;34;adv
présence;34;nom
presque;34;adv_sup
parage;34;nom
ouest;34;nom
lumineux;34;adj
lancer;34;ver
journée;34;nom
inférieur;34;adj
gigantesque;34;adj
extrême;34;adj
eux;34;pro_per
charger;34;ver
évidemment;33;adv
songer;33;ver
rivage;33;nom
respirer;33;ver
requin;33;nom
précisément;33;adv
parcourir;33;ver
midi;33;nom
longueur;33;nom
livre;33;nom
fixer;33;ver
espérer;33;ver
enfoncer;33;ver
employer;33;ver
couvrir;33;ver
cabine;33;nom
appeler;33;ver
année;33;nom
ancien;33;adj
américain;33;nom
admettre;33;ver
échantillon;32;nom
vivement;32;adv
tôle;32;nom
personne;32;pro_ind
paroi;32;nom
ombre;32;nom
objet;32;nom
naturaliste;32;nom
merveille;32;nom
marine;32;adj
machine;32;nom
lieu;32;nom
instrument;32;nom
immobile;32;adj
idée;32;nom
froid;32;adj
franc;32;adj
dégager;32;ver
d_abord;32;adv_sup
classe;32;nom
certain;32;adj_ind
amérique;32;nom
table;31;nom
surprendre;31;ver
revêtir;31;ver
préparer;31;ver
précieux;31;adj
pierre;31;nom
occuper;31;ver
muraille;31;nom
malgré;31;pre
liberté;31;nom
français;31;adj
embarcation;31;nom
circonstance;31;nom
bâtiment;31;nom
îlot;30;nom
zoophytes;30;nr
trente;30;adj_num
traverser;30;ver
séparer;30;ver
squale;30;nom
sommet;30;nom
simple;30;adj
secret;30;adj
savant;30;nom
retirer;30;ver
pêche;30;nom
prononcer;30;ver
pic;30;nom
narwal;30;nr
magnifique;30;adj
lui_même;30;pro_per
indien;30;nom
inconnu;30;adj
france;30;nr
flanc;30;nom
coucher;30;ver
chair;30;nom
cas;30;nom
autour;30;adv_sup
écouter;29;ver
trou;29;nom
telle;29;adj_ind
supporter;29;ver
suffire;29;ver
région;29;nom
pénétrer;29;ver
poulpe;29;nom
plan;29;nom
pensée;29;nom
obscurité;29;nom
mesurer;29;ver
mars;29;nom
marquer;29;ver
loin;29;adv_sup
lame;29;nom
fin;29;nom
divers;29;adj_ind
distance;29;nom
cri;29;nom
baie;29;nom
arracher;29;ver
accroître;29;ver
prêt;28;adj
posséder;28;ver
part;28;nom
lequel;28;pro_rel
langue;28;nom
janvier;28;nom
février;28;nom
fusil;28;nom
filet;28;nom
fanal;28;nom
europe;28;nr
estimer;28;ver
convenir;28;ver
continuer;28;ver
contenir;28;ver
certains;28;adj_ind
banc;28;nom
allonger;28;ver
vivant;27;adj
visiter;27;ver
vingt_cinq;27;adj_num
sommeil;27;nom
silence;27;nom
sauvage;27;adj
répéter;27;ver
rare;27;adj
plutôt;27;adv
neuf;27;adj_num
histoire;27;nom
groupe;27;nom
geste;27;nom
garder;27;ver
double;27;adj
communication;27;nom
celui;27;pro_dem
calme;27;nom
bloc;27;nom
armer;27;ver
étrange;26;adj
électricité;26;nom
éclairer;26;ver
tu;26;pro_per
sombre;26;adj
renfermer;26;ver
ramener;26;ver
promenade;26;nom
plante;26;nom
onze;26;adj_num
matelot;26;nom
gagner;26;ver
facile;26;adj
désert;26;adj
douze;26;adj_num
composer;26;ver
classer;26;ver
ciel;26;nom
centimètre;26;nom
avancer;26;ver
aimer;26;ver
affaire;26;nom
étroit;25;adj
écueil;25;nom
vrai;25;adj
ventre;25;nom
suspendre;25;ver
soudain;25;adj_sup
régner;25;ver
rocher;25;nom
quarante;25;adj_num
prolonger;25;ver
projet;25;nom
produit;25;nom
phoque;25;nom
pays;25;nom
parfois;25;adv_sup
oublier;25;ver
occasion;25;nom
mâchoire;25;nom
flottant;25;adj
diverses;25;adj_ind
disposition;25;nom
digne;25;adj
chasse;25;nom
cage;25;nom
attaquer;25;ver
échouer;24;ver
violent;24;adj
troupe;24;nom
subitement;24;adv
spectacle;24;nom
raie;24;nom
présenter;24;ver
placer;24;ver
phénomène;24;nom
parce_que;24;con
ouvert;24;adj
oreille;24;nom
navigation;24;nom
kilogramme;24;nom
jaune;24;adj
huître;24;nom
humain;24;adj
frais;24;adj
fonds;24;nom
finir;24;ver
examiner;24;ver
creuser;24;ver
contenter;24;ver
connaissance;24;nom
cachalot;24;nom
accompagner;24;ver
état;23;nom
éperon;23;nom
épaule;23;nom
supposer;23;ver
situer;23;ver
résultat;23;nom
refermer;23;ver
raconter;23;ver
poursuivre;23;ver
plaire;23;ver
parfaitement;23;adv
pareil;23;adj
opinion;23;nom
naviguer;23;ver
modifier;23;ver
manière;23;nom
immerger;23;ver
ignorer;23;ver
fleuve;23;nom
face;23;nom
empêcher;23;ver
emparer;23;ver
dormir;23;ver
dixième;23;adj
conserver;23;ver
citer;23;ver
changer;23;ver
brun;23;adj
achever;23;ver
absolument;23;adv
vêtement;22;nom
vaisseau;22;nom
tranquille;22;adj
tonneau;22;nom
tirer;22;ver
taille;22;nom
souvenir;22;ver
signe;22;nom
scaphandre;22;nom
sable;22;nom
réunir;22;ver
résister;22;ver
retenir;22;ver
renouveler;22;ver
regagner;22;ver
périr;22;ver
prodigieux;22;adj
possible;22;adj
pointe;22;nom
percer;22;ver
obtenir;22;ver
manoeuvre;22;nom
mammifère;22;nom
lueur;22;nom
impossible;22;adj
gens;22;nom
fréquenter;22;ver
engager;22;ver
découvrir;22;ver
dès;22;pre
dangereux;22;adj
craindre;22;ver
chez;22;pre
chance;22;nom
canal;22;nom
brume;22;nom
bouche;22;nom
bleu;22;adj
bibliothèque;22;nom
aussitôt;22;adv
asseoir;22;ver
archipel;22;nom
étonner;21;ver
émerger;21;ver
vert;21;adj
urville;21;nr
terrestre;21;adj
tentacule;21;nom
tempête;21;nom
stream;21;nr
roc;21;nom
rencontre;21;nom
regretter;21;ver
recevoir;21;ver
quart;21;nom
poser;21;ver
particulièrement;21;adv
niveau;21;nom
moyenne;21;nom
manomètre;21;nom
manoeuvrer;21;ver
jusqu;21;pre
intérêt;21;nom
ingénieur;21;nom
gulf;21;nr
grâce;21;nom
goût;21;nom
forcer;21;ver
endroit;21;nom
doux;21;adj
demain;21;adv_sup
couler;21;ver
chaleur;21;nom
certaine;21;adj_ind
carte;21;nom
carré;21;adj
besoin;21;nom
austral;21;adj
attention;21;ono
algue;21;nom
émotion;20;nom
végétal;20;nom
ville;20;nom
vif;20;adj
variété;20;nom
uns;20;pro_ind
timonier;20;nom
tandis_que;20;con
siècle;20;nom
service;20;nom
science;20;nom
résoudre;20;ver
récit;20;nom
représenter;20;ver
quelques_uns;20;pro_ind
provision;20;nom
poids;20;nom
oxygène;20;nom
opération;20;nom
new;20;adj
méridien;20;nom
murmurer;20;ver
morceau;20;nom
matière;20;nom
malheureux;20;adj
kilomètre;20;nom
incident;20;nom
heurter;20;ver
glisser;20;ver
extrémité;20;nom
excursion;20;nom
entrevoir;20;ver
entourer;20;ver
départ;20;nom
dresser;20;ver
diviser;20;ver
diable;20;ono
demeurer;20;ver
danger;20;nom
champ;20;nom
certainement;20;adv
autrefois;20;pro_ind
amener;20;ver
admirer;20;ver
évident;19;adj
étude;19;nom
éprouver;19;ver
tuer;19;ver
toucher;19;ver
tenter;19;ver
surtout;19;adv_sup
serpent;19;nom
sang;19;nom
saisir;19;ver
roche;19;nom
riposter;19;ver
rejoindre;19;ver
quantité;19;nom
pauvre;19;adj
ordinaire;19;adj
nommer;19;ver
mystère;19;nom
mauvais;19;adj
lune;19;nom
fleur;19;nom
façon;19;nom
cuivre;19;nom
commun;19;adj
celui_ci;19;pro_dem
celles;19;pro_dem
calmar;19;nom
aujourd_hui;19;adv_sup
argent;19;nom
agiter;19;ver
accepter;19;ver
écouler;18;ver
vanikoro;18;nr
suer;18;ver
reposer;18;ver
remplir;18;ver
pur;18;adj
provoquer;18;ver
prison;18;nom
plongeur;18;nom
plaine;18;nom
phosphorescent;18;adj
peser;18;ver
obscur;18;adj
nuage;18;nom
naufrage;18;nom
munir;18;ver
mourir;18;ver
lorsqu;18;con
incliner;18;ver
incessamment;18;adv
immédiatement;18;adv
grave;18;adj
fatiguer;18;ver
extérieur;18;adj
expliquer;18;ver
etc;18;adv
essayer;18;ver
espace;18;nom
escalier;18;nom
enlever;18;ver
embranchement;18;nom
dumont;18;nr
dimension;18;nom
crier;18;ver
contraire;18;adj
charmant;18;adj
certaines;18;adj_ind
bête;18;nom
boulet;18;nom
avouer;18;ver
auxquels;18;pro_rel
aspect;18;nom
antarctique;18;adj
afin;18;adv_sup
30;18;num
éviter;17;ver
éteindre;17;ver
époque;17;nom
écraser;17;ver
york;17;nom
volcan;17;nom
verre;17;nom
tunnel;17;nom
tel;17;adj_ind
surprise;17;nom
solide;17;adj
semer;17;ver
sauver;17;ver
saint;17;nom
réponse;17;nom
réfléchir;17;ver
rompre;17;ver
recouvrir;17;ver
profiter;17;ver
position;17;nom
port;17;nom
pont;17;nom
pompe;17;nom
plaque;17;nom
pari;17;nom
osseux;17;adj
nappe;17;nom
mobile;17;nom
mal;17;adv_sup
laver;17;ver
jusqu_aux;17;nr
important;17;adj
hésiter;17;ver
heureusement;17;adv
habiter;17;ver
habitant;17;nom
guerre;17;nom
fuite;17;nom
fait;17;nom
emprisonner;17;ver
déplaire;17;ver
déjeuner;17;ver
discuter;17;ver
combien;17;adv_sup
colère;17;nom
cellule;17;nom
canon;17;nom
auquel;17;pro_rel
attirer;17;ver
affirmer;17;ver
étudier;16;ver
éloigner;16;ver
zone;16;nom
volume;16;nom
violence;16;nom
vieux;16;adj
vague;16;nom
tendre;16;ver
sodium;16;nom
revoir;16;ver
respiration;16;nom
remettre;16;ver
recueillir;16;ver
quels;16;adj_int
prétendre;16;ver
prisonnier;16;nom
polaire;16;adj
parvenir;16;ver
officier;16;nom
oeuvre;16;nom
nettement;16;adv
nager;16;ver
merveilleux;16;adj
lourd;16;adj
lac;16;nom
jouer;16;ver
inutile;16;adj
intéressant;16;adj
hors;16;pre
fruit;16;nom
exactement;16;adv
européen;16;nom
entièrement;16;adv
développer;16;ver
dur;16;adj
dugong;16;nom
câble;16;nom
compagnie;16;nom
clarté;16;nom
boréal;16;adj
blanchâtre;16;adj
beaucoup;16;adv_sup
bande;16;nom
autant;16;adv_sup
adresser;16;ver
abîme;16;nom
abattre;16;ver
événement;15;nom
également;15;adv
âme;15;nom
vigoureux;15;adj
viande;15;nom
type;15;nom
tranquillement;15;adv
tortue;15;nom
teinte;15;nom
tarder;15;ver
tache;15;nom
sujet;15;adj
substance;15;nom
steamer;15;nom
solaire;15;adj
singulier;15;adj
sillonner;15;ver
seize;15;adj_num
réserver;15;ver
récif;15;nom
renverser;15;ver
prix;15;nom
peau;15;nom
noirâtre;15;adj
meilleur;15;adj
marée;15;nom
légèrement;15;adv
lit;15;nom
lire;15;ver
lesquelles;15;pro_rel
interroger;15;ver
habituel;15;adj
gris;15;adj
gauche;15;nom
fucus;15;nr
favorable;15;adj
emplir;15;ver
effrayant;15;adj
dévorer;15;ver
détail;15;nom
décrire;15;ver
dorsal;15;adj
distinguer;15;ver
dessiner;15;ver
derrière;15;pre
colonne;15;nom
collection;15;nom
chemin;15;nom
chasseur;15;nom
chacun;15;pro_ind
centre;15;nom
centaine;15;nom
causer;15;ver
branche;15;nom
bout;15;nom
barre;15;nom
avis;15;nom
attacher;15;ver
arme;15;nom
argenté;15;adj
appuyer;15;ver
allure;15;nom
accomplir;15;ver
15;15;num
éponge;14;nom
élevé;14;adj
élancer;14;ver
écrire;14;ver
vingt_quatre;14;adj_num
utile;14;adj
tribord;14;nom
toutefois;14;adv_sup
torrent;14;nom
tentative;14;nom
tapis;14;nom
sûr;14;adj
somme;14;nom
soixante;14;adj_num
signaler;14;ver
scotia;14;nr
réserve;14;nom
réflexion;14;nom
riche;14;adj
quelles;14;adj_int
pêcher;14;ver
pérouse;14;nr
préoccuper;14;ver
principal;14;adj
polype;14;nom
poitrine;14;nom
plume;14;nom
plat;14;adj
plaisir;14;nom
physionomie;14;nom
pente;14;nom
ouverture;14;nom
nord_ouest;14;nom
navigateur;14;nom
naufragé;14;adj
métal;14;nom
lutter;14;ver
lutte;14;nom
lunette;14;nom
limite;14;nom
lier;14;ver
infini;14;adj
indigène;14;nom
inde;14;nom
hypothèse;14;nom
honneur;14;nom
grotte;14;nom
gouvernement;14;nom
gibier;14;nom
figure;14;nom
facilement;14;adv
fabriquer;14;ver
extraire;14;ver
expérience;14;nom
ensemble;14;adv
embarquer;14;ver
dîner;14;nom
déplacer;14;ver
décimètre;14;nom
décider;14;ver
droite;14;nom
différent;14;adj
difficile;14;adj
dessus;14;adv_sup
crustacé;14;nom
conversation;14;nom
confondre;14;ver
cerveau;14;nom
central;14;adj
centième;14;adj
cause;14;nom
cartilagineux;14;adj
calcaire;14;nom
bois;14;nom
base;14;nom
avril;14;nom
arrondi;14;adj
agent;14;nom
accuser;14;ver
évaluer;13;ver
étoile;13;nom
établir;13;ver
éclairé;13;adj
écarter;13;ver
écaille;13;nom
voler;13;ver
volcanique;13;adj
voile;13;nom
visite;13;nom
valeur;13;nom
ténèbres;13;nom
transporter;13;ver
torrès;13;nr
thermomètre;13;nom
telles;13;adj_ind
série;13;nom
suffisamment;13;adv
subir;13;ver
stewart;13;nr
soulever;13;ver
scène;13;nom
rôle;13;nom
réveiller;13;ver
roue;13;nom
remarquable;13;adj
redescendre;13;ver
rappeler;13;ver
pénible;13;adj
pourvoir;13;ver
pourtant;13;adv_sup
portion;13;nom
phrase;13;nom
pain;13;nom
ouvrage;13;nom
novembre;13;nom
modérer;13;ver
moderne;13;adj
millier;13;nom
lesquels;13;pro_rel
justement;13;adv
juste;13;adj_sup
jeune;13;adj
involontairement;13;adv
intensité;13;nom
impression;13;nom
imaginer;13;ver
imagination;13;nom
généralement;13;adv
guère;13;adv
grec;13;nom
faim;13;nom
espérance;13;nom
entreprise;13;nom
délicat;13;adj
défendre;13;ver
débris;13;nom
douzaine;13;nom
doubler;13;ver
doigt;13;nom
destiner;13;ver
davantage;13;adv_sup
crespo;13;nr
charbon;13;nom
ceci;13;pro_dem
carapace;13;nom
bâbord;13;nom
briller;13;ver
boussole;13;nom
bassin;13;nom
baleinier;13;nom
aventure;13;nom
attaque;13;nom
astre;13;nom
adhérer;13;ver
acier;13;nom
abaisser;13;ver
16;13;num
étendue;12;nom
épuiser;12;ver
épave;12;nom
épaisseur;12;nom
élégant;12;adj
égal;12;adj
éclater;12;ver
véritablement;12;adv
violemment;12;adv
vigo;12;nr
victime;12;nom
veille;12;nom
trésor;12;nom
tropique;12;nom
tronc;12;nom
treize;12;adj_num
trace;12;nom
tourner;12;ver
terme;12;nom
succéder;12;ver
spécial;12;adj
soutenir;12;ver
sonde;12;nom
sinistre;12;adj
satisfaire;12;ver
risquer;12;ver
richesse;12;nom
repas;12;nom
rejeter;12;ver
recherche;12;nom
ranger;12;ver
ramper;12;ver
probable;12;adj
principalement;12;adv
presser;12;ver
poste;12;nom
plomb;12;nom
personnage;12;nom
pavillon;12;nom
partager;12;ver
papouasie;12;nr
oeuf;12;nom
nul;12;adj_ind
noter;12;ver
note;12;nom
médiocre;12;adj
mât;12;nom
moi_même;12;pro_per
loi;12;nom
livrer;12;ver
largeur;12;nom
juillet;12;nom
inexplicable;12;adj
imposer;12;ver
ice;12;nr
haine;12;nom
hache;12;nom
habitude;12;nom
gêner;12;ver
foi;12;nom
figurer;12;ver
feuille;12;nom
fantaisie;12;nom
expression;12;nom
exemple;12;nom
envahir;12;ver
engloutir;12;ver
engin;12;nom
effort;12;nom
détruire;12;ver
déterminer;12;ver
détacher;12;ver
dérober;12;ver
durer;12;ver
dieu;12;nom
destinée;12;nom
densité;12;nom
construire;12;ver
compléter;12;ver
comestible;12;adj
combat;12;nom
chiffre;12;nom
chaud;12;adj
caprice;12;nom
bec;12;nom
atlantide;12;nr
astrolabe;12;nom
articulé;12;adj
allumer;12;ver
aiguillon;12;nom
aigu;12;adj
4;12;num
équilibre;11;nom
émouvoir;11;ver
éclatant;11;adj
zéro;11;nom
vider;11;ver
usage;11;nom
traiter;11;ver
spécimen;11;nom
soumettre;11;ver
simplement;11;adv
sentiment;11;nom
salut;11;ono
salle;11;nom
résistance;11;nom
roulis;11;nom
ressembler;11;ver
reproduire;11;ver
renoncer;11;ver
rapport;11;nom
quelquefois;11;adv_sup
quatre_vingt;11;adj_num
public;11;adj
prévenir;11;ver
proposition;11;nom
probablement;11;adv
plafond;11;nom
pintadines;11;nr
pesant;11;adj
patte;11;nom
parfait;11;adj
paisible;11;adj
origine;11;nom
obstacle;11;nom
nécessairement;11;adv
muséum;11;nom
museau;11;nom
mur;11;nom
muet;11;adj
milliard;11;nom
mesure;11;nom
mai;11;nom
loch;11;nom
lisse;11;adj
lait;11;nom
juger;11;ver
journal;11;nom
isthme;11;nom
introduire;11;ver
incompréhensible;11;adj
inaccessible;11;adj
impassible;11;adj
horrible;11;adj
hisser;11;ver
herbe;11;nom
froidement;11;adv
femme;11;nom
extraordinaire;11;adj
entasser;11;ver
ennemi;11;nom
désirer;11;ver
définitivement;11;adv
découverte;11;nom
décembre;11;nom
douter;11;ver
directement;11;adv
différence;11;nom
cube;11;nom
cristal;11;nom
coursive;11;nom
corde;11;nom
complètement;11;adv
complet;11;adj
clair;11;adj
choisir;11;ver
charnu;11;adj
calmer;11;ver
calcul;11;nom
cadavre;11;nom
buisson;11;nom
bizarre;11;adj
aviron;11;nom
avenir;11;nom
armée;11;nom
anneau;11;nom
angle;11;nom
aile;11;nom
afrique;11;nr
accrocher;11;ver
accident;11;nom
absorber;11;ver
aboutir;11;ver
21;11;num
13;11;num
çà;10;adv
vite;10;adv_sup
vertébré;10;nom
varié;10;adj
vaincre;10;ver
traîner;10;ver
travailler;10;ver
trahir;10;ver
toi;10;pro_per
théâtre;10;nom
tels;10;adj_ind
te;10;pro_per
succès;10;nom
souffrir;10;ver
sifflement;10;nom
sauter;10;ver
régularité;10;nom
réel;10;adj
ruine;10;nom
retrouver;10;ver
remplacer;10;ver
relevé;10;adj
regret;10;nom
refuge;10;nom
redouter;10;ver
reculer;10;ver
race;10;nom
quotidien;10;adj
quelques_unes;10;pro_ind
qualité;10;nom
protéger;10;ver
propos;10;nom
procéder;10;ver
privé;10;adj
poumon;10;nom
polypier;10;nom
plaindre;10;ver
pectoral;10;adj
papouas;10;nr
oser;10;ver
orner;10;ver
ondulation;10;nom
nourrir;10;ver
net;10;adj
nationalité;10;nom
nation;10;nom
mêmes;10;pro_ind
mêler;10;ver
méduse;10;nom
mystérieux;10;adj
myriade;10;nom
musée;10;nom
moindre;10;adj_sup
lèvre;10;nom
licorne;10;nom
justifier;10;ver
jet;10;nom
japon;10;nom
interrompre;10;ver
intelligent;10;adj
instinct;10;nom
iceberg;10;nom
humanité;10;nom
horreur;10;nom
harponner;10;ver
habit;10;nom
général;10;adj
gré;10;nom
grosseur;10;nom
goûter;10;ver
franchement;10;adv
foyer;10;nom
flore;10;nom
filer;10;ver
exact;10;adj
espoir;10;nom
espagnol;10;nom
dérouler;10;ver
défier;10;ver
dizaine;10;nom
dix_sept;10;adj_num
disque;10;nom
dillon;10;nr
curiosité;10;nom
créateur;10;nom
croiser;10;ver
cratère;10;nom
consulter;10;ver
communiquer;10;ver
cercle;10;nom
ceinture;10;nom
branchie;10;nom
bouger;10;ver
bleuâtre;10;adj
baromètre;10;nom
baliste;10;nom
audacieux;10;adj
arrondir;10;ver
arrivée;10;nom
ardent;10;adj
apporter;10;ver
animer;10;ver
angleterre;10;nom
ancre;10;nom
aider;10;ver
23;10;num
14;10;num
10;10;num
étonnant;9;adj
équateur;9;nom
égaler;9;ver
éclair;9;nom
ça;9;pro_dem
voie;9;nom
vitrine;9;nom
valve;9;nom
user;9;ver
troupeau;9;nom
troubler;9;ver
tordre;9;ver
tissu;9;nom
terre_neuve;9;nom
taire;9;ver
taillis;9;nom
tableau;9;nom
sérieusement;9;adv
surprenant;9;adj
suprême;9;adj
superficie;9;nom
superbe;9;adj
sud_est;9;nom
spares;9;nr
soin;9;nom
singulièrement;9;adv
selon;9;pre
sein;9;nom
scientifique;9;adj
saluer;9;ver
ruhmkorff;9;nr
rose;9;nom
retour;9;nom
resserrer;9;ver
reptile;9;nom
remous;9;nom
relation;9;nom
redresser;9;ver
redevenir;9;ver
rallier;9;ver
quatorze;9;adj_num
quarante_huit;9;adj_num
pêcherie;9;nom
propre;9;adj
proposer;9;ver
proportion;9;nom
promener;9;ver
profondément;9;adv
prairie;9;nom
personnel;9;adj
pencher;9;ver
peindre;9;ver
patience;9;nom
partout;9;adv_sup
parallèle;9;adj
paradisier;9;nr
ouragan;9;nom
oriental;9;adj
obéir;9;ver
nécessaire;9;adj
nulle;9;adj_ind
métallique;9;adj
méridional;9;adj
multiplier;9;ver
mouvoir;9;ver
mouiller;9;ver
morue;9;nom
mine;9;nom
menacer;9;ver
maximum;9;nom
maury;9;nr
manaar;9;nr
lentement;9;adv
langage;9;nom
jeu;9;nom
inépuisable;9;adj
inviter;9;ver
importer;9;ver
hérissé;9;adj
hérisser;9;ver
hâter;9;ver
hydrophytes;9;nr
horn;9;nr
habituer;9;ver
habiller;9;ver
gouvernail;9;nom
goutte;9;nom
glissant;9;adj
gibraltar;9;nr
fureur;9;nom
front;9;nom
fou;9;adj
expédition;9;nom
explication;9;nom
exiger;9;ver
envoyer;9;ver
envelopper;9;ver
enfermer;9;ver
encablure;9;nom
déclarer;9;ver
déchirer;9;ver
draguer;9;ver
dominer;9;ver
dollar;9;nom
dix_huit;9;adj_num
deviner;9;ver
dessous;9;nom_sup
demi_heure;9;nom
dauphin;9;nom
crainte;9;nom
considérer;9;ver
confiance;9;nom
conclure;9;ver
circulaire;9;adj
cigare;9;nom
chaîne;9;nom
ceylan;9;nr
ceux_ci;9;pro_dem
cesser;9;ver
capricieux;9;adj
but;9;nom
brillant;9;adj
brasse;9;nom
border;9;ver
blessure;9;nom
beauté;9;nom
battement;9;nom
balle;9;nom
aucunement;9;adv_sup
au_delà;9;adv
attentivement;9;adv
assurer;9;ver
asie;9;nr
antilles;9;nr
annoncer;9;ver
aiguille;9;nom
affronter;9;ver
adresse;9;nom
activité;9;nom
5;9;num
27;9;num
12;9;num
11;9;num
éveiller;8;ver
étinceler;8;ver
élan;8;nom
échelle;8;nom
éblouissant;8;adj
vraiment;8;adv
vingtaine;8;nom
verser;8;ver
vengeance;8;nom
varech;8;nom
union;8;nom
tropical;8;adj
troisième;8;adj
triste;8;adj
trente_deux;8;adj_num
transparent;8;adj
transmettre;8;ver
tonnerre;8;nom
système;8;nom
sphère;8;nom
souhaiter;8;ver
sonore;8;adj
société;8;nom
signal;8;nom
sensiblement;8;adv
sel;8;nom
secouer;8;ver
révéler;8;ver
réussir;8;ver
régulièrement;8;adv
régulier;8;adj
réduire;8;ver
rougeâtre;8;adj
rire;8;ver
resplendir;8;ver
repos;8;nom
reparaître;8;ver
relèvement;8;nom
relatif;8;adj
redoutable;8;adj
recommencer;8;ver
rassurer;8;ver
raser;8;ver
raisonnement;8;nom
pétrifier;8;ver
pâle;8;adj
puisqu;8;con
précision;8;nom
promettre;8;ver
projeter;8;ver
prochain;8;adj
praticable;8;adj
poète;8;nom
pouce;8;nom
portée;8;nom
portant;8;adj
poignard;8;nom
pluie;8;nom
planisphère;8;nom
plage;8;nom
pile;8;nom
pigeon;8;nom
pierreux;8;adj
perroquet;8;nom
permission;8;nom
payer;8;ver
passager;8;nom
pan;8;nom
outre;8;pre
orifice;8;nom
ondulé;8;adj
naturellement;8;adv
métier;8;nom
mémoire;8;nom
mélanger;8;ver
moule;8;nom
morses;8;nr
monstrueux;8;adj
moitié;8;nom
mince;8;ono
membre;8;nom
malade;8;nom
louis;8;nom
lors;8;adv_sup
lointain;8;adj
lettre;8;nom
lent;8;adj
jaunâtre;8;adj
issue;8;nom
irlande;8;nr
intéresser;8;ver
intriguer;8;ver
intention;8;nom
intense;8;adj
inquiétude;8;nom
infortuné;8;adj
imprégner;8;ver
hôte;8;nom
hardi;8;adj
gueboroar;8;nr
gravir;8;ver
fumée;8;nom
fouler;8;ver
foudroyer;8;ver
flottaison;8;nom
filament;8;nom
extrêmement;8;adv
exposer;8;ver
excessif;8;adj
estomac;8;nom
entretenir;8;ver
entamer;8;ver
ensuite;8;adv_sup
effacer;8;ver
détonation;8;nom
dépenser;8;ver
disparition;8;nom
dirigeant;8;nom
debout;8;adv_sup
célèbre;8;adj
cuisine;8;nom
cuirassé;8;nom
créer;8;ver
crabe;8;nom
coûter;8;ver
cours;8;nom
coquillage;8;nom
cook;8;nr
contenu;8;nom
conséquent;8;adj
colossal;8;adj
coller;8;ver
cloison;8;nom
civilisé;8;adj
cité;8;nom
cimetière;8;nom
chute;8;nom
chien;8;nom
caudal;8;adj
carène;8;nom
capsule;8;nom
capable;8;adj
byssus;8;nr
brûler;8;ver
brusquement;8;adv
brisé;8;adj
braver;8;ver
blesser;8;ver
baigner;8;ver
auxquelles;8;pro_rel
apparition;8;nom
amateur;8;nom
alvéole;8;nom
allemand;8;adj
affaiblir;8;ver
28;8;num
20;8;num
2;8;num
17;8;num
évasion;7;nom
évanouir;7;ver
étrave;7;nom
étranger;7;nom
étouffer;7;ver
étanche;7;adj
étaler;7;ver
émeraude;7;nom
voûte;7;nom
volontiers;7;adv_sup
voisin;7;nom
vivifiant;7;adj
visible;7;adj
vigoureusement;7;adv
vide;7;adj
vendre;7;ver
vainement;7;adv
unir;7;ver
triangulaire;7;adj
trancher;7;ver
tranche;7;nom
tournant;7;adj
tourmenter;7;ver
torpille;7;nom
tellement;7;adv
tapisser;7;ver
sûreté;7;nom
sérieux;7;adj
surnaturel;7;nom
suite;7;nom
sud_ouest;7;nom
successivement;7;adv
souffle;7;nom
solidement;7;adv
soigneusement;7;adv
sinon;7;con
septentrional;7;adj
semaine;7;nom
secours;7;nom
saturer;7;ver
satisfaction;7;nom
sargasse;7;nom
sain;7;adj
rêver;7;ver
rêve;7;nom
rouquayrol;7;nr
rival;7;adj
retard;7;nom
ressentir;7;ver
remuer;7;ver
remercier;7;ver
rattacher;7;ver
rangée;7;nom
rang;7;nom
ramasser;7;ver
rage;7;nom
quatre_vingts;7;adj_num
période;7;nom
pâte;7;nom
précaution;7;nom
prudemment;7;adv
proprement;7;adv
prodiguer;7;ver
poursuite;7;nom
poster;7;ver
possession;7;nom
plupart;7;adv_sup
pirogue;7;nom
passion;7;nom
parer;7;ver
par_dessus;7;pre
oh;7;ono
oblong;7;adj
obliger;7;ver
objection;7;nom
nuance;7;nom
nourriture;7;nom
nord_est;7;nom
netteté;7;nom
neptune;7;nr
neige;7;nom
naître;7;ver
méthode;7;nom
mécanique;7;nom
mortel;7;nom
molécule;7;nom
minéral;7;adj
mienne;7;pro_pos
meuble;7;nom
marteau;7;nom
malheureusement;7;adv
maison;7;nom
limpide;7;adj
latéral;7;adj
lampe;7;nom
joie;7;nom
inoffensif;7;adj
individu;7;nom
impraticable;7;adj
impatient;7;adj
illuminer;7;ver
hollandais;7;nom
hausser;7;ver
gésir;7;ver
géologique;7;adj
géant;7;nom
grandir;7;ver
garnir;7;ver
galion;7;nom
fâcheux;7;adj
fonctionner;7;ver
flamand;7;nom
fils;7;nom
fermé;7;adj
femelle;7;nom
falaise;7;nom
extase;7;nom
endormi;7;adj
emprisonnement;7;nom
employé;7;nom
elle_même;7;pro_per
effrayer;7;ver
déposer;7;ver
dépit;7;nom
décidément;7;adv
domestique;7;nom
divan;7;nom
diminuer;7;ver
destruction;7;nom
céphalopode;7;nom
course;7;nom
cou;7;nom
corvette;7;nom
content;7;adj
conséquence;7;nom
constater;7;ver
congénère;7;nom
concevoir;7;ver
comprimé;7;nom
compatriote;7;nom
comparer;7;ver
commander;7;ver
chine;7;nom
chevelure;7;nom
cheminée;7;nom
chef;7;nom
calculer;7;ver
cacher;7;ver
brune;7;nom
boulon;7;nom
bouillant;7;adj
blancheur;7;nom
barrière;7;nom
aventurer;7;ver
avancé;7;adj
auprès_de;7;nr
aspirer;7;ver
argument;7;nom
arc;7;nom
aquatique;7;adj
apparence;7;nom
antiquité;7;nom
animalcules;7;nr
anfractuosité;7;nom
amiral;7;nom
amazone;7;nom
aliment;7;nom
aisément;7;adv
agréable;7;adj
agité;7;adj
agglomération;7;nom
adversaire;7;nom
admiration;7;nom
action;7;nom
absence;7;nom
abriter;7;ver
9;7;num
8;7;num
26;7;num
18;7;num
évaporation;6;nom
étincelle;6;nom
énergique;6;adj
élève;6;nom
égypte;6;nr
vérifier;6;ver
volonté;6;nom
vol;6;nom
vive;6;ono
vision;6;nom
virer;6;ver
violet;6;adj
vin;6;nom
ventouse;6;nom
vengeur;6;nom
vase;6;nom
varier;6;ver
vallée;6;nom
uniforme;6;nom
tôt;6;adv
tube;6;nom
tridacne;6;nr
tranchant;6;adj
tracer;6;ver
tourbillon;6;nom
tonne;6;nom
tigre;6;nom
tige;6;nom
tiers;6;nom
théorie;6;nom
terrain;6;nom
tandis_qu;6;con
tailler;6;ver
sécréter;6;ver
sulfureux;6;adj
suffisant;6;adj
stupéfaction;6;nom
splendide;6;adj
sourd;6;adj
sourcil;6;nom
souffler;6;ver
sonner;6;ver
sondage;6;nom
soixante_dix;6;adj_num
sirène;6;nom
silencieusement;6;adv
seiche;6;nom
sec;6;adj
saumon;6;nom
sac;6;nom
résonner;6;ver
réfraction;6;nom
réaction;6;nom
royal;6;adj
rouler;6;ver
robinet;6;nom
rivaliser;6;ver
respirable;6;adj
représaille;6;nr
repousser;6;ver
reporter;6;ver
relier;6;ver
relativement;6;adv
refuser;6;ver
reflet;6;nom
rayer;6;ver
rassurant;6;adj
raide;6;adj
quoique;6;con
quelconque;6;adj_sup
quadrupède;6;nom
préparatif;6;nom
précéder;6;ver
prudent;6;adj
prouver;6;ver
promptement;6;adv
proie;6;nom
pratiquer;6;ver
poussière;6;nom
pourpre;6;adj
portrait;6;nom
poil;6;nom
pièce;6;nom
philippe;6;nr
perte;6;nom
pendre;6;ver
paysage;6;nom
par_dessous;6;pre
paisiblement;6;adv
ovale;6;adj
ours;6;nom
orgue;6;nom
organisme;6;nom
opérer;6;ver
olive;6;nom
office;6;nom
odeur;6;nom
nu;6;adj
noix;6;nom
noeud;6;nom
nier;6;ver
nerf;6;nom
mériter;6;ver
méditerranéen;6;nom
muscle;6;nom
millième;6;nom
millimètre;6;nom
mexique;6;nr
marché;6;nom
manuscrit;6;adj
manteau;6;nom
malouin;6;adj
malais;6;adj
loutre;6;nom
livide;6;adj
liverpool;6;nr
litre;6;nom
lisière;6;nom
librement;6;adv
kamenni;6;nr
jardin;6;nom
ironique;6;adj
inventer;6;ver
insuffisant;6;adj
inquiéter;6;ver
influence;6;nom
indescriptible;6;adj
impénétrable;6;adj
imprimer;6;ver
houleux;6;adj
horloge;6;nom
historique;6;adj
historien;6;nom
havre;6;nom
habité;6;adj
génie;6;nom
guider;6;ver
gréement;6;nom
gras;6;adj
gonfler;6;ver
gobies;6;nr
glacé;6;adj
gaz;6;nom
furieux;6;adj
fréquemment;6;adv
frémir;6;ver
formation;6;nom
fondre;6;ver
foie;6;nom
flèche;6;nom
flamme;6;nom
fixement;6;adv
field;6;nom
fidèle;6;adj
faux;6;adj
faute;6;nom
familiariser;6;ver
faible;6;adj
faculté;6;nom
exprimer;6;ver
express;6;adj
espagne;6;nr
erreur;6;nom
errer;6;ver
enveloppe;6;nom
entrée;6;nom
enfuir;6;ver
enfouir;6;ver
enfant;6;nom
endormir;6;ver
embrasser;6;ver
effroyable;6;adj
edwards;6;nr
développement;6;nom
désigner;6;ver
désespérer;6;ver
démontrer;6;ver
démesurément;6;adv
délicieux;6;adj
dégradation;6;nom
douleur;6;nom
distinctement;6;adv
discussion;6;nom
difficilement;6;adv
diagonale;6;nom
dessécher;6;ver
dense;6;adj
demi_mille;6;nom
cylindre;6;nom
cuire;6;ver
crête;6;nom
croisé;6;adj
croissant;6;adj
court;6;adj
coulée;6;nom
corne;6;nom
convulsion;6;nom
convoi;6;nom
contrarier;6;ver
construction;6;nom
conique;6;adj
congélation;6;nom
compartiment;6;nom
compact;6;adj
coffre;6;nom
coco;6;nom
clouer;6;ver
climat;6;nom
classé;6;adj
circonférence;6;nom
cinquième;6;nom
chauffer;6;ver
chaudière;6;nom
changement;6;nom
chalut;6;nom
ceyland;6;nr
ceux_là;6;pro_dem
catastrophe;6;nom
carbonique;6;adj
cannibale;6;nom
brandir;6;ver
boîte;6;nom
bataille;6;nom
basalte;6;nom
balancer;6;ver
baisser;6;ver
avance;6;nom
attitude;6;nom
artocarpus;6;nr
art;6;nom
arbrisseau;6;nom
appliquer;6;ver
antique;6;adj
allongé;6;adj
aise;6;nom
aimable;6;adj
aide;6;nom
affecter;6;ver
adroit;6;adj
acide;6;nom
accoutumer;6;ver
accouder;6;ver
accorder;6;ver
accord;6;nom
abuser;6;ver
absolu;6;adj
abordage;6;nom
6;6;num
22;6;num
1er;6;nr
1867;6;num
éventail;5;nom
étonnement;5;nom
étoffe;5;nom
éternel;5;adj
épouvantable;5;adj
épine;5;nom
énergie;5;nom
ému;5;adj
émerveiller;5;ver
éloignement;5;nom
égard;5;nom
écrou;5;nom
éclaircir;5;ver
échanger;5;ver
éblouir;5;ver
véhicule;5;nom
végétation;5;nom
vulgaire;5;adj
vorace;5;adj
vomir;5;ver
volant;5;adj
visage;5;nom
vigueur;5;nom
vierge;5;nom
verticalement;5;adv
verdâtre;5;adj
verdure;5;nom
vain;5;adj
universel;5;adj
trouble;5;nom
triangle;5;nom
tressaillir;5;ver
trente_cinq;5;adj_num
traînée;5;nom
traversée;5;nom
travailleur;5;nom
transversal;5;adj
transparence;5;nom
tranquillité;5;nom
train;5;nom
touffe;5;nom
tort;5;nom
toise;5;nom
thon;5;nom
tension;5;nom
temple;5;nom
tangage;5;nom
tacheter;5;ver
sévère;5;adj
séjour;5;nom
syrie;5;nr
surveiller;5;ver
suffoquer;5;ver
sphérique;5;adj
souterrain;5;nom
soupape;5;nom
souffrance;5;nom
souder;5;ver
solidification;5;nom
soixante_quinze;5;adj_num
site;5;nom
signifier;5;ver
serré;5;adj
semelle;5;nom
scombres;5;nr
saurer;5;ver
sang_froid;5;nom
salé;5;adj
saillie;5;nom
rêverie;5;nom
réduction;5;nom
récolte;5;nom
réalité;5;nom
rude;5;adj
ruban;5;nom
roi;5;nom
robuste;5;adj
rive;5;nom
revivre;5;ver
retomber;5;ver
retentissement;5;nom
ressac;5;nom
resplendissant;5;adj
reprocher;5;ver
reprise;5;nom
remontant;5;nom
refaire;5;ver
rampe;5;nom
ralentir;5;ver
rade;5;nom
racine;5;nom
quille;5;nom
quarante_cinq;5;adj_num
quai;5;nom
pétrels;5;nr
prudence;5;nom
protester;5;ver
promontoire;5;nom
promesse;5;nom
procurer;5;ver
problème;5;nom
prime;5;nom
prier;5;ver
porcelaine;5;nom
pline;5;nr
plateau;5;nom
plain;5;nom
pittoresque;5;adj
pitié;5;nom
physique;5;adj
phosphorescence;5;nom
peupler;5;ver
peuple;5;nom
paupière;5;nom
patron;5;nom
parfaire;5;ver
paralyser;5;ver
palpiter;5;ver
os;5;nom
orient;5;nom
organe;5;nom
opposer;5;ver
opaque;5;adj
océanique;5;adj
néa;5;nr
nègre;5;nom
nuée;5;nom
nouvel;5;adj
nil;5;nom
nez;5;nom
nerveux;5;adj
nacré;5;adj
nacre;5;nom
ménager;5;ver
mère;5;nom
mâture;5;nom
murène;5;nom
moteur;5;nom
mode;5;nom
minuit;5;nom
milne;5;nr
microscopique;5;adj
massacrer;5;ver
maritime;5;adj
manifester;5;ver
manier;5;ver
maelstrom;5;nom
légume;5;nom
légende;5;nom
lion;5;nom
lingot;5;nom
liane;5;nom
levier;5;nom
lenticulaire;5;adj
laurent;5;nr
latin;5;adj
larme;5;nom
lamantin;5;nom
labre;5;nom
jusque;5;pre
juin;5;nom
joindre;5;ver
james;5;nr
jambe;5;nom
jaillir;5;ver
isolé;5;adj
irrésistible;5;adj
irriter;5;ver
iris;5;nom
invitation;5;nom
invisible;5;adj
inverse;5;nom
intolérable;5;adj
intervalle;5;nom
interdire;5;ver
insupportable;5;adj
installer;5;ver
insister;5;ver
infusoire;5;nom
infranchissable;5;adj
inextricable;5;adj
indépendance;5;nom
incrédule;5;adj
incruster;5;ver
incomparable;5;adj
impunément;5;adv
implacable;5;adj
impatience;5;nom
imiter;5;ver
héroïque;5;adj
héros;5;nom
hémisphère;5;nom
hyperboréennes;5;nr
humide;5;adj
humeur;5;nom
houle;5;nom
houillère;5;nom
honnête;5;adj
homard;5;nom
holoturies;5;nr
heureux;5;adj
hermétiquement;5;adv
haut_fond;5;nom
hanche;5;nom
halte;5;ono
habile;5;adj
gueule;5;nom
grèce;5;nr
gouffre;5;nom
gorge;5;nom
genou;5;nom
garde;5;nom
gaillard;5;nom
gades;5;nr
frémissement;5;nom
fragile;5;adj
fourrure;5;nom
fourneau;5;nom
fortune;5;nom
fluide;5;adj
flotte;5;nom
fier;5;ver
fields;5;nr
favoriser;5;ver
fauve;5;nom
faune;5;nom
fatigue;5;nom
fatal;5;adj
farouche;5;adj
fantastique;5;adj
faillir;5;ver
exquis;5;adj
exploitation;5;nom
excellence;5;nom
examen;5;nom
exagérer;5;ver
envers;5;pre
entrevue;5;nom
entreprendre;5;ver
entrecasteaux;5;nr
entr_ouvert;5;adj
enthousiasme;5;nom
enrayer;5;ver
encombrer;5;ver
enchaîner;5;ver
empâté;5;adj
emmagasiner;5;ver
effleurer;5;ver
désespéré;5;adj
dépourvu;5;adj
déployer;5;ver
défense;5;nom
découper;5;ver
débarquer;5;ver
duquel;5;pro_rel
douteux;5;adj
domaine;5;nom
dix_neuf;5;adj_num
disputer;5;ver
différer;5;ver
difficulté;5;nom
diamètre;5;nom
davis;5;nr
côtelette;5;nom
céder;5;ver
cuirasse;5;nom
crépuscule;5;nom
cramponner;5;ver
coralligènes;5;nr
corallien;5;adj
conviction;5;nom
convaincre;5;ver
contrôler;5;ver
contrée;5;nom
contemporain;5;adj
contempler;5;ver
contact;5;nom
consister;5;ver
conseiller;5;ver
confus;5;adj
conclusion;5;nom
concentrique;5;adj
comprimer;5;ver
classification;5;nom
clairière;5;nom
circulation;5;nom
cinquante_six;5;adj_num
chinois;5;nom
cheval;5;nom
cesse;5;nom
celle_ci;5;pro_dem
caverne;5;nom
caractère;5;nom
capricieusement;5;adv
caoutchouc;5;nom
calcutta;5;nr
cadran;5;nom
brouillard;5;nom
bouton;5;nom
bijou;5;nom
bandelette;5;nom
azur;5;nom
avarie;5;nom
autrement;5;adv
auteur;5;nom
au_dehors;5;adv
attribuer;5;ver
attentif;5;adj
atlante;5;nom
astéries;5;nr
assaillir;5;ver
ascensionnel;5;adj
article;5;nom
aristote;5;nr
argonautes;5;nr
argonaute;5;nom
arborisation;5;nom
après_demain;5;adv
appel;5;nom
anthropophage;5;adj
amoncellement;5;nom
amarrer;5;ver
alourdir;5;ver
alimenter;5;ver
agitation;5;nom
affleurer;5;ver
admirablement;5;adv
acte;5;nom
accueillir;5;ver
accore;5;adj
abîmer;5;ver
abord;5;nom
abondant;5;adj
7;5;num
67;5;num
50;5;num
32;5;num
19;5;num
1866;5;num
évêque;4;nom
évent;4;nom
étreinte;4;nom
état_major;4;nom
épouvante;4;nom
épanouir;4;ver
éléphant;4;nom
égyptien;4;adj
église;4;nom
éclairage;4;nom
échinoderme;4;nom
échauffer;4;ver
écarlate;4;adj
écailleux;4;adj
zélé;4;adj
zinc;4;nom
vôtres;4;pro_pos
vêtir;4;ver
vélocité;4;nom
voyager;4;ver
volatile;4;nom
vivacité;4;nom
visqueux;4;adj
vingt_six;4;adj_num
vestiaire;4;nom
vertigineux;4;adj
verticale;4;nom
verdoyant;4;adj
ventrales;4;nr
vanou;4;nr
unique;4;adj
unes;4;pro_ind
tétrodons;4;nr
témoin;4;nom
trente_six;4;adj_num
trente_sept;4;adj_num
touchant;4;adj
totalement;4;adv
toile;4;nom
tiens;4;ono
tes;4;adj_pos
tendu;4;adj
tender;4;nom
tamis;4;nom
sûrement;4;adv
surexciter;4;ver
sueur;4;nom
successif;4;adj
subdiviser;4;ver
spécialement;4;adv
spirale;4;nom
spectre;4;nom
sous_classe;4;nom
souriant;4;adj
source;4;nom
solitude;4;nom
solidifier;4;ver
soldat;4;nom
sirr;4;nr
simultanément;4;adv
silencieux;4;adj
sienne;4;pro_pos
shannon;4;nr
sextant;4;nom
serrer;4;ver
serpentin;4;nom
serment;4;nom
septembre;4;nom
sentier;4;nom
sensible;4;adj
sensation;4;nom
section;4;nom
secousse;4;nom
scrupuleux;4;adj
scorie;4;nom
savoureux;4;adj
sauf;4;pre
santorin;4;nr
san;4;nr
salin;4;nom
saison;4;nom
sacré;4;adj
sacrifier;4;ver
réverbération;4;nom
réunion;4;nom
rétrécir;4;ver
réellement;4;adv
récrimination;4;nom
réapparaître;4;ver
ruse;4;nom
rugueux;4;adj
rugir;4;ver
ruche;4;nom
romain;4;adj
rocheux;4;adj
rideau;4;nom
revue;4;nom
retraite;4;nom
retarder;4;ver
représentant;4;nom
renversant;4;adj
refroidir;4;ver
refléter;4;ver
redoubler;4;ver
recherché;4;adj
rechercher;4;ver
ras;4;adj
rarement;4;adv
rapproché;4;adj
ramure;4;nom
ramier;4;nom
radieux;4;adj
québec;4;nr
quatrième;4;adj
péninsule;4;nom
pélagiennes;4;nr
prêter;4;ver
prévoir;4;ver
précédent;4;adj
précipité;4;adj
profession;4;nom
privilège;4;nom
prisme;4;nom
prince;4;nom
preuve;4;nom
pratique;4;adj
poudre;4;nom
potasse;4;nom
porteur;4;nom
porphyre;4;nom
porc;4;nom
pomotou;4;nr
pointillé;4;nom
poing;4;nom
poche;4;nom
planète;4;nom
plantules;4;nr
pirate;4;nom
piquer;4;ver
piquant;4;adj
pince;4;nom
pilote;4;nom
perçant;4;adj
perlier;4;adj
perforant;4;adj
perfectionner;4;ver
percher;4;ver
penchant;4;nom
paul;4;nr
patrie;4;nom
passionner;4;ver
particularité;4;nom
parfum;4;nom
pardonner;4;ver
papier;4;nom
paon;4;nom
palmé;4;adj
oursin;4;nom
ostracions;4;nr
ordinairement;4;adv
onde;4;nom
ombrelle;4;nom
octobre;4;nom
occidental;4;adj
obéissant;4;adj
obstruer;4;ver
obliquement;4;adv
négatif;4;adj
nécessité;4;nom
nécessiter;4;ver
nuancer;4;ver
noyer;4;ver
norwége;4;nr
nid;4;nom
neuvième;4;adj
mélange;4;nom
moïse;4;nom
mouvant;4;adj
morsure;4;nom
morale;4;nom
mont;4;nom
misérable;4;adj
mien;4;pro_pos
miel;4;nom
mener;4;ver
menaçant;4;adj
marsouin;4;nom
marseillais;4;adj
marche;4;nom
mandibule;4;nom
manche;4;nom
malheur;4;nom
maladif;4;adj
madréporique;4;nr
macroures;4;nr
longer;4;ver
locomotion;4;nom
lobe;4;nom
lecture;4;nom
largement;4;adv
lanterne;4;nom
lacépède;4;nr
la_plata;4;nom
jusque_là;4;adv
joyeux;4;adj
japonais;4;nom
ivre;4;adj
italie;4;nr
isolément;4;adv
irradiation;4;nom
ironiquement;4;adv
inébranlable;4;adj
invraisemblable;4;adj
involontaire;4;adj
interne;4;adj
inspirer;4;ver
insensé;4;adj
inquiétant;4;adj
innombrable;4;adj
ingénieux;4;adj
infatigable;4;adj
indéfiniment;4;adv
indiscret;4;adj
indigo;4;nom
indifférent;4;adj
indifférence;4;nom
incrédulité;4;nom
inattendu;4;adj
in;4;adj_sup
imprévu;4;nom
immensité;4;nom
illustre;4;adj
illusion;4;nom
idiome;4;nom
identique;4;adj
hôtel;4;nom
hum;4;ono
houille;4;nom
horizontal;4;adj
hollande;4;nom
hippocampe;4;nom
hier;4;adv_sup
happer;4;ver
haletant;4;adj
haler;4;ver
habileté;4;nom
géographique;4;adj
gélatineux;4;adj
grève;4;nom
grisâtre;4;adj
great;4;nr
granitique;4;adj
granit;4;nom
gracieux;4;adj
gracieusement;4;adv
gouverner;4;ver
glorieux;4;adj
globuleux;4;adj
glaçon;4;nom
fusiforme;4;adj
furie;4;nom
funèbre;4;adj
fumer;4;ver
fronde;4;nom
froncer;4;ver
fouiller;4;ver
fosse;4;nom
fongies;4;nr
fil;4;nom
ferrer;4;ver
farine;4;nom
fantaisiste;4;adj
facilité;4;nom
fabuleux;4;adj
fable;4;nom
exécuter;4;ver
extérieurement;4;adv
expédier;4;ver
exploration;4;nom
exploiter;4;ver
exercer;4;ver
excuser;4;ver
estuaire;4;nom
escadre;4;nom
enrichir;4;ver
enragé;4;adj
enflammer;4;ver
encroûter;4;ver
enchanter;4;ver
empâtement;4;nom
empreinte;4;nom
empoisonner;4;ver
emploi;4;nom
empire;4;nom
embouchure;4;nom
embarrassé;4;adj
effroi;4;nom
eastern;4;nr
dévouement;4;nom
dévoiler;4;ver
dévier;4;ver
détestable;4;adj
désoler;4;ver
désir;4;nom
désespoir;4;nom
dépourvoir;4;ver
déplacement;4;nom
délier;4;ver
défaut;4;nom
découpé;4;adj
décomposé;4;adj
débattre;4;ver
débarrasser;4;ver
dynamique;4;adj
dunette;4;nom
douer;4;ver
distingué;4;adj
distinct;4;adj
distiller;4;ver
dissiper;4;ver
direct;4;adj
description;4;nom
dehors;4;ono
dame;4;nom
cérébral;4;adj
cyclone;4;nom
cunard;4;nr
crète;4;nr
cruel;4;adj
croix;4;nom
craquer;4;ver
couteau;4;nom
couronner;4;ver
courbe;4;nom
cortège;4;nom
correspondre;4;ver
convenablement;4;adv
contourner;4;ver
conséquemment;4;adv
constituer;4;ver
consommer;4;ver
consacrer;4;ver
conduite;4;nom
concert;4;nom
compas;4;nom
communicatif;4;adj
commercial;4;adj
commerce;4;nom
coloré;4;adj
coloration;4;nom
collision;4;nom
collier;4;nom
coin;4;nom
coiffer;4;ver
cochon;4;nom
cloche;4;nom
clermont;4;nr
château;4;nom
chronomètre;4;nom
chimère;4;nom
cheveu;4;nom
cher;4;adj
chef_d_oeuvre;4;nom
cercler;4;ver
catégoriquement;4;adv
capricorne;4;nom
capacité;4;nom
canard;4;nom
calédonie;4;nr
calotte;4;nom
caisse;4;nom
cadix;4;nr
cabinet;4;nom
bâton;4;nom
bunzen;4;nr
brooklyn;4;nr
brisant;4;nom
bravo;4;ono
bouguer;4;nr
boucher;4;ver
bosser;4;ver
bordée;4;nom
boire;4;ver
blennie;4;nom
bastingage;4;nom
barrer;4;ver
baril;4;nom
ballon;4;nom
bah;4;ono
avide;4;adj
aveugle;4;adj
autoriser;4;ver
auparavant;4;adv_sup
augmenter;4;ver
attraction;4;nom
attente;4;nom
atelier;4;nom
assurance;4;nom
assoupissement;4;nom
asphyxie;4;nom
arête;4;nom
artiste;4;nom
armature;4;nom
arctique;4;adj
architecture;4;nom
arabie;4;nr
arabe;4;nom
aquarium;4;nom
appât;4;nom
aplatir;4;ver
annélides;4;nr
annonce;4;nom
animé;4;adj
anguille;4;nom
anderson;4;nr
and;4;nr
aménagement;4;nom
ambiant;4;adj
alerte;4;ono
albatros;4;nom
agonie;4;nom
actuel;4;adj
accès;4;nom
abri;4;nom
abondamment;4;adv
abandon;4;nom
3;4;num
25;4;num
1827;4;num
1702;4;num
évider;3;ver
étrangeté;3;nom
étambot;3;nom
équinoxe;3;nom
épée;3;nom
épreuve;3;nom
épouvanté;3;adj
épouser;3;ver
épier;3;ver
épars;3;adj
épaissir;3;ver
énigmatique;3;adj
émanation;3;nom
élévation;3;nom
éloigné;3;adj
électriquement;3;adv
élargir;3;ver
écrouler;3;ver
économie;3;nom
échouement;3;nom
échelon;3;nom
échange;3;nom
âne;3;nom
âge;3;nom
zénith;3;nom
zélande;3;nr
zébrer;3;ver
zostère;3;nr
zoophyte;3;nr
washington;3;nr
vérité;3;nom
vulgairement;3;adv
vouer;3;ver
volute;3;nom
voiler;3;ver
vitreux;3;adj
vitalité;3;nom
vital;3;adj
visiblement;3;adv
violette;3;nom
veste;3;nom
vessie;3;nom
vertèbre;3;nom
vertige;3;nom
versant;3;nom
vergue;3;nom
venger;3;ver
venaison;3;nom
veine;3;nom
veau;3;nom
vasque;3;nom
v;3;nom_sup
utilité;3;nom
ustensile;3;nom
uniquement;3;adv
témérité;3;nom
téméraire;3;adj
télégramme;3;nom
tâcher;3;ver
tuyau;3;nom
turbots;3;nr
tubipores;3;nr
tubercule;3;nom
trygles;3;nr
troques;3;nr
trombe;3;nom
trente_cinquième;3;adj
trembler;3;ver
tremblant;3;adj
traquer;3;ver
transfigurer;3;ver
transatlantique;3;nom
trait;3;nom
total;3;adj
torride;3;adj
tor;3;nr
toilette;3;nom
testacés;3;nr
tempéré;3;adj
sénestre;3;nr
sélaciens;3;nr
sécrétion;3;nom
sécher;3;ver
symptôme;3;nom
surpasser;3;ver
surnommer;3;ver
surmonter;3;ver
surhumain;3;adj
surgir;3;ver
supplémentaire;3;adj
sulfate;3;nom
submerger;3;ver
sublime;3;adj
stérile;3;adj
stupeur;3;nom
stopper;3;ver
spécifique;3;adj
spongiaires;3;nr
spitzberg;3;nr
spasme;3;nom
soute;3;nom
sous_genres;3;nr
sous_genre;3;nom
sourire;3;nom
souple;3;adj
soupir;3;nom
soulager;3;ver
soufre;3;nom
sonder;3;ver
somnolence;3;nom
solution;3;nom
sole;3;nom
soixante_huit;3;adj_num
soixante_deux;3;adj_num
soirée;3;nom
soie;3;nom
sobre;3;adj
sixième;3;adj
sinuosité;3;nom
sinueux;3;adj
sillon;3;nom
siffler;3;ver
siens;3;pro_pos
serpenter;3;ver
scott;3;nr
scorpion;3;nom
sciènes;3;nr
saveur;3;nom
satisfaisant;3;adj
satellite;3;nom
santé;3;nom
sanglot;3;nom
saler;3;ver
saillant;3;adj
sagoutiers;3;nr
sage;3;adj
sableux;3;adj
rétrograde;3;adj
rétablir;3;ver
résistant;3;adj
réseau;3;nom
réputation;3;nom
répugner;3;ver
répugnance;3;nom
république;3;nom
répandre;3;ver
réfugier;3;ver
réclamer;3;ver
râler;3;ver
russe;3;adj
ruiner;3;ver
roux;3;nom
ross;3;nr
roque;3;nom
rivière;3;nom
risque;3;nom
rigoureux;3;adj
rigoureusement;3;adv
rhodes;3;nr
revînmes;3;nr
revanche;3;nom
restreint;3;adj
ressource;3;nom
responsabilité;3;nom
respecter;3;ver
replonger;3;ver
renvoyer;3;ver
renaud;3;nom
relâcher;3;ver
refouler;3;ver
recouvrer;3;ver
reconnaissance;3;nom
reconnaissable;3;adj
recommandation;3;nom
rayonner;3;ver
rassembler;3;ver
raidir;3;ver
rafraîchir;3;ver
rabattre;3;ver
quartier;3;nom
quadruple;3;adj
quadrangulaire;3;adj
pêle_mêle;3;adv
périlleux;3;adj
pénétrant;3;adj
père;3;nom
pâlir;3;ver
purger;3;ver
purement;3;adv
pulluler;3;ver
puits;3;nom
puiser;3;ver
publier;3;ver
prévoyant;3;adj
prévision;3;nom
présent;3;nom
précis;3;adj
préalablement;3;adv
prusse;3;nr
provence;3;nr
propriété;3;nom
propager;3;ver
prompt;3;adj
projectile;3;nom
progrès;3;nom
profit;3;nom
production;3;nom
prodigue;3;adj
principe;3;nom
primitif;3;adj
pressentir;3;ver
pressentiment;3;nom
pouls;3;nom
possibilité;3;nom
positif;3;adj
population;3;nom
poncer;3;ver
politique;3;nom
politesse;3;nom
polir;3;ver
pointu;3;adj
poignée;3;nom
plier;3;ver
pli;3;nom
planter;3;ver
pisciformes;3;nr
pioche;3;nom
pier;3;nom
phénoménal;3;adj
phlegmatique;3;nr
phare;3;nom
peur;3;nom
pesanteur;3;nom
persister;3;ver
persique;3;adj
perpétuel;3;adj
perpendiculaire;3;adj
perdu;3;adj
peinture;3;nom
peigne;3;nom
pavé;3;adj
patelle;3;nom
pasteur;3;nom
partisan;3;nom
parterre;3;nom
parsemer;3;ver
parier;3;ver
parfumé;3;adj
parcours;3;nom
paradis;3;nom
paléa;3;nr
palpitant;3;adj
palmier;3;nom
palan;3;nom
paire;3;nom
outil;3;nom
orné;3;adj
ornement;3;nom
organique;3;adj
orangé;3;adj
orange;3;nom
opulent;3;adj
opprimé;3;nom
oppressé;3;adj
oppresser;3;ver
opposé;3;nom
opalin;3;nom
onduler;3;ver
omettre;3;ver
oman;3;nr
olivâtre;3;adj
océanie;3;nr
oculines;3;nr
obstinément;3;adv
obsession;3;nom
oblique;3;adj
nôtre;3;pro_pos
négativement;3;adv
numéro;3;nom
nuire;3;ver
noyau;3;nom
nostalgie;3;nom
nomenclature;3;nom
nicolas;3;nr
nicher;3;ver
natte;3;nom
natal;3;adj
nageur;3;nom
nage;3;nom
mépris;3;nom
médecin;3;nom
mécanisme;3;nom
mécanicien;3;nom
méandrines;3;nr
mugissement;3;nom
mousse;3;nom
mourant;3;adj
mouche;3;nom
mou;3;adj
motif;3;nom
mosquée;3;nom
moravian;3;nr
moquer;3;ver
montant;3;nom
monodelphiens;3;nr
mohammed;3;nr
modèle;3;nom
mississipi;3;nr
miroir;3;nom
minimum;3;nom
mineur;3;adj
minaret;3;nom
mercure;3;nom
merci;3;ono
menu;3;nom
membraneux;3;adj
maudit;3;adj
mathématique;3;nom
massacre;3;nom
marron;3;adj
marquis;3;nom
marbre;3;nom
maquereau;3;nom
mandeb;3;nr
manates;3;nr
mamelle;3;nom
malle;3;nom
malaisie;3;nr
maladie;3;nom
maille;3;nom
magellan;3;nr
madréporiques;3;nr
madrépore;3;nom
machinalement;3;adv
longitudinal;3;adj
londres;3;nr
logique;3;adj
locomoteur;3;adj
liqueur;3;nom
linge;3;nom
limpidité;3;nom
limande;3;nom
lien;3;nom
libye;3;nr
lestement;3;adv
lesseps;3;nr
lascar;3;nom
las;3;adj
larguer;3;ver
lamproie;3;nom
laminaire;3;nom
lambres;3;nr
lagon;3;nom
lacs;3;nom
krakens;3;nr
kilo;3;nom
keeling;3;nr
kangaroos;3;nr
juron;3;nom
jurer;3;ver
jouir;3;ver
ivoire;3;nom
italien;3;adj
israélite;3;nom
island;3;nr
isis;3;nr
inégal;3;adj
invoquer;3;ver
intituler;3;ver
intermédiaire;3;nom
interminable;3;adj
insu;3;nom
inspiration;3;nom
insecte;3;nom
insaisissable;3;adj
inonder;3;ver
inhabité;3;adj
inexploré;3;adj
inestimable;3;adj
inerte;3;adj
indépendant;3;adj
indiscutable;3;adj
incertain;3;adj
inanition;3;nom
impérieux;3;adj
impulsion;3;nom
impuissant;3;adj
imprudent;3;adj
importance;3;nom
implanter;3;ver
imperturbable;3;adj
imperceptible;3;adj
impasse;3;nom
immersion;3;nom
imaginaire;3;adj
image;3;nom
identité;3;nom
hésitation;3;nom
hébrides;3;nr
hâte;3;nom
hurrah;3;nom
humer;3;ver
humboldt;3;nr
huile;3;nom
hospitalité;3;nom
homère;3;nr
hirondelle;3;nom
higginson;3;nr
hideux;3;adj
hercule;3;nom
helvetia;3;nr
hein;3;ono
hectare;3;nom
heart;3;nr
havane;3;nom
hauban;3;nom
hasarder;3;ver
hallebarde;3;nom
gîte;3;nom
géographie;3;nom
généreux;3;adj
gymnote;3;nr
guirlande;3;nom
guinée;3;nom
guide;3;nom
grêle;3;nom
grossir;3;ver
greenwich;3;nr
grandeur;3;nom
graine;3;nom
governor;3;nr
gouttelette;3;nom
gourmand;3;adj
glauque;3;adj
glasgow;3;nr
glacer;3;ver
gerbe;3;nom
geler;3;ver
gant;3;nom
galerie;3;nom
frêle;3;adj
franger;3;ver
fragment;3;nom
fournaise;3;nom
fonte;3;nom
fonder;3;ver
folie;3;nom
foliacés;3;nr
flûte;3;nom
flottons;3;nr
fleurir;3;ver
finesse;3;nom
fibreux;3;adj
fibre;3;nom
feston;3;nom
ferrure;3;nom
fermenté;3;adj
faveur;3;nom
fatalité;3;nom
fanon;3;nom
fameux;3;adj
faciliter;3;ver
explosion;3;nom
exciter;3;ver
excepté;3;pre
exception;3;nom
excavation;3;nom
exactitude;3;nom
eux_mêmes;3;pro_per
esturgeon;3;nom
essentiellement;3;adv
envoler;3;ver
envie;3;nom
entêté;3;nom
entr_ouverts;3;nr
entonnoir;3;nom
enterrer;3;ver
entassement;3;nom
ensevelir;3;ver
ennuyer;3;ver
ennui;3;nom
enlacer;3;ver
engouffrer;3;ver
enduire;3;ver
encre;3;nom
encadrer;3;ver
emboîter;3;ver
embarrasser;3;ver
effroyablement;3;adv
effluve;3;nom
dévoué;3;adj
dévisser;3;ver
détriment;3;nom
déprimer;3;ver
déplorable;3;adj
déplaisir;3;nom
démonté;3;adj
démonstration;3;nom
délivrer;3;ver
délicatement;3;adv
déjection;3;nom
déferler;3;ver
dédaigner;3;ver
décomposer;3;ver
déchaîner;3;ver
débâcle;3;nom
début;3;nom
déborder;3;ver
débarquement;3;nom
durée;3;nom
doué;3;adj
douceur;3;nom
doucement;3;adv
dorade;3;nom
division;3;nom
diurne;3;adj
distribuer;3;ver
distancer;3;ver
disséquer;3;ver
dissimuler;3;ver
disperser;3;ver
dibranchiaux;3;nr
diaphane;3;adj
diamant;3;nom
devise;3;nom
devancer;3;ver
deux_ponts;3;nom
destination;3;nom
dessein;3;nom
denteler;3;ver
demi_jour;3;nom
demi_douzaine;3;nom
demeure;3;nom
dedans;3;adv_sup
date;3;nom
darwin;3;nr
damner;3;ver
cylindrique;3;adj
cuvier;3;nom
cueillir;3;ver
crâne;3;nom
croître;3;ver
crosse;3;nom
crisper;3;ver
crayon;3;nom
courber;3;ver
courage;3;nom
cotte;3;nom
corné;3;adj
coquin;3;nom
contredire;3;ver
contre_courant;3;nom
contracter;3;ver
contigu;3;adj
contemplation;3;nom
constructeur;3;nom
constellation;3;nom
constant;3;adj
conscience;3;nom
conglomérat;3;nom
conducteur;3;nom
concrétion;3;nom
conchyliologue;3;nr
compromettre;3;ver
company;3;nr
commettre;3;ver
combler;3;ver
combiner;3;ver
cocotier;3;nom
coalisées;3;nr
clios;3;nr
classificateur;3;adj
clairement;3;adv
circumnavigation;3;nom
cinquante_sept;3;adj_num
ciment;3;nom
chronométrer;3;ver
chlorure;3;nom
chaudement;3;adv
chatoyant;3;adj
charrier;3;ver
charmer;3;ver
charme;3;nom
charles;3;nr
chanter;3;ver
chagrin;3;nom
cervelle;3;nom
celles_ci;3;pro_dem
cavité;3;nom
caustique;3;adj
cauchemar;3;nom
casser;3;ver
casque;3;nom
caractériser;3;ver
canine;3;nom
cancer;3;nom
canaries;3;nr
campagne;3;nom
cambuse;3;nom
calorique;3;adj
bélier;3;nom
bâtir;3;ver
bruyant;3;adj
brusque;3;adj
brumeux;3;adj
broyer;3;ver
bronze;3;nom
britannique;3;adj
brest;3;nr
braquer;3;ver
bourdonnement;3;nom
bougainville;3;nr
bouffée;3;nom
botte;3;nom
borner;3;ver
borne;3;nom
bonites;3;nr
bombé;3;adj
bobine;3;nom
bloquer;3;ver
bipède;3;nom
bifurquer;3;ver
bering;3;nr
berge;3;nom
bercer;3;ver
berceau;3;nom
bengale;3;nr
bel;3;adj
barbe;3;nom
ballotter;3;ver
bain;3;nom
babiroussa;3;nom
babel;3;nom
açores;3;nr
aviser;3;ver
aveugler;3;ver
aventureux;3;adj
aurore;3;nom
audacieusement;3;adv
audace;3;nom
attester;3;ver
atome;3;nom
atmosphérique;3;adj
assourdissant;3;adj
assourdir;3;ver
assister;3;ver
arsenal;3;nom
arceau;3;nom
arago;3;nr
arabian;3;nr
après_deux;3;nr
appui;3;nom
apprêter;3;ver
approvisionnement;3;nom
appauvrir;3;ver
aplomb;3;nom
anémone;3;nom
anéantir;3;ver
antérieur;3;adj
antédiluvien;3;adj
antenne;3;nom
anglo_saxon;3;adj
amour;3;nom
aléoutiennes;3;nr
alternativement;3;adv
allusion;3;nom
alcyon;3;nom
agilité;3;nom
agenouiller;3;ver
africain;3;adj
affreux;3;adj
adroitement;3;adv
aden;3;nr
acéphale;3;nom
activement;3;adv
actinie;3;nom
actif;3;adj
acquérir;3;ver
acharné;3;adj
accumuler;3;ver
accroissement;3;nom
accourir;3;ver
accoster;3;ver
accommoder;3;ver
aborder;3;ver
abonder;3;ver
abeille;3;nom
77;3;num
72;3;num
70;3;num
64;3;num
45;3;num
42;3;num
37;3;num
31;3;num
24;3;num
1868;3;num
1863;3;num
1785;3;num
évoluer;2;ver
évidé;2;adj
évasivement;2;adv
évaporer;2;ver
évaluation;2;nom
étrangement;2;adv
étincelant;2;adj
étamine;2;nom
érébus;2;nr
équinoxiale;2;nr
épineux;2;adj
épice;2;nom
éperdre;2;ver
éparpiller;2;ver
épargner;2;ver
épanouissement;2;nom
émouvant;2;adj
émigrer;2;ver
émettre;2;ver
émailler;2;ver
électricien;2;nom
égarer;2;ver
éducation;2;nom
écumer;2;ver
écume;2;nom
écrasement;2;nom
écorce;2;nom
échénéïdes;2;nr
échénéïde;2;nr
échéant;2;adj
échevelé;2;adj
échec;2;nom
ébranler;2;ver
éboulement;2;nom
zébré;2;adj
zodiacales;2;nr
xvi;2;nr
xiv;2;nr
x;2;adj_num
wailea;2;nr
wagon;2;nom
véronèse;2;nr
vénus;2;nom
végétatif;2;adj
voyageur;2;nom
volupté;2;nom
voltiger;2;ver
volontairement;2;adv
voiture;2;nom
voisinage;2;nom
voilier;2;nom
viti;2;nr
visser;2;ver
visa;2;nom
vingt_sept;2;adj_num
vingt_deux;2;adj_num
vinaigre;2;nom
villa;2;nom
vieillard;2;nom
victoria;2;nom
victor;2;nr
victoire;2;nom
vicier;2;ver
vibrer;2;ver
verticalité;2;nom
vertical;2;adj
veiller;2;ver
vautour;2;nom
variable;2;adj
vaguement;2;adv
utilement;2;adv
urgent;2;adj
unité;2;nom
unguiculés;2;nr
tétrabranchiaux;2;nr
ténacité;2;nom
témoigner;2;ver
témoignage;2;nom
télescope;2;nom
tâtonner;2;ver
tâter;2;ver
turritelles;2;nr
turquie;2;nr
turc;2;adj
tuberculeux;2;adj
tronçon;2;nom
triton;2;nom
trirème;2;nom
triomphe;2;nom
tridacnes;2;nr
tribu;2;nom
tressaillement;2;nom
trente_trois;2;adj_num
trente_huit;2;adj_num
tremper;2;ver
transport;2;nom
transocéaniennes;2;nr
transmission;2;nom
transformer;2;ver
tradition;2;nom
traction;2;nom
trachytes;2;nr
tournure;2;nom
toscan;2;adj
torpeur;2;nom
toit;2;nom
titanesque;2;adj
timor;2;nr
timbre;2;nom
tikopia;2;nr
thermométriques;2;nr
the;2;nr
test;2;nom
tertio;2;adv_sup
terror;2;nr
terreur;2;nom
terminal;2;nom
tenue;2;nom
tentation;2;nom
tendance;2;nom
tenace;2;adj
teinter;2;ver
teindre;2;ver
tasman;2;nr
tarir;2;ver
tarauder;2;ver
tapisserie;2;nom
tanguer;2;ver
tamiser;2;ver
talon;2;nom
taciturnité;2;nom
tabac;2;nom
sénégal;2;nr
sécurité;2;nom
syréniens;2;nr
suture;2;nom
suspension;2;nom
suspect;2;nom
susceptible;2;adj
sus;2;adv_sup
survivre;2;ver
surveillance;2;nom
surplomb;2;nom
surmulets;2;nr
surexcitaient;2;nr
surcharger;2;ver
surcharge;2;nom
sucre;2;nom
succulent;2;adj
succomber;2;ver
suc;2;nom
substructions;2;nr
subdivision;2;nom
structure;2;nom
strombes;2;nr
stromatées;2;nr
street;2;nr
streams;2;nr
strabon;2;nr
storm;2;nr
steam;2;nr
stationnaire;2;adj
squelette;2;nom
spécialiste;2;nom
spirituel;2;adj
spire;2;nom
spectateur;2;nom
soupçonner;2;ver
soupçon;2;nom
souper;2;nom
soulèvement;2;nom
souhait;2;nom
souffrant;2;adj
soufflet;2;nom
soucier;2;ver
souci;2;nom
sot;2;nom
sortie;2;nom
sombrer;2;ver
solon;2;nr
solitaire;2;adj
soixantième;2;nom
soixante_seize;2;adj_num
soixante_quatorze;2;adj_num
social;2;adj
sillonnions;2;nr
sillage;2;nom
silhouette;2;nom
signer;2;ver
shetland;2;nom
serviteur;2;nom
serrure;2;nom
semence;2;nom
secundo;2;adv_sup
secrétaire;2;nom
scruter;2;ver
sceller;2;ver
saïd;2;nr
sauteur;2;nom
saupoudrer;2;ver
sardine;2;nom
saphir;2;nom
sanguin;2;adj
sanglant;2;adj
sandwich;2;nom
salure;2;nr
salubre;2;adj
salpes;2;nr
salamandre;2;nom
sagou;2;nr
sagesse;2;nom
sagement;2;adv
sablonneux;2;adj
rôtissoire;2;nom
rôder;2;ver
révélation;2;nom
rétine;2;nom
résumé;2;nom
résulter;2;ver
résigner;2;ver
répartir;2;ver
rémora;2;nom
réitérer;2;ver
régler;2;ver
régiment;2;nom
régime;2;nom
réfugié;2;nom
réflecteur;2;nom
récolter;2;ver
récent;2;adj
récemment;2;adv
réaliser;2;ver
rudimentaire;2;adj
rubis;2;nom
royaume;2;nom
rouvrir;2;ver
roulement;2;nom
rouille;2;nom
rougir;2;ver
rotation;2;nom
ronger;2;ver
roman;2;nom
rocailleux;2;adj
rigidité;2;nom
ride;2;nom
ricochet;2;nom
rhin;2;nr
retracer;2;ver
retombée;2;nom
retenue;2;nom
retentir;2;ver
ressortir;2;ver
ressort;2;nom
ressemblance;2;nom
respiratoire;2;adj
respect;2;nom
repêcher;2;ver
repère;2;nom
replier;2;ver
replacer;2;ver
repentir;2;ver
renflouage;2;nom
renfermé;2;adj
renaître;2;ver
renard;2;nom
remorquer;2;ver
remorque;2;nom
remords;2;nom
relire;2;ver
relief;2;nom
relayer;2;ver
rejeté;2;adj
rein;2;nom
regrettable;2;adj
redescendîmes;2;nr
reculé;2;adj
recourbé;2;adj
recommander;2;ver
rayonnement;2;nom
rascasse;2;nom
raréfier;2;ver
rareté;2;nom
ranimer;2;ver
rameur;2;nom
raller;2;ver
raisonner;2;ver
raidillon;2;nom
rageur;2;adj
rageant;2;adj
raccourci;2;nom
rabelais;2;nr
quintillion;2;nr
quiconque;2;pro_rel
quelqu_un;2;pro_ind
quatrefages;2;nr
quatre_vingt_sept;2;adj_num
quarantième;2;adj
quarante_trois;2;adj_num
quarante_deuxième;2;adj
pêché;2;adj
pétoncle;2;nom
périmètre;2;nom
péril;2;nom
pénétration;2;nom
péluse;2;nr
pélagies;2;nr
pélagiens;2;nr
pégases;2;nr
pâté;2;nom
pâmer;2;ver
pâleur;2;nom
purifier;2;ver
pureté;2;nom
pupille;2;nom
pulpe;2;nom
puffins;2;nr
prétexte;2;nom
préférer;2;ver
préférence;2;nom
prédire;2;ver
prédilection;2;nom
précintes;2;nr
préambule;2;nom
proéminent;2;adj
provençal;2;adj
provenance;2;nom
prouesse;2;nom
protée;2;nr
protubérance;2;nom
prolongation;2;nom
profusion;2;nom
profil;2;nom
procédé;2;nom
procès_verbal;2;nom
prière;2;nom
printemps;2;nom
primordial;2;adj
primo;2;adv_sup
pressé;2;adj
presse;2;nom
pressant;2;adj
prairial;2;nom
poétique;2;adj
poésie;2;nom
poulie;2;nom
potable;2;adj
portugais;2;adj
pontoppidan;2;nr
pondérateur;2;nr
pondre;2;ver
poli;2;adj
pointiller;2;ver
pointer;2;ver
poindre;2;ver
plutoniennes;2;nr
plongeon;2;nom
plisser;2;ver
pleuvoir;2;ver
pleurer;2;ver
plectognathes;2;nr
platon;2;nr
plastron;2;nom
plancher;2;nom
planche;2;nom
plaisanterie;2;nom
plaie;2;nom
piédestal;2;nom
piton;2;nom
pis;2;adv_sup
piriforme;2;adj
pintadine;2;nr
pinnes;2;nr
pingouin;2;nom
pinceau;2;nom
pin;2;nom
piler;2;ver
pierrier;2;nom
physalies;2;nr
philosophique;2;adj
phase;2;nom
pharaon;2;nom
petermann;2;nr
perspective;2;nom
personnalité;2;nom
perruche;2;nom
permanent;2;adj
percevoir;2;ver
percement;2;nom
pennatules;2;nr
pendanus;2;nr
pelage;2;nom
paître;2;ver
patriote;2;nom
passablement;2;adv
parfumer;2;ver
parent;2;nom
pardon;2;ono
parbleu;2;ono
pantalon;2;nom
panopyres;2;nr
panama;2;nom
palme;2;nom
paix;2;nom
padines;2;nr
pack;2;nom
pacific;2;nr
oxyrhinques;2;nr
ovule;2;nom
ouvrier;2;nom
outre_mer;2;adv
outrance;2;nom
outarde;2;nom
outang;2;nr
ossuaire;2;nom
originaire;2;adj
organiser;2;ver
organisation;2;nom
ordonner;2;ver
orbigny;2;nr
orageux;2;adj
orage;2;nom
opiniâtreté;2;nom
ophidies;2;nr
opercule;2;nom
oie;2;nom
of;2;nr
océaniennes;2;nr
obturateur;2;nom
obséder;2;ver
obstination;2;nom
obscurcir;2;ver
objectif;2;nom
nébraska;2;nr
néanmoins;2;con
nuancé;2;adj
nous_mêmes;2;pro_per
notable;2;adj
norwégiens;2;nr
norvège;2;nr
normalement;2;adv
normal;2;adj
nord_nord_est;2;nom
nocturne;2;adj
niable;2;adj
naïf;2;adj
nautique;2;adj
nautile;2;nom
national;2;adj
narquois;2;adj
narine;2;nom
narguer;2;ver
n_est_ce_pas;2;adv_sup
mûrir;2;ver
mémorable;2;adj
mélangé;2;adj
médecine;2;nom
méconnu;2;adj
méconnaître;2;ver
mèche;2;nom
mâle;2;nom
mythologique;2;adj
mutilé;2;adj
mutiler;2;ver
muséums;2;nr
musicien;2;nom
musical;2;adj
musculaire;2;adj
musclé;2;adj
muscades;2;nr
multiple;2;adj
mulles;2;nr
mouton;2;nom
moustache;2;nom
mousson;2;nom
mouchoir;2;nom
mosaïque;2;nom
morne;2;adj
mordre;2;ver
montréal;2;nr
mont_blanc;2;nom
monroe;2;nr
monnaie;2;nom
monitor;2;nom
moine;2;nom
moelleux;2;adj
modification;2;nom
moby;2;nr
mobilis;2;nr
misère;2;nom
mission;2;nom
misanthropie;2;nom
miraculeux;2;adj
miraculeusement;2;adv
minéralisées;2;nr
minéralisé;2;adj
miner;2;ver
michelet;2;nr
mentionner;2;ver
membrure;2;nom
membrane;2;nom
melbourne;2;nr
maurice;2;nr
matériel;2;nom
maturité;2;nom
matinal;2;adj
matapan;2;nr
mascate;2;nr
mascareignes;2;nr
martyr;2;nom
marque;2;nom
mariné;2;adj
marge;2;nom
marcheur;2;nom
marbré;2;adj
mangue;2;nom
mangeur;2;nom
malo;2;nr
malfaisant;2;adj
malencontreux;2;adj
malaise;2;nom
malabar;2;adj
majestueux;2;adj
mail;2;nom
magnésium;2;nom
magique;2;adj
macrocéphales;2;nr
mac;2;nom
légion;2;nom
là_bas;2;adv
luxe;2;nom
lustre;2;nom
luisant;2;adj
lucayes;2;nr
lourdeur;2;nom
loup;2;nom
louche;2;adj
losange;2;nom
lorgnette;2;nom
lophies;2;nr
londrès;2;nom
loire;2;nr
loffoden;2;nr
liège;2;nom
littorines;2;nr
libeller;2;ver
leçon;2;nom
levou;2;nr
lenteur;2;nom
larder;2;ver
laquedives;2;nr
lanière;2;nom
langouste;2;nom
langle;2;nr
lamelle;2;nom
laineux;2;adj
lacet;2;nom
labyrinthe;2;nom
labourer;2;ver
katrin;2;nr
kat;2;nr
justicier;2;nom
jusant;2;nom
jupiter;2;nr
juge;2;nom
jonction;2;nom
joncher;2;ver
joli;2;adj
jointure;2;nom
joint;2;nom
john;2;nr
jean;2;nom
java;2;nom
jauge;2;nom
jadis;2;adv_sup
ivresse;2;nom
isoler;2;ver
isolement;2;nom
isocèles;2;nr
islands;2;nr
isard;2;nom
isabelle;2;adj
irrésistiblement;2;adv
irrégulier;2;adj
irritation;2;nom
irrespirable;2;adj
invité;2;nom
inutilement;2;adv
introduction;2;nom
intervenir;2;ver
intermittent;2;adj
interjection;2;nom
insurmontable;2;adj
insuccès;2;nom
insubmersible;2;adj
instruit;2;adj
installation;2;nom
insoluble;2;adj
insistance;2;nom
insensiblement;2;adv
inscription;2;nom
inquiet;2;adj
injurier;2;ver
injection;2;nom
ingénier;2;ver
infructueux;2;adj
infernal;2;adj
indéfinissable;2;adj
industriel;2;adj
industrie;2;nom
indistinctement;2;adv
indication;2;nom
inconvénient;2;nom
incontestable;2;adj
inconsidéré;2;adj
incomplet;2;adj
inclinaison;2;nom
incisive;2;nom
incessant;2;adj
incendie;2;nom
incapable;2;adj
inappréciable;2;adj
in_quarto;2;adj
impossibilité;2;nom
imperturbablement;2;adv
imperméable;2;nom
impassibilité;2;nom
immobilité;2;nom
imminent;2;adj
imbriqué;2;adj
ile;2;nr
ii;2;nr
ichthyologie;2;nr
i;2;nom
hécatombe;2;nom
hé;2;ono
hyalles;2;nr
hyales;2;nr
hurlement;2;nom
humidité;2;nom
hugo;2;nr
hudson;2;nr
hublot;2;nom
hostile;2;adj
horizontalement;2;adv
horaire;2;nom
honorer;2;ver
honorable;2;adj
honnêtement;2;adv
homogénéité;2;nom
holocentres;2;nr
hobson;2;nr
haïr;2;ver
hasarderait;2;nr
harpe;2;nom
harmonieux;2;adj
harmonie;2;nom
hareng;2;nom
hardiment;2;adv
hameçon;2;nom
hallucination;2;nom
haleter;2;ver
habituellement;2;adv
habilement;2;adv
gémir;2;ver
gâteau;2;nom
gutta_percha;2;nom
gueux;2;nom
grincement;2;nom
grillade;2;nom
gravité;2;nom
graver;2;ver
gravement;2;adv
gratiolet;2;nr
grappe;2;nom
grandiose;2;adj
gramme;2;nom
grain;2;nom
gourmet;2;nom
gosier;2;nom
gorgée;2;nom
gobie;2;nr
gloire;2;nom
globule;2;nom
glass;2;nom
glaner;2;ver
glaive;2;nom
glacial;2;adj
girel;2;nom
gin;2;nom
giboyeux;2;adj
gesticuler;2;ver
gemme;2;nom
gelée;2;nom
gastéropode;2;nom
gascogne;2;nr
garniture;2;nom
gamme;2;nom
gagnant;2;nom
fête;2;nom
fécond;2;adj
fâcher;2;ver
fuseau;2;nom
fumoir;2;nom
fumerolle;2;nom
fuligineux;2;adj
fugitif;2;nom
frère;2;nom
frotter;2;ver
frissonner;2;ver
frictionnions;2;nr
friction;2;nom
frange;2;nom
francisco;2;nr
franchise;2;nom
fracas;2;nom
fourmillement;2;nom
fourmilier;2;nom
fourchette;2;nom
fouille;2;nom
foudroyant;2;adj
foudre;2;nom
fortuit;2;adj
fortement;2;adv
formel;2;adj
forcément;2;adv
fondateur;2;nom
fonctionnèrent;2;nr
foncer;2;ver
foisonner;2;ver
fléchir;2;ver
fièvre;2;nom
fixe;2;adj
fitz;2;nr
finalement;2;adv
filiforme;2;adj
fiatoles;2;nr
feuilleté;2;adj
feuilleter;2;ver
feuillage;2;nom
festonner;2;ver
fermeture;2;nom
fenêtre;2;nom
fente;2;nom
fenouil;2;nom
fendre;2;ver
faux_fuyants;2;nr
faraday;2;nr
fanatique;2;nom
familier;2;adj
faisan;2;nom
faiblesse;2;nom
faiblement;2;adv
factice;2;adj
facette;2;nom
fabrication;2;nom
exécution;2;nom
exubérant;2;adj
extumescence;2;nr
externe;2;adj
exterminer;2;ver
expressif;2;adj
exposition;2;nom
exploit;2;nom
expirer;2;ver
expansions;2;nr
exorbitant;2;adj
exocets;2;nr
excès;2;nom
excessivement;2;adv
exagéré;2;adj
etes;2;nr
etait;2;nr
estomper;2;ver
essex;2;nr
essence;2;nom
essaim;2;nom
espingole;2;nom
espadon;2;nom
escorter;2;ver
esclave;2;nom
esclavage;2;nom
escabeau;2;nom
environner;2;ver
envergure;2;nom
envahissement;2;nom
entêtement;2;nom
entraînement;2;nom
entraver;2;ver
entrailles;2;nom
ensablé;2;adj
enquête;2;nom
enliser;2;ver
enivrer;2;ver
engel;2;nr
engagement;2;nom
endosser;2;ver
encrines;2;nr
encourager;2;ver
encornet;2;nom
enchevêtrement;2;nom
enchanté;2;adj
enchantement;2;nom
en_dehors;2;nom
emprunter;2;ver
empereur;2;nom
emmener;2;ver
embrayer;2;ver
elles_mêmes;2;pro_per
effondrer;2;ver
effectuer;2;ver
effaroucher;2;ver
effarer;2;ver
edrisi;2;nr
détritus;2;nom
détendre;2;ver
détaler;2;ver
désordre;2;nom
désolé;2;adj
désireux;2;adj
désirable;2;adj
désappointer;2;ver
désappointement;2;nom
dérive;2;nom
déranger;2;ver
dépôt;2;nom
dépêcher;2;ver
dépression;2;nom
déponté;2;nr
dépoli;2;adj
déployé;2;adj
dépeuplé;2;adj
dépeupler;2;ver
dépendre;2;ver
dépeindre;2;ver
dénivellement;2;nr
démonter;2;ver
démarche;2;nom
déluge;2;nom
délié;2;adj
délire;2;nom
délice;2;nom
délai;2;nom
déjouer;2;ver
déguiser;2;ver
défoncé;2;adj
définitif;2;adj
défaillance;2;nom
décourager;2;ver
décorer;2;ver
décor;2;nom
décliner;2;ver
décision;2;nom
déchirure;2;nom
décharger;2;ver
déception;2;nom
décapodes;2;nr
débrouiller;2;ver
débit;2;nom
durant;2;pre
duperrey;2;nr
dromadaire;2;nom
dragon;2;nom
douloureux;2;adj
doré;2;adj
donaces;2;nr
don;2;nom
dominant;2;adj
document;2;nom
djeddah;2;nr
divin;2;adj
divergent;2;adj
distinction;2;nom
distillatoires;2;nr
dissipé;2;adj
dispenser;2;ver
disparu;2;nom
disloquer;2;ver
digérer;2;ver
différents;2;adj_ind
dick;2;nr
dialogue;2;nom
diagonalement;2;adv
destructif;2;adj
dessin;2;nom
desquels;2;pro_rel
despote;2;nom
dentelle;2;nom
demi_obscurité;2;nom
demi_cercle;2;nom
dauphinules;2;nr
dater;2;ver
damier;2;nom
cône;2;nom
cérites;2;nr
céramies;2;nr
cénobitique;2;nr
cyrrhes;2;nr
cyclostome;2;nom
culture;2;nom
culbuter;2;ver
cuisinier;2;nom
cuir;2;nom
crépitant;2;adj
création;2;nom
crochet;2;nom
cristobal;2;nr
crible;2;nom
crever;2;ver
creux;2;adj
craquement;2;nom
crapaud;2;nom
couvercle;2;nom
coutume;2;nom
couronne;2;nom
courbé;2;adj
couramment;2;adv
coter;2;ver
corseter;2;ver
correspondant;2;nom
corolle;2;nom
cornée;2;nom
corner;2;ver
coriace;2;adj
corbeille;2;nom
convulsif;2;adj
convoitise;2;nom
contrôle;2;nom
contre_courants;2;nr
contrairement;2;adv
contradictoire;2;adj
contradiction;2;nom
contraction;2;nom
contondant;2;adj
continu;2;adj
contester;2;ver
contenance;2;nom
consteller;2;ver
constamment;2;adv
consoler;2;ver
consistance;2;nom
consigner;2;ver
considérablement;2;adv
consentir;2;ver
conjoncture;2;nom
congre;2;nom
confortable;2;adj
confier;2;ver
concurrence;2;nom
comptoir;2;nom
complice;2;nom
complication;2;nom
complaisant;2;adj
complaisance;2;nom
compensation;2;nom
comparable;2;adj
communément;2;adv
commotion;2;nom
commode;2;adj
commerçant;2;nom
commencement;2;nom
comique;2;adj
combiné;2;adj
combattre;2;ver
comatules;2;nr
colorer;2;ver
colonie;2;nom
colon;2;nom
colomb;2;nr
colimaçon;2;nom
cléopâtre;2;nr
clef;2;nom
clear;2;nr
cladostèphes;2;nr
citoyen;2;nom
cisaille;2;nom
circuit;2;nom
circonscrire;2;ver
cimenter;2;ver
cime;2;nom
chélonées;2;nr
chondroptérygiens;2;nr
chimiste;2;nom
chimique;2;adj
chevreuil;2;nom
chevalier;2;nom
cheval_vapeur;2;nom
chercheur;2;nom
chenal;2;nom
chemise;2;nom
cheilines;2;nr
chavirer;2;ver
chaux;2;nom
chauve_souris;2;nom
chaussure;2;nom
chat;2;nom
charpente;2;nom
charité;2;nom
chapelet;2;nom
chant;2;nom
champignon;2;nom
chamarré;2;adj
chaloupe;2;nom
chacune;2;pro_ind
centupler;2;ver
centronotes;2;nr
centigrade;2;nom
cendré;2;adj
celles_là;2;pro_dem
cavalier;2;nom
cavalerie;2;nom
cataclysme;2;nom
caspienne;2;nr
cascade;2;nom
carrière;2;nom
carrer;2;ver
carolin;2;adj
carnassier;2;adj
cariophylles;2;nr
carets;2;nr
carcasse;2;nom
carbonate;2;nom
caranx;2;nr
capture;2;nom
canonnier;2;nom
canonner;2;ver
canonnade;2;nom
canardières;2;nr
canadienne;2;adj
canada;2;nom
camper;2;ver
californie;2;nom
calife;2;nom
calice;2;nom
cale;2;nom
cactus;2;nom
cacouannes;2;nr
cabotage;2;nom
cabane;2;nom
bénitier;2;nom
bécassine;2;nom
bâtard;2;nom
bureau;2;nom
buffon;2;nr
buccardes;2;nr
brésil;2;nom
brèche;2;nom
bruyamment;2;adv
brunâtre;2;adj
bruissement;2;nom
brochure;2;nom
brique;2;nom
bretelle;2;nom
bref;2;adv
braiement;2;nom
bracelet;2;nom
bouteille;2;nom
bourse;2;nom
bourbon;2;nom
bouquet;2;nom
boulonnées;2;nr
boulerots;2;nr
bouillonner;2;ver
bouillonnement;2;nom
bosquiens;2;nr
bos;2;nr
bordure;2;nom
bordage;2;nom
bonté;2;nom
bonsoir;2;nom
bonite;2;nr
bonheur;2;nom
boisé;2;adj
boeuf;2;nom
blémies;2;nr
blé;2;nom
blindé;2;adj
blanchir;2;ver
bivalve;2;nom
billet;2;nom
bienvenu;2;nom
bienfaisant;2;adj
biblique;2;adj
bible;2;nom
bestiole;2;nom
beaupré;2;nom
bayonnaise;2;nr
baroque;2;adj
bari;2;nr
barbarie;2;nom
barbare;2;nom
banquier;2;nom
bannir;2;ver
banane;2;nom
baleineau;2;nom
balayer;2;ver
bahama;2;nr
bagage;2;nom
back;2;nom
b;2;nom_sup
azuré;2;adj
azote;2;nom
avorté;2;adj
avorter;2;ver
avenue;2;nom
avantage;2;nom
avaler;2;ver
autriche;2;nr
automatiquement;2;adv
australie;2;nr
auprès_des;2;nr
auprès;2;pre
aube;2;pre
au_dedans;2;adv
attraper;2;ver
atlas;2;nom
athénée;2;nom
astrées;2;nr
astronomie;2;nom
astaciens;2;nr
association;2;nom
assiéger;2;ver
assigner;2;ver
assemblage;2;nom
assaillant;2;nom
aspérité;2;nom
asphyxier;2;ver
asiatique;2;adj
ascension;2;nom
artère;2;nom
artimon;2;nom
articuler;2;ver
arroser;2;ver
arpenter;2;ver
armateur;2;nom
aride;2;adj
ardoisé;2;adj
arborisant;2;nr
arborescent;2;adj
arbitre;2;nom
arabique;2;adj
apte;2;adj
appétit;2;nom
appréhension;2;nom
apprécier;2;ver
appréciable;2;adj
approvisionner;2;ver
approuver;2;ver
application;2;nom
appellation;2;nom
appareillage;2;nom
aphroessa;2;nr
apaiser;2;ver
anéantissement;2;nom
antipode;2;nom
anomoures;2;nr
annuellement;2;adv
annihiler;2;ver
annales;2;nom
animation;2;nom
angoisse;2;nom
andamènes;2;nr
ananas;2;nom
anal;2;adj
aménager;2;ver
ample;2;adj
amphibie;2;adj
amonceler;2;ver
ammoniaque;2;nom
amitié;2;nom
amincir;2;ver
aminci;2;adj
amarre;2;nom
amande;2;nom
altérer;2;ver
aloès;2;nom
alléger;2;ver
alecton;2;nr
alcyonnaires;2;nr
albicores;2;nr
aiguillonner;2;ver
aigle;2;nom
agile;2;adj
affûter;2;ver
affût;2;nom
affolé;2;adj
affaler;2;ver
adélie;2;nr
adulte;2;nom
adriatique;2;adj
adopter;2;ver
adieu;2;ono
adapter;2;ver
acétabules;2;nr
actuellement;2;adv
actionnaire;2;nom
acheter;2;ver
accueil;2;nom
accoutumèrent;2;nr
accostions;2;nr
accidenté;2;nom
acceptable;2;adj
accentuer;2;ver
accentuation;2;nom
accent;2;nom
académie;2;nom
absurde;2;adj
absorbant;2;adj
abdomen;2;nom
abbé;2;nom
abaissant;2;adj
76;2;num
66;2;num
57;2;num
56;2;num
55;2;num
53;2;num
47;2;num
40;2;num
33;2;num
1864;2;num
1861;2;num
1857;2;num
1842;2;num
1840;2;num
1839;2;num
1838;2;num
1828;2;num
1820;2;num
1779;2;num
1773;2;num
164;2;num
135;2;num
130;2;num
105;2;num