de;2922;pre
la;1739;art_def
à;1562;pre
être;1450;aux
et;1430;con
le;1418;art_def
je;1252;pro_per
l;1138;art_def
les;1096;art_def
un;1046;art_ind
ne;1021;adv_sup
il;996;pro_per
avoir;932;aux
d;888;pre
une;836;art_ind
en;832;pre
nous;767;pro_per
des;722;art_ind
du;694;art_def
mon;630;adj_pos
que;629;pro_rel
pas;590;adv_sup
dans;533;pre
se;529;pro_per
ce;503;pro_dem
s;501;pro_per
au;454;art_def
me;442;pro_per
qui;419;pro_rel
oncle;416;nom
mais;396;con
plus;388;adv_sup
faire;376;ver_sup
sur;369;pre
j;357;pro_per
m;329;pro_per
par;317;pre
cette;306;adj_dem
qu;290;con
ces;286;adj_dem
dire;281;ver_sup
avec;261;pre
pour;260;pre
son;257;adj_pos
pouvoir;223;ver_sup
sa;202;adj_pos
ses;198;adj_pos
bien;190;adv_sup
si;189;con
y;182;pro_per
professeur;181;nom
aller;177;ver
voir;175;ver
c;175;pro_dem
sans;172;pre
hans;171;nr
tout;165;pro_ind
elle;163;pro_per
comme;160;con
peu;154;nom_sup
heure;150;nom
mes;147;adj_pos
ma;145;adj_pos
notre;144;adj_pos
donc;144;con
on;141;pro_per
deux;136;adj_num
grand;135;adj
tu;132;pro_per
prendre;131;ver
sous;127;pre
venir;125;ver
où;125;pro_rel
écrier;121;ver
devoir;119;ver_sup
lui;118;pro_per
eau;117;nom
pied;115;nom
mer;115;nom
nos;114;adj_pos
répondre;113;ver
falloir;113;ver_sup
dont;113;pro_rel
non;112;pro_per
moi;108;pro_per
encore;107;adv_sup
après;104;pre
ou;103;con
cela;103;pro_dem
homme;101;nom
oui;99;adv_sup
même;95;pro_ind
là;94;ono
rien;93;pro_ind
axel;93;nom
alors;93;adv_sup
terre;92;nom
pendant;92;adj_sup
main;92;nom
aux;92;art_def
vouloir;91;ver_sup
cependant;91;con
vous;90;pro_per
tête;89;nom
quelques;89;adj_ind
trouver;86;ver
oeil;86;nom
t;84;pro_per
passer;82;ver
bon;81;adj_sup
ainsi;81;adv_sup
mot;80;nom
arriver;80;ver
leur;79;pro_per
jour;79;nom
ni;78;con
reprendre;75;ver
car;75;con
savoir;74;ver_sup
lidenbrock;74;nr
quelque;73;adj_ind
quand;73;con
lieue;73;nom
entendre;73;ver
cet;73;adj_dem
air;73;nom
radeau;72;nom
moment;72;nom
puis;71;con
donner;71;ver
vers;70;pre
temps;70;nom
trois;69;adj_num
regarder;69;ver
mille;69;adj_num
globe;69;nom
point;68;nom_sup
seul;67;adj
ils;66;pro_per
entre;66;pre
assez;66;adv_sup
croire;65;ver_sup
premier;64;adj
laisser;64;ver
dernier;64;adj
autre;64;pro_ind
petit;63;adj
mettre;63;ver
toute;62;adj_ind
route;62;nom
revenir;62;ver
eh;62;ono
perdre;60;ver
fort;60;adj_sup
surface;59;nom
moins;59;adv_sup
islandais;58;adj
enfin;58;adv_sup
toutes;57;pro_ind
marcher;57;ver
fois;57;nom
demander;57;ver
comprendre;56;ver
apercevoir;55;ver
suivre;54;ver
sentir;54;ver
rester;54;ver
manquer;54;ver
arrêter;54;ver
parler;53;ver
descendre;53;ver
avant;52;pre
sneffels;51;nr
cent;51;adj_num
raison;50;nom
milieu;50;nom
long;50;adj
haut;50;adj
galerie;50;nom
doute;50;nom
voyage;48;nom
toujours;48;adv_sup
tenir;48;ver
jamais;48;adv_sup
islande;48;nr
chemin;48;nom
sol;47;nom
savant;47;nom
effet;47;nom
voilà;46;pre
tous;46;pro_ind
sembler;46;ver
paraître;46;ver
devenir;46;ver
cents;46;adj_num
quelle;45;adj_int
parole;45;nom
laver;45;ver
instant;45;nom
immense;44;adj
autres;44;pro_ind
ah;44;ono
saknussemm;43;nr
rivage;43;nom
cratère;43;nom
te;42;pro_per
roc;42;nom
lumière;42;nom
graüben;42;nr
aussi;42;adv_sup
penser;41;ver
monde;41;nom
chaleur;41;nom
très;40;adv_sup
partir;40;ver
maison;40;nom
loin;40;adv_sup
granit;40;nom
former;40;ver
flot;40;nom
elles;40;pro_per
attendre;40;ver
volcan;39;nom
terrestre;39;adj
paroi;39;nom
coup;39;nom
commencer;39;ver
travers;38;nom
produire;38;ver
nom;38;nom
maintenant;38;adv_sup
force;38;nom
chasseur;38;nom
centre;38;nom
bientôt;38;adv
animal;38;adj
ailleurs;38;adv_sup
voix;37;nom
vivre;37;ver
vent;37;nom
six;37;adj_num
regard;37;nom
profondeur;37;nom
phénomène;37;nom
feu;37;nom
comment;37;con
sortir;36;ver
soir;36;nom
seulement;36;adv
rendre;36;ver
peine;36;nom
fond;36;nom
devant;36;pre
contre;36;pre
briser;36;ver
quoi;35;pro_rel
quatre;35;adj_num
permettre;35;ver
garçon;35;nom
vapeur;34;nom
trop;34;adv_sup
roche;34;nom
pourquoi;34;con
muraille;34;nom
déjà;34;ono
depuis;34;pre
cinq;34;adj_num
chose;34;nom
terrain;33;nom
suivant;33;adj
question;33;nom
nuit;33;nom
monter;33;ver
montagne;33;nom
impossible;33;adj
ici;33;adv_sup
guide;33;nom
degré;33;nom
époque;32;nom
véritable;32;adj
sorte;32;nom
quel;32;adj_int
pierre;32;nom
or;32;con
océan;32;nom
esprit;32;nom
couche;32;nom
bruit;32;nom
atteindre;32;ver
étendre;31;ver
reconnaître;31;ver
pareil;31;adj
idée;31;nom
connaître;31;ver
chaque;31;adj_ind
île;30;nom
vieux;30;adj
tromper;30;ver
quitter;30;ver
pousser;30;ver
partie;30;nom
ouvrir;30;ver
lieu;30;nom
jusqu_à;30;pre
document;30;nom
bras;30;nom
bord;30;nom
énorme;29;adj
siècle;29;nom
mieux;29;adv_sup
masse;29;nom
lequel;29;pro_rel
langue;29;nom
départ;29;nom
chercher;29;ver
atmosphère;29;nom
apparaître;29;ver
tomber;28;ver
science;28;nom
répéter;28;ver
précipiter;28;ver
pente;28;nom
nouveau;28;adj
nature;28;nom
leurs;28;adj_pos
lettre;28;nom
laquelle;28;pro_rel
intérieur;28;adj
humain;28;nom
côte;28;nom
corps;28;nom
évidemment;27;adv
rayon;27;nom
présenter;27;ver
peut_être;27;adv_sup
offrir;27;ver
mouvement;27;nom
dix;27;adj_num
ciel;27;nom
calme;27;nom
boussole;27;nom
silence;26;nom
rocher;26;nom
plein;26;adj
pic;26;nom
passage;26;nom
ombre;26;nom
manger;26;ver
disparaître;26;ver
courir;26;ver
compter;26;ver
compagnon;26;nom
beau;26;adj
aucun;26;adj_ind
état;25;nom
éruption;25;nom
matin;25;nom
marthe;25;nr
lendemain;25;nom_sup
glisser;25;ver
demi;25;adj_sup
demeurer;25;ver
bout;25;nom
au_dessus;25;pre
écorce;24;nom
échapper;24;ver
vaste;24;adj
toi;24;pro_per
remonter;24;ver
relever;24;ver
profond;24;adj
place;24;nom
nord;24;nom
nombre;24;nom
massif;24;adj
lèvre;24;nom
ligne;24;nom
indiquer;24;ver
aucune;24;adj_ind
absolument;24;adv
ton;23;nom_sup
température;23;nom
reykjawik;23;nr
remarquer;23;ver
rapidement;23;adv
porter;23;ver
parvenir;23;ver
large;23;adj
forme;23;nom
essayer;23;ver
emporter;23;ver
d_abord;23;adv_sup
corde;23;nom
continuer;23;ver
conduire;23;ver
compte;23;nom
cheval;23;nom
celle;23;pro_dem
appeler;23;ver
abandonner;23;ver
tour;22;nom
souterrain;22;adj
ruisseau;22;nom
remettre;22;ver
pays;22;nom
oreille;22;nom
observation;22;nom
jeter;22;ver
exister;22;ver
entraîner;22;ver
descente;22;nom
coucher;22;ver
celui;22;pro_dem
voile;21;nom
vitesse;21;nom
théorie;21;nom
rencontrer;21;ver
prononcer;21;ver
porte;21;nom
minute;21;nom
lever;21;ver
hambourg;21;nr
gagner;21;ver
bas;21;adj
appartenir;21;ver
agir;21;ver
électrique;20;adj
toucher;20;ver
ressembler;20;ver
près;20;pre
presque;20;adv_sup
port;20;nom
poisson;20;nom
ordre;20;nom
murmurer;20;ver
imagination;20;nom
horizon;20;nom
garder;20;ver
fridriksson;20;nr
finir;20;ver
faim;20;nom
extrémité;20;nom
espèce;20;nom
enfant;20;nom
danois;20;adj
charger;20;ver
approcher;20;ver
ajouter;20;ver
écrire;19;ver
ville;19;nom
vague;19;nom
tourner;19;ver
tard;19;adv_sup
souvenir;19;ver
source;19;nom
sommet;19;nom
soleil;19;nom
simple;19;adj
semblable;19;nom
retrouver;19;ver
ramener;19;ver
phrase;19;nom
oublier;19;ver
objet;19;nom
nuage;19;nom
morceau;19;nom
monstre;19;nom
livre;19;nom
liquide;19;nom
instrument;19;nom
fer;19;nom
environ;19;nom_sup
découvrir;19;ver
droit;19;nom
disposition;19;nom
craindre;19;ver
chute;19;nom
vrai;18;adj
vingt;18;adj_num
travail;18;nom
ta;18;adj_pos
suffire;18;ver
situation;18;nom
retourner;18;ver
rapide;18;adj
pression;18;nom
pensée;18;nom
parfaitement;18;adv
naturel;18;adj
moyen;18;nom
malgré;18;pre
fossile;18;nom
fermer;18;ver
expliquer;18;ver
existence;18;nom
entier;18;adj
endroit;18;nom
côté;18;nom
colère;18;nom
chambre;18;nom
certain;18;adj_ind
bois;18;nom
arbre;18;nom
abîme;18;nom
évident;17;adj
éteindre;17;ver
voici;17;pre
torrent;17;nom
terminer;17;ver
tempête;17;nom
souvent;17;adv_sup
songer;17;ver
situer;17;ver
servir;17;ver
seconde;17;nom
rue;17;nom
prêt;17;adj
provision;17;nom
promener;17;ver
pauvre;17;adj
lorsque;17;con
lire;17;ver
jusqu;17;pre
hauteur;17;nom
gros;17;adj
feuille;17;nom
facile;17;adj
courant;17;adj
coeur;17;nom
cheminée;17;nom
caverne;17;nom
caractère;17;nom
bagage;17;nom
arme;17;nom
épaule;16;nom
écouter;16;ver
voûte;16;nom
voyageur;16;nom
violent;16;adj
vie;16;nom
trente;16;adj_num
traversée;16;nom
traverser;16;ver
telle;16;adj_ind
suite;16;nom
soulever;16;ver
réponse;16;nom
quart;16;nom
quant;16;nom_sup
ossement;16;nom
oser;16;ver
obscurité;16;nom
monsieur;16;nom_sup
lunette;16;nom
jusqu_au;16;pre
habitant;16;nom
genre;16;nom
fin;16;nom
extrême;16;adj
examiner;16;ver
entrailles;16;nom
enfoncer;16;ver
dormir;16;ver
disposer;16;ver
demain;16;adv_sup
composer;16;ver
changer;16;ver
cap;16;nom
calcul;16;nom
août;16;nom
aimer;16;ver
action;16;nom
accroître;16;ver
étroit;15;adj
écraser;15;ver
verticale;15;nom
toise;15;nom
table;15;nom
sûr;15;adj
signe;15;nom
sentiment;15;nom
secret;15;nom
sec;15;adj
sauter;15;ver
saisir;15;ver
réveiller;15;ver
région;15;nom
retour;15;nom
pus;15;adj
puisque;15;con
près_de;15;adv
possible;15;adj
plante;15;nom
parcourir;15;ver
papier;15;nom
oh;15;ono
nouvelle;15;adj
montrer;15;ver
moindre;15;adj_sup
midi;15;nom
merveilleux;15;adj
mauvais;15;adj
mal;15;adv_sup
latin;15;adj
huit;15;adj_num
fatiguer;15;ver
expédition;15;nom
estimer;15;ver
espace;15;nom
empêcher;15;ver
dépasser;15;ver
déjeuner;15;ver
découverte;15;nom
débris;15;nom
danger;15;nom
cône;15;nom
considérable;15;adj
colonne;15;nom
chacun;15;pro_ind
autour;15;adv_sup
arrivée;15;nom
apprendre;15;ver
afin;15;adv_sup
îlot;14;nom
vif;14;adj
tranquillement;14;adv
tandis_que;14;con
sud;14;nom
sommeil;14;nom
scientifique;14;nom
saillie;14;nom
rejeter;14;ver
rapidité;14;nom
pluie;14;nom
plonger;14;ver
particulier;14;adj
parfois;14;adv_sup
neveu;14;nom
matière;14;nom
manière;14;nom
limite;14;nom
intensité;14;nom
impatience;14;nom
hôte;14;nom
heureusement;14;adv
grotte;14;nom
dîner;14;nom
difficulté;14;nom
demi_heure;14;nom
contenir;14;ver
clef;14;nom
certains;14;adj_ind
celui_ci;14;pro_dem
cabinet;14;nom
beaucoup;14;adv_sup
aspect;14;nom
affaire;14;nom
étrange;13;adj
élever;13;ver
écouler;13;ver
volcanique;13;adj
tranquille;13;adj
sud_est;13;nom
solide;13;adj
résoudre;13;ver
repos;13;nom
pénétrer;13;ver
précieux;13;adj
plaisir;13;nom
observer;13;ver
nécessaire;13;adj
neige;13;nom
mourir;13;ver
mois;13;nom
magnifique;13;adj
lumineux;13;adj
lorsqu;13;con
juin;13;nom
incliner;13;ver
incident;13;nom
immobile;13;adj
imaginer;13;ver
heureux;13;adj
géologue;13;nom
grâce;13;pre
gouffre;13;nom
geste;13;nom
froid;13;adj
franchir;13;ver
flanc;13;nom
désert;13;adj
curieux;13;adj
cri;13;nom
conversation;13;nom
cher;13;adj
ceux;13;pro_dem
carte;13;nom
blanc;13;adj
auquel;13;pro_rel
au_dessous;13;adv
appareil;13;nom
an;13;nom_sup
étonner;12;ver
éruptif;12;adj
élève;12;nom
tunnel;12;nom
trace;12;nom
tirer;12;ver
thermomètre;12;nom
tendre;12;ver
tel;12;adj_ind
tant;12;adv_sup
série;12;nom
suspendre;12;ver
surtout;12;adv_sup
supérieur;12;adj
stupéfaction;12;nom
sombre;12;adj
soin;12;nom
singulièrement;12;adv
sept;12;adj_num
secouer;12;ver
sauver;12;ver
résister;12;ver
réflexion;12;nom
retenir;12;ver
repas;12;nom
recevoir;12;ver
quarante;12;adj_num
quantité;12;nom
précéder;12;ver
personne;12;pro_ind
part;12;nom
ouvrage;12;nom
mesurer;12;ver
merveille;12;nom
longtemps;12;adv_sup
lampe;12;nom
journée;12;nom
joli;12;adj
jeune;12;adj
interroger;12;ver
insensé;12;adj
hypothèse;12;nom
gourde;12;nom
gigantesque;12;adj
fuir;12;ver
fou;12;adj
forcer;12;ver
fait;12;nom
exact;12;adj
espoir;12;nom
effrayant;12;adj
dérouler;12;ver
dur;12;adj
doigt;12;nom
distance;12;nom
direction;12;nom
dent;12;nom
davantage;12;adv_sup
croiser;12;ver
crier;12;ver
couvrir;12;ver
couloir;12;nom
contrée;12;nom
consulter;12;ver
chiffre;12;nom
cas;12;nom
bâton;12;nom
battre;12;ver
avouer;12;ver
asseoir;12;ver
arne;12;nr
antédiluvien;12;adj
agiter;12;ver
adresser;12;ver
admettre;12;ver
accompagner;12;ver
égal;11;adj
éclat;11;nom
ébranler;11;ver
vraiment;11;adv
vivant;11;adj
vite;11;adv_sup
viande;11;nom
supposer;11;ver
succession;11;nom
stapi;11;nr
spectacle;11;nom
somme;11;nom
signifier;11;ver
scartaris;11;nr
salle;11;nom
rêve;11;nom
répliquer;11;ver
remuer;11;ver
rejoindre;11;ver
regagner;11;ver
recommencer;11;ver
rapprocher;11;ver
quinze;11;adj_num
puits;11;nom
préparer;11;ver
primitif;11;adj
pourtant;11;adv_sup
plusieurs;11;adj_ind
outil;11;nom
orage;11;nom
occuper;11;ver
nommer;11;ver
mât;11;nom
mine;11;nom
mesure;11;nom
lourd;11;adj
loi;11;nom
juillet;11;nom
jet;11;nom
jambe;11;nom
importer;11;ver
hasard;11;nom
géant;11;adj
guère;11;adv
granitique;11;adj
frapper;11;ver
flamme;11;nom
figure;11;nom
façon;11;nom
exemple;11;nom
espérer;11;ver
escalier;11;nom
entrer;11;ver
entièrement;11;adv
dévorer;11;ver
décider;11;ver
droite;11;nom
double;11;adj
difficile;11;adj
diable;11;ono
davy;11;nr
couler;11;ver
copenhague;11;nr
convaincre;11;ver
conserver;11;ver
conclure;11;ver
chez;11;pre
certes;11;adv_sup
certaines;11;adj_ind
causer;11;ver
aussitôt;11;adv
attention;11;ono
allemand;11;adj
aiguille;11;nom
achever;11;ver
accomplir;11;ver
épuiser;10;ver
épais;10;adj
émotion;10;nom
éloigner;10;ver
élevé;10;adj
élancer;10;ver
végétation;10;nom
visage;10;nom
violence;10;nom
veille;10;nom
travailler;10;ver
torche;10;nom
tes;10;adj_pos
terrible;10;adj
surprise;10;nom
surprendre;10;ver
subitement;10;adv
stupéfait;10;adj
souper;10;ver
service;10;nom
sensible;10;adj
régner;10;ver
rouge;10;adj
remplir;10;ver
remarquable;10;adj
période;10;nom
puissance;10;nom
présence;10;nom
promenade;10;nom
prolonger;10;ver
projet;10;nom
prix;10;nom
presser;10;ver
poudre;10;nom
plaine;10;nom
parmi;10;pre
ouverture;10;nom
ouest;10;nom
navire;10;nom
mugissement;10;nom
modifier;10;ver
maître;10;nom
lui_même;10;pro_per
lancer;10;ver
joie;10;nom
hésiter;10;ver
honneur;10;nom
grave;10;adj
gauche;10;nom
fissure;10;nom
fatigue;10;nom
famille;10;nom
explosion;10;nom
eux;10;pro_per
erreur;10;nom
embarquer;10;ver
déterminer;10;ver
dès;10;pre
durer;10;ver
dresser;10;ver
doux;10;adj
douter;10;ver
diriger;10;ver
digne;10;adj
dehors;10;ono
creuser;10;ver
couverture;10;nom
convenir;10;ver
commun;10;adj
circonstance;10;nom
cinquante;10;adj_num
chronomètre;10;nom
cheveu;10;nom
centrale;10;nom
ceci;10;pro_dem
capitaine;10;nom
calculer;10;ver
bête;10;nom
allonger;10;ver
admirer;10;ver
absolu;10;adj
abaisser;10;ver
étudier;9;ver
étonnement;9;nom
éprouver;9;ver
électricité;9;nom
égarer;9;ver
éclairer;9;ver
échelle;9;nom
âge;9;nom
véritablement;9;adv
vivement;9;adv
virlandaise;9;nr
tracer;9;ver
tenter;9;ver
telles;9;adj_ind
séparer;9;ver
subir;9;ver
sourire;9;ver
soif;9;nom
signal;9;nom
serrer;9;ver
serpent;9;nom
sein;9;nom
sable;9;nom
réfléchir;9;ver
réduire;9;ver
rouler;9;ver
revoir;9;nom
retomber;9;ver
retirer;9;ver
reculer;9;ver
rappeler;9;ver
pôle;9;nom
proposer;9;ver
poussière;9;nom
poser;9;ver
pioche;9;nom
parfaire;9;ver
paquet;9;nom
orifice;9;nom
opinion;9;nom
obstacle;9;nom
note;9;nom
mêler;9;ver
mur;9;nom
mort;9;nom
minéral;9;adj
marquer;9;ver
lit;9;nom
juger;9;ver
jouer;9;ver
issue;9;nom
ingénieux;9;adj
inférieur;9;adj
ignorer;9;ver
hors;9;pre
histoire;9;nom
heurter;9;ver
halte;9;nom
géologique;9;adj
génie;9;nom
geyser;9;nom
gens;9;nom
fumée;9;nom
français;9;adj
frais;9;adj
foyer;9;nom
fouler;9;ver
forêt;9;nom
foi;9;nom
fille;9;nom
filer;9;ver
facilement;9;adv
excellent;9;adj
enfouir;9;ver
e;9;nom_sup
détour;9;nom
dos;9;nom
diminuer;9;ver
dangereux;9;adj
courage;9;nom
considérer;9;ver
chaud;9;adj
chance;9;nom
cerveau;9;nom
certaine;9;adj_ind
celles;9;pro_dem
cause;9;nom
brûler;9;ver
brûlant;9;adj
brave;9;adj
boule;9;nom
bondir;9;ver
bloc;9;nom
biscuit;9;nom
baleine;9;nom
aujourd_hui;9;adv_sup
arracher;9;ver
appuyer;9;ver
angle;9;nom
anglais;9;nom
affirmer;9;ver
adieu;9;nom
accent;9;nom
valkyrie;8;nr
triste;8;adj
transporter;8;ver
tiens;8;ono
taire;8;ver
soudain;8;adj_sup
sinon;8;con
schiste;8;nom
réalité;8;nom
rire;8;ver
reptile;8;nom
refaire;8;ver
redoutable;8;adj
rare;8;adj
quaternaire;8;nom
pur;8;adj
précisément;8;adv
précis;8;adj
provenir;8;ver
prouver;8;ver
poutre;8;nom
posséder;8;ver
plutôt;8;adv
personnage;8;nom
parfait;8;adj
parer;8;ver
parchemin;8;nom
ouragan;8;nom
origine;8;nom
onduler;8;ver
obéir;8;ver
nombreux;8;adj
neuf;8;adj_num
nappe;8;nom
métal;8;nom
mâchoire;8;nom
moitié;8;nom
léger;8;adj
longueur;8;nom
lesquels;8;pro_rel
königstrasse;8;nr
infini;8;adj
incompréhensible;8;adj
immédiatement;8;adv
hâter;8;ver
horizontale;8;nom
habituer;8;ver
habitude;8;nom
général;8;adj
grève;8;nom
gris;8;adj
gloire;8;nom
gaz;8;nom
fjörd;8;nr
face;8;nom
employer;8;ver
développer;8;ver
détonation;8;nom
détail;8;nom
dépit;8;nom
douleur;8;nom
doucement;8;adv
dominer;8;ver
dieu;8;nom
derrière;8;pre
delà;8;adv
cours;8;nom
couper;8;ver
coulée;8;nom
contraire;8;nom
construire;8;ver
concentrer;8;ver
complet;8;adj
combien;8;adv_sup
clocher;8;nom
choc;8;nom
certainement;8;adv
calmer;8;ver
c_est_à_dire;8;adv_sup
bâtir;8;ver
bateau;8;nom
barre;8;nom
baie;8;nom
bach;8;nr
audacieux;8;adj
attacher;8;ver
ascension;8;nom
appliquer;8;ver
année;8;nom
amener;8;ver
agitation;8;nom
activité;8;nom
aboutir;8;ver
abattre;8;ver
événement;7;nom
étranger;7;nom
étouffer;7;ver
étonnant;7;adj
éclater;7;ver
vérité;7;nom
volonté;7;nom
vive;7;ono
violemment;7;adv
um;7;nr
ténèbres;7;nom
troupeau;7;nom
trente_deux;7;adj_num
train;7;nom
terreur;7;nom
taille;7;nom
système;7;nom
succéder;7;ver
successivement;7;adv
stromboli;7;nr
soutenir;7;ver
servant;7;nom
seizième;7;nom
seize;7;adj_num
sauvage;7;adj
sang;7;nom
réunir;7;ver
réserver;7;ver
récit;7;nom
runique;7;adj
ronger;7;ver
redoubler;7;ver
ranimer;7;ver
raisonnement;7;nom
quoique;7;con
quatorze;7;adj_num
qualité;7;nom
puissant;7;adj
préoccuper;7;ver
profondément;7;adv
prodigieux;7;adj
presqu_île;7;nom
poumon;7;nom
pouce;7;nom
partager;7;ver
parce_que;7;con
otto;7;nr
opposer;7;ver
ondulation;7;nom
obscur;7;adj
nulle;7;adj_ind
noter;7;ver
niveau;7;nom
méditerrané;7;adj
mèche;7;nom
muet;7;adj
mouiller;7;ver
marée;7;nom
marché;7;nom
marche;7;nom
manomètre;7;nom
maintenir;7;ver
machinalement;7;adv
lutter;7;ver
lanterne;7;nom
lame;7;nom
lac;7;nom
johann;7;nr
intéresser;7;ver
instinct;7;nom
inquiéter;7;ver
innombrable;7;adj
incandescent;7;adj
humeur;7;nom
gravir;7;ver
gouverneur;7;nom
glacier;7;nom
fusion;7;nom
fureur;7;nom
exactement;7;adv
empreinte;7;nom
désespoir;7;nom
duquel;7;pro_rel
dimanche;7;nom
diamètre;7;nom
destiner;7;ver
cuisine;7;nom
cryptogramme;7;nom
couleur;7;nom
constant;7;adj
combinaison;7;nom
cime;7;nom
charbon;7;nom
champ;7;nom
cesser;7;ver
cendre;7;nom
but;7;nom
brume;7;nom
bouche;7;nom
bibliothèque;7;nom
besoin;7;nom
avancer;7;ver
autant;7;adv_sup
attentivement;7;adv
assurer;7;ver
apaiser;7;ver
antique;7;adj
aigu;7;adj
accorder;7;ver
absence;7;nom
éviter;6;ver
éveiller;6;ver
éternel;6;adj
étaler;6;ver
épouvantable;6;adj
énergie;6;nom
éclair;6;nom
ça;6;pro_dem
vos;6;adj_pos
volume;6;nom
volontiers;6;adv_sup
visiter;6;ver
vide;6;adj
vertige;6;nom
valoir;6;ver
troubler;6;ver
trombe;6;nom
troisième;6;adj
transition;6;nom
tonnerre;6;nom
toit;6;nom
tempérament;6;nom
supporter;6;ver
squelette;6;nom
soumettre;6;ver
soixante_dix;6;adj_num
sifflement;6;nom
secours;6;nom
salut;6;ono
réussir;6;ver
résigner;6;ver
réparer;6;ver
ruhmkorff;6;nr
renverser;6;ver
rentrer;6;ver
renoncer;6;ver
remplacer;6;ver
refuser;6;ver
refroidissement;6;nom
recommandation;6;nom
recherche;6;nom
rassurer;6;ver
quelles;6;adj_int
quartier;6;nom
prétendre;6;ver
préoccupation;6;nom
proportion;6;nom
pointe;6;nom
poids;6;nom
peser;6;ver
pencher;6;ver
peindre;6;ver
ordinaire;6;adj
occidental;6;adj
obtenir;6;ver
obliger;6;ver
nul;6;adj_ind
nuance;6;nom
nourriture;6;nom
nid;6;nom
naître;6;ver
mystérieux;6;adj
mont;6;nom
mm;6;nom_sup
minéralogique;6;adj
mastodonte;6;nom
marin;6;nom
manuscrit;6;nom
lueur;6;nom
lointain;6;adj
lentement;6;adv
latitude;6;nom
labyrinthe;6;nom
inutile;6;adj
interne;6;adj
intelligence;6;nom
intact;6;adj
inopinément;6;adv
inexplicable;6;adj
indication;6;nom
inclinaison;6;nom
impatient;6;adj
humphry;6;nr
hospitalité;6;nom
hausser;6;ver
habituel;6;adj
grès;6;nom
grandeur;6;nom
goëlette;6;nr
goutte;6;nom
genièvre;6;nom
fluide;6;adj
fidèle;6;adj
favorable;6;adj
fatigant;6;adj
fameux;6;adj
faille;6;nom
explication;6;nom
exclamation;6;nom
entreprendre;6;ver
entourer;6;ver
enthousiasme;6;nom
engager;6;ver
embarcation;6;nom
effroi;6;nom
effrayer;6;ver
détacher;6;ver
distinctement;6;adv
discuter;6;ver
deviner;6;ver
densité;6;nom
dense;6;adj
célèbre;6;adj
créature;6;nom
crainte;6;nom
conviction;6;nom
continu;6;adj
contemplation;6;nom
condition;6;nom
compagnie;6;nom
clair;6;adj
chasser;6;ver
charmant;6;adj
champignon;6;nom
centaine;6;nom
campagne;6;nom
calcaire;6;nom
cacher;6;ver
branche;6;nom
bouger;6;ver
bizarre;6;adj
base;6;nom
baisser;6;ver
bac;6;nom
autrefois;6;pro_ind
augmenter;6;ver
attraction;6;nom
atmosphérique;6;adj
atlantique;6;adj
astre;6;nom
arrière;6;ono
argument;6;nom
apparition;6;nom
ancien;6;adj
altona;6;nr
allemagne;6;nom
aise;6;nom
acquérir;6;ver
accumuler;6;ver
accroissement;6;nom
accepter;6;ver
étude;5;nom
étendue;5;nom
élastique;5;nom
église;5;nom
égard;5;nom
écho;5;nom
échantillon;5;nom
vêtement;5;nom
végétal;5;adj
voyager;5;ver
vomir;5;ver
voisin;5;nom
voie;5;nom
vingt_quatre;5;adj_num
vigoureux;5;adj
vigoureusement;5;adv
verdoyant;5;adj
vendredi;5;nom
veiller;5;ver
troupe;5;nom
tronc;5;nom
trembler;5;ver
tremblement;5;nom
transport;5;nom
traiter;5;ver
tournant;5;nom
tourbe;5;nom
tortue;5;nom
toile;5;nom
thomson;5;nr
tapis;5;nom
tailler;5;ver
sérieux;5;adj
sérieusement;5;adv
sédimentaire;5;adj
surprenant;5;adj
sujet;5;adj
suffisant;5;adj
strasse;5;nom
soupe;5;nom
souffrir;5;ver
souffle;5;nom
sonore;5;adj
sonner;5;ver
solution;5;nom
septentrional;5;adj
sensiblement;5;adv
sensation;5;nom
secousse;5;nom
scène;5;nom
scandinave;5;adj
sauf;5;pre
satisfaction;5;nom
samedi;5;nom
saint;5;nom
rôle;5;nom
rêver;5;ver
régulièrement;5;adv
réellement;5;adv
roi;5;nom
riche;5;adj
revêtir;5;ver
respirer;5;ver
représenter;5;ver
reprise;5;nom
renfermer;5;ver
redevenir;5;ver
redescendre;5;ver
recteur;5;nom
recouvrir;5;ver
reconstruire;5;ver
rapporter;5;ver
ranger;5;ver
rafraîchir;5;ver
queue;5;nom
quels;5;adj_int
quelconque;5;adj_sup
pâle;5;adj
puisqu;5;con
public;5;adj
préparatif;5;nom
précaution;5;nom
prudent;5;adj
propre;5;adj
promontoire;5;nom
projeter;5;ver
progrès;5;nom
principal;5;adj
position;5;nom
pont;5;nom
poing;5;nom
plaque;5;nom
pièce;5;nom
physique;5;adj
percer;5;ver
payer;5;ver
ossuaire;5;nom
opérer;5;ver
olivier;5;nom
oiseau;5;nom
occasion;5;nom
objection;5;nom
net;5;adj
nerf;5;nom
méridional;5;adj
mémoire;5;nom
monture;5;nom
moi_même;5;pro_per
minéralogiste;5;nr
millier;5;nom
mener;5;ver
menaçant;5;adj
membre;5;nom
meilleur;5;adj
marteau;5;nom
mardi;5;nom
manoeuvre;5;nom
malheureux;5;adj
lune;5;nom
lesquelles;5;pro_rel
könig;5;nr
journal;5;nom
jouissance;5;nom
joindre;5;ver
irradiation;5;nom
involontairement;5;adv
installer;5;ver
inquiet;5;adj
influence;5;nom
indifférence;5;nom
indice;5;nom
inconnu;5;nom
incertain;5;adj
inattendu;5;adj
imprudent;5;adj
hutte;5;nom
humidité;5;nom
houillère;5;nom
houille;5;nom
horreur;5;nom
horizontalement;5;adv
honte;5;nom
herbe;5;nom
hallucination;5;nom
guider;5;ver
groupe;5;nom
goût;5;nom
glace;5;nom
genou;5;nom
frotter;5;ver
france;5;nr
fourneau;5;nom
fortement;5;adv
folie;5;nom
fleur;5;nom
fier;5;adj
ferrer;5;ver
fente;5;nom
femme;5;nom
fauteuil;5;nom
extérieur;5;adj
exprimer;5;ver
expression;5;nom
europe;5;nr
espérance;5;nom
errer;5;ver
envelopper;5;ver
entrevoir;5;ver
entreprise;5;nom
enthousiaste;5;adj
engouffrer;5;ver
endormir;5;ver
elbe;5;nr
eider;5;nom
effort;5;nom
déranger;5;ver
défaut;5;nom
décoloré;5;adj
douze;5;adj_num
dix_neuf;5;adj_num
distinguer;5;ver
directement;5;adv
différent;5;adj
dessécher;5;ver
dessert;5;nom
céder;5;ver
cuvier;5;nom
curiosité;5;nom
croissant;5;adj
crocodile;5;nom
cramponner;5;ver
contemporain;5;adj
confondre;5;ver
conclusion;5;nom
complètement;5;adv
comparer;5;ver
communication;5;nom
commencement;5;nom
colis;5;nom
coin;5;nom
clarté;5;nom
choisir;5;ver
changement;5;nom
central;5;adj
celles_ci;5;pro_dem
caresser;5;ver
capitale;5;nom
calendes;5;nom
bâtiment;5;nom
boucher;5;ver
boire;5;ver
blond;5;adj
basaltique;5;adj
baromètre;5;nom
baigner;5;ver
aveugle;5;adj
avenir;5;nom
autrement;5;adv
authenticité;5;nom
auprès_de;5;nr
aucunement;5;adv_sup
attirer;5;ver
attaquer;5;ver
arceau;5;nom
apparence;5;nom
allumer;5;ver
aliment;5;nom
affaiblir;5;ver
accrocher;5;ver
accoutumer;5;ver
accord;5;nom
abri;5;nom
8;5;num
4;5;num
évidence;4;nom
étinceler;4;ver
éteint;4;adj
épouvante;4;nom
épaisseur;4;nom
émouvoir;4;ver
élargir;4;ver
également;4;adv
éclatant;4;adj
vêtir;4;ver
votre;4;adj_pos
volupté;4;nom
voler;4;ver
voiture;4;nom
visite;4;nom
vieil;4;adj
verticalement;4;adv
vertical;4;adj
valise;4;nom
vainement;4;adv
uns;4;pro_ind
unir;4;ver
uniquement;4;adv
unique;4;adj
type;4;nom
tuf;4;nom
trouble;4;nom
tronçon;4;nom
traîner;4;ver
trampe;4;nr
traduire;4;ver
traduction;4;nom
touffu;4;adj
torture;4;nom
tordre;4;ver
toiser;4;ver
tertiaire;4;adj
teinte;4;nom
tarder;4;ver
tantôt;4;adv
sévère;4;adj
surtarbrandur;4;nr
surnaturel;4;adj
surexcitation;4;nom
superposé;4;adj
sund;4;nr
sud_ouest;4;nom
sublime;4;adj
structure;4;nom
spécimen;4;nom
splendide;4;adj
sourd;4;adj
soupçonner;4;ver
soupir;4;nom
souffrance;4;nom
souffler;4;ver
soucier;4;ver
sonder;4;ver
soigneusement;4;adv
société;4;nom
sinuosité;4;nom
sinueux;4;adj
singe;4;nom
semaine;4;nom
secondaire;4;adj
scorie;4;nom
saurien;4;nom
santé;4;nom
sang_froid;4;nom
saellvertu;4;nr
sac;4;nom
répandre;4;ver
rompre;4;ver
rixdale;4;nom
rigueur;4;nom
rideau;4;nom
richesse;4;nom
retard;4;nom
repousser;4;ver
reparaître;4;ver
rencontre;4;nom
remercier;4;ver
relatif;4;adj
regretter;4;ver
redouter;4;ver
reconnaissance;4;nom
reconnaissable;4;adj
recommander;4;ver
ramper;4;ver
raconter;4;ver
race;4;nom
quelques_uns;4;pro_ind
quelquefois;4;adv_sup
quarante_huit;4;adj_num
quai;4;nom
pêcheur;4;nom
péril;4;nom
purement;4;adv
puiser;4;ver
publier;4;ver
prévoir;4;ver
précédent;4;adj
profiter;4;ver
produit;4;nom
procurer;4;ver
privé;4;adj
portée;4;nom
portion;4;nom
population;4;nom
polaire;4;adj
poignard;4;nom
poche;4;nom
plume;4;nom
plesiosaurus;4;nr
plat;4;adj
planche;4;nom
plain;4;nom
physionomie;4;nom
percevoir;4;ver
peau;4;nom
paysan;4;nom
patience;4;nom
par_dessus;4;pre
paléontologie;4;nom
paisible;4;adj
outre;4;pre
os;4;nom
optique;4;adj
opposé;4;adj
opaque;4;adj
onze;4;adj_num
ombrage;4;nom
oeuvre;4;nom
odeur;4;nom
nécessité;4;nom
néanmoins;4;con
noir;4;adj
naïade;4;nom
naturaliste;4;nom
mère;4;nom
muséum;4;nom
multiplier;4;ver
moulin;4;nom
morne;4;adj
modérer;4;ver
misérable;4;adj
mien;4;pro_pos
menacer;4;ver
maudit;4;adj
marécageux;4;adj
mammifère;4;nom
malle;4;nom
magnétique;4;adj
légèrement;4;adv
lycopodes;4;nr
lutte;4;nom
longer;4;ver
libre;4;adj
leçon;4;nom
larme;4;nom
largeur;4;nom
jeu;4;nom
jaune;4;adj
irriter;4;ver
intéressant;4;adj
interrompre;4;ver
intense;4;adj
intelligent;4;adj
insondable;4;adj
inerte;4;adj
indéfiniment;4;adv
incrédulité;4;nom
incessamment;4;adv
importance;4;nom
immensité;4;nom
ignivomes;4;nr
idiome;4;nom
ichthyosaurus;4;nr
i;4;nom
hôtel;4;nom
hâte;4;nom
humide;4;adj
hein;4;ono
hache;4;nom
habiter;4;ver
génération;4;nom
gré;4;nom
grouper;4;ver
grossier;4;adj
grisâtre;4;adj
grimper;4;ver
graver;4;ver
gorgée;4;nom
gonfler;4;ver
golfe;4;nom
gneiss;4;nr
glacé;4;adj
gesticuler;4;ver
gerbe;4;nom
gardär;4;nr
fuite;4;nom
frissonner;4;ver
fragile;4;adj
fracas;4;nom
foutre;4;ver
fournir;4;ver
fougère;4;nom
formidable;4;adj
formation;4;nom
flottant;4;adj
fil;4;nom
ferré;4;adj
farouche;4;adj
fantastique;4;adj
faisceau;4;nom
faible;4;adj
facilité;4;nom
faciliter;4;ver
exposer;4;ver
exercice;4;nom
excursion;4;nom
excessif;4;adj
eux_mêmes;4;pro_per
ensuite;4;adv_sup
enfuir;4;ver
endormi;4;adj
emplir;4;ver
emparer;4;ver
effacer;4;ver
désaltérer;4;ver
délicieux;4;adj
déchirer;4;ver
déchaîner;4;ver
douteux;4;adj
douloureux;4;adj
diverses;4;adj_ind
divers;4;adj_ind
disputer;4;ver
dimension;4;nom
danemark;4;nr
cuir;4;nom
création;4;nom
crâne;4;nom
croûte;4;nom
court;4;adj
course;4;nom
couchette;4;nom
contredire;4;ver
contourner;4;ver
contenu;4;nom
contenter;4;ver
consonne;4;nom
consister;4;ver
conformation;4;nom
colline;4;nom
collection;4;nom
cimetière;4;nom
chacune;4;pro_ind
celle_ci;4;pro_dem
catastrophe;4;nom
cascade;4;nom
cargaison;4;nom
carapace;4;nom
canon;4;nom
cadavre;4;nom
brusquement;4;adv
brisé;4;adj
brillant;4;adj
bouquin;4;nom
bouillonner;4;ver
bouillonnant;4;adj
bouchée;4;nom
bonheur;4;nom
bleu;4;adj
bjarne;4;nr
bifurcation;4;nom
bienfaisant;4;adj
bassin;4;nom
basalte;4;nom
baiser;4;ver
avis;4;nom
auxquels;4;pro_rel
atome;4;nom
assigner;4;ver
aspirer;4;ver
aride;4;adj
arborescent;4;adj
appétit;4;nom
appui;4;nom
approuver;4;ver
angleterre;4;nom
amuser;4;ver
ami;4;nom
algue;4;nom
alchimiste;4;nom
aimanter;4;ver
aile;4;nom
aide;4;nom
agréable;4;adj
affecter;4;ver
admirable;4;adj
actuellement;4;adv
actuel;4;adj
acoustique;4;nom
accuser;4;ver
absurde;4;adj
7;4;num
6;4;num
2;4;num
10;4;num
évent;3;nom
étoile;3;nom
étincelle;3;nom
étape;3;nom
étang;3;nom
étager;3;ver
établissement;3;nom
établir;3;ver
équipage;3;nom
équilibre;3;nom
épars;3;adj
élévation;3;nom
éloigné;3;adj
écueil;3;nom
yocul;3;nr
wagon;3;nom
vraisemblablement;3;adv
voyelle;3;nom
voisinage;3;nom
virgile;3;nr
vingt_cinq;3;adj_num
vigne;3;nom
vert;3;adj
verso;3;nom
verser;3;ver
versant;3;nom
ventre;3;nom
veine;3;nom
varié;3;adj
varier;3;ver
valeur;3;nom
vain;3;adj
utile;3;adj
ustensile;3;nom
uniformité;3;nom
uniforme;3;nom
tuteur;3;nom
turleson;3;nr
tube;3;nom
trésor;3;nom
trou;3;nom
triomphant;3;adj
trachytique;3;nr
toutefois;3;adv_sup
tournoyer;3;ver
tourbillon;3;nom
terme;3;nom
suprême;3;adj
supposition;3;nom
succès;3;nom
successif;3;adj
sphéroïde;3;nom
sonde;3;nom
solidement;3;adv
solaire;3;adj
singulier;3;adj
silex;3;nom
silencieux;3;adj
sibérie;3;nr
serré;3;adj
serra;3;nom
semer;3;ver
saurer;3;ver
sapin;3;nom
saluer;3;ver
résumer;3;ver
résultat;3;nom
réserve;3;nom
réplique;3;nom
régler;3;ver
réfractaire;3;adj
réfléchi;3;adj
réclamer;3;ver
réaliser;3;ver
rude;3;adj
rouvrir;3;ver
roulement;3;nom
rotule;3;nom
roide;3;adj
rivière;3;nom
risquer;3;ver
riposter;3;ver
retentissant;3;adj
retentir;3;ver
ressource;3;nom
ressentir;3;ver
reproduire;3;ver
renouveler;3;ver
renaître;3;ver
relativement;3;adv
rejaillir;3;ver
rein;3;nom
refroidir;3;ver
rebrousser;3;ver
rassurant;3;adj
raser;3;ver
rampe;3;nom
ramasser;3;ver
radieux;3;adj
quatre_vingt_cinq;3;adj_num
quartz;3;nom
quadrupède;3;nom
pénible;3;adj
pâturage;3;nom
pâte;3;nom
ptérodactyle;3;nom
précipitation;3;nom
propos;3;nom
propice;3;adj
proie;3;nom
profiler;3;ver
professer;3;ver
prochain;3;adj
prison;3;nom
preuve;3;nom
pressentiment;3;nom
presbytère;3;nom
pourvoir;3;ver
poste;3;nom
possesseur;3;nom
portland;3;nom
polyglotte;3;adj
plupart;3;adv_sup
plomb;3;nom
pliocène;3;nom
plier;3;ver
planétaire;3;adj
planter;3;ver
plan;3;nom
plaire;3;ver
pitié;3;nom
pierreux;3;adj
peur;3;nom
perte;3;nom
perdu;3;adj
partout;3;adv_sup
parallèle;3;adj
pantalon;3;nom
palpitant;3;adj
palais;3;nom
page;3;nom
ouvert;3;adj
osciller;3;ver
original;3;nom
oriental;3;adj
orbite;3;nom
occupation;3;nom
obstruer;3;ver
nécessairement;3;adv
nourrir;3;ver
notable;3;adj
nord_ouest;3;nom
noirâtre;3;adj
nez;3;nom
naufrage;3;nom
nager;3;ver
nageoire;3;nom
métallique;3;adj
méprendre;3;ver
ménagerie;3;nom
mugissant;3;adj
mouvant;3;adj
mousse;3;nom
mordre;3;ver
monstrueux;3;adj
monotone;3;adj
modéré;3;adj
modification;3;nom
moderne;3;adj
mistour;3;nr
miracle;3;nom
minéralogie;3;nr
mineur;3;nom
mince;3;ono
milne;3;nr
micaschistes;3;nr
mi_parti;3;adj
merci;3;ono
mentir;3;ver
marsouin;3;nom
marque;3;nom
marbre;3;nom
manoeuvrer;3;ver
malencontreux;3;adj
malaise;3;nom
malade;3;adj
maire;3;nom
maint;3;adj_ind
maigre;3;adj
lézard;3;nom
lâcher;3;ver
lundi;3;nom
livrer;3;ver
lisière;3;nom
liquidité;3;nom
lier;3;ver
liberté;3;nom
largement;3;adv
lait;3;nom
laine;3;nom
lacs;3;nom
kirk;3;nr
kiel;3;nr
justifier;3;ver
justement;3;adv
juste;3;adj_sup
jusqu_aux;3;nr
juron;3;nom
juge;3;nom
jouir;3;ver
joint;3;adj
jeudi;3;nom
italien;3;nom
islandaises;3;nr
involontaire;3;adj
intérêt;3;nom
intervenir;3;ver
interstice;3;nom
interminable;3;adj
interlocuteur;3;nom
insoluble;3;adj
insensible;3;adj
inonder;3;ver
inhabité;3;adj
inextricable;3;adj
indigène;3;adj
indescriptible;3;adj
incruster;3;ver
incomplet;3;adj
incendie;3;nom
imprévu;3;nom
impossibilité;3;nom
important;3;adj
immédiat;3;adj
imaginaire;3;adj
illustre;3;adj
illusion;3;nom
hôpital;3;nom
héroïque;3;adj
héros;3;nom
hérisser;3;ver
humble;3;adj
humanité;3;nom
horizontal;3;adj
historique;3;adj
hasarder;3;ver
habitation;3;nom
géodes;3;nr
guérison;3;nom
grosseur;3;nom
grec;3;nom
gouvernail;3;nom
gosier;3;nom
gazon;3;nom
gai;3;adj
fête;3;nom
féroce;3;adj
futur;3;nom
fusil;3;nom
fumerolle;3;nom
fucus;3;nr
frémissant;3;adj
front;3;nom
fouiller;3;ver
fouet;3;nom
forlorad;3;nr
flotter;3;ver
fièvre;3;nom
fixer;3;ver
fixe;3;adj
feroë;3;nr
fermier;3;nom
fenêtre;3;nom
femelle;3;nom
faxa;3;nr
fatalité;3;nom
extraordinaire;3;adj
expérience;3;nom
expulser;3;ver
exciter;3;ver
excavation;3;nom
examen;3;nom
esturgeon;3;nom
estomac;3;nom
envahir;3;ver
entrée;3;nom
entremêler;3;ver
entasser;3;ver
ensemble;3;adv
ennemi;3;nom
engin;3;nom
enflammer;3;ver
enfermer;3;ver
enduire;3;ver
encre;3;nom
enchanté;3;adj
emportement;3;nom
employé;3;nom
empire;3;nom
emmener;3;ver
embrasser;3;ver
embarras;3;nom
ellenora;3;nr
elle_même;3;pro_per
effleurer;3;ver
edwards;3;nr
détruire;3;ver
détroit;3;nom
désordre;3;nom
désirer;3;ver
désir;3;nom
désespérer;3;ver
déposer;3;ver
dépenser;3;ver
démontrer;3;ver
dégager;3;ver
décrire;3;ver
décidément;3;adv
décharger;3;ver
duvet;3;nom
durée;3;nom
dureté;3;nom
diète;3;nom
dissiper;3;ver
disperser;3;ver
discours;3;nom
diffuser;3;ver
difficilement;3;adv
dicter;3;ver
devancer;3;ver
destinée;3;nom
dessus;3;adv_sup
dessiner;3;ver
dessein;3;nom
der;3;nom
demeure;3;nom
date;3;nom
câble;3;nom
créer;3;ver
crustacé;3;nom
cristal;3;nom
creux;3;adj
craquer;3;ver
couvée;3;nom
couramment;3;adv
cou;3;nom
coton;3;nom
costume;3;nom
coquille;3;nom
coquillage;3;nom
contact;3;nom
conséquent;3;adj
constituer;3;ver
considérablement;3;adv
conscience;3;nom
connaissance;3;nom
conifère;3;nom
confirmer;3;ver
concevoir;3;ver
comprimé;3;nom
compas;3;nom
comparaison;3;nom
communiquer;3;ver
commotion;3;nom
combat;3;nom
climat;3;nom
classer;3;ver
cité;3;nom
circuler;3;ver
circonférence;3;nom
château;3;nom
choix;3;nom
chevelure;3;nom
chaîne;3;nom
chaussure;3;nom
chaudière;3;nom
charpente;3;nom
chapeau;3;nom
chaleureux;3;adj
ceux_ci;3;pro_dem
cercle;3;nom
ceinture;3;nom
cataracte;3;nom
cassure;3;nom
carrefour;3;nom
capable;3;adj
canal;3;nom
calotte;3;nom
cabine;3;nom
cabane;3;nom
brutal;3;adj
brun;3;adj
brouillard;3;nom
briller;3;ver
bourgade;3;nom
bouleverser;3;ver
bouleau;3;nom
bonjour;3;nom
bond;3;nom
blesser;3;ver
berger;3;nom
baron;3;nom
bande;3;nom
bah;3;ono
azuré;3;adj
aventure;3;nom
audace;3;nom
attribuer;3;ver
assoupissement;3;nom
assombrir;3;ver
associer;3;ver
ascensionnel;3;adj
arête;3;nom
article;3;nom
arrondir;3;ver
armée;3;nom
argent;3;nom
ardent;3;adj
arctique;3;adj
arc;3;nom
appel;3;nom
aoalkirkja;3;nr
anéantir;3;ver
annonce;3;nom
animer;3;ver
allumé;3;adj
aisé;3;adj
aigrette;3;nom
aider;3;ver
affoler;3;ver
affirmation;3;nom
admiration;3;nom
accès;3;nom
accueil;3;nom
accourir;3;ver
accoter;3;ver
accident;3;nom
abuser;3;ver
absorber;3;ver
9;3;num
5;3;num
19;3;num
15;3;num
14;3;num
1;3;num
ôter;2;ver
évêque;2;nom
évocation;2;nom
évaser;2;ver
évaporation;2;nom
évanouissement;2;nom
étreinte;2;nom
étouffé;2;adj
étiqueter;2;ver
étage;2;nom
éruptifs;2;nr
équiper;2;ver
épreuve;2;nom
époux;2;nom
épouvanté;2;adj
épier;2;ver
épave;2;nom
éparpiller;2;ver
épancher;2;ver
épanchement;2;nom
ému;2;adj
émerveillement;2;nom
éléphant;2;nom
élément;2;nom
élier;2;ver
élasticité;2;nom
égaler;2;ver
édredon;2;nom
écumeux;2;adj
écumer;2;ver
écume;2;nom
écriture;2;nom
école;2;nom
éclairé;2;adj
échauffer;2;ver
échanger;2;ver
écarter;2;ver
ébrécher;2;ver
éboulement;2;nom
éblouissant;2;adj
éblouir;2;ver
ébaucher;2;ver
âme;2;nom
zéro;2;nom
zigzag;2;nom
yokul;2;nr
vorace;2;adj
volute;2;nom
vivacité;2;nom
vis_à_vis;2;pre
vingt_deux;2;adj_num
vigueur;2;nom
vider;2;ver
vertu;2;nom
vertigineux;2;adj
vermeil;2;adj
verdure;2;nom
ventilateur;2;nom
veau;2;nom
vaisseau;2;nom
vaincre;2;ver
vadmel;2;nr
vache;2;nom
utrecht;2;nr
user;2;ver
usage;2;nom
uniformément;2;adv
unes;2;pro_ind
tôt;2;adv
tâter;2;ver
tufs;2;nr
tuer;2;ver
trouer;2;ver
tromblon;2;nom
trilobites;2;nr
tressaillir;2;ver
trente_six;2;adj_num
trente_cinq;2;adj_num
trentaine;2;nom
treize;2;adj_num
transparent;2;adj
transformer;2;ver
transformation;2;nom
trahir;2;ver
trachytiques;2;nr
tracasser;2;ver
tournure;2;nom
tourment;2;nom
touriste;2;nom
tourbillonner;2;ver
touffe;2;nom
touchant;2;adj
torride;2;adj
tombeau;2;nom
tiède;2;adj
titre;2;nom
tiers;2;nom
théâtre;2;nom
texture;2;nom
tension;2;nom
tendance;2;nom
tels;2;adj_ind
tapisser;2;ver
tandis_qu;2;con
taillis;2;nom
tabac;2;nom
séance;2;nom
symptôme;2;nom
suède;2;nom
surhumain;2;adj
surexciter;2;ver
surchauffer;2;ver
superbe;2;adj
suisse;2;adj
suffoquer;2;ver
suffisamment;2;adv
subterrestre;2;nr
substruction;2;nom
sublunaire;2;adj
style;2;nom
steamer;2;nom
spécial;2;adj
spitzberg;2;nr
spirale;2;nom
sous_marin;2;adj
souriant;2;adj
sourcil;2;nom
soulèvement;2;nom
sommaire;2;adj
solitude;2;nom
solitaire;2;adj
soixante_cinquième;2;nr
soixante;2;adj_num
snorre;2;nr
skagen;2;nr
sinistre;2;adj
simplement;2;adv
silurienne;2;nr
signature;2;nom
signaler;2;ver
sigillaires;2;nr
sienne;2;pro_pos
sicile;2;nr
serviteur;2;nom
serpentin;2;adj
septembre;2;nom
sentier;2;nom
sensé;2;adj
semi;2;nom
selon;2;pre
section;2;nom
second;2;adj
sculpter;2;ver
scintillation;2;nom
satisfaisant;2;adj
satisfaire;2;ver
sanglant;2;adj
salutaire;2;adj
salin;2;nom
saisissant;2;adj
saint_michel;2;nom
sacré;2;adj
révolter;2;ver
réverbération;2;nom
réveil;2;nom
résulter;2;ver
résistance;2;nom
résine;2;nom
résignation;2;nom
réservoir;2;nom
réseau;2;nom
répercussion;2;nom
régulier;2;adj
régularité;2;nom
réel;2;adj
réduction;2;nom
récent;2;adj
russie;2;nr
rugissement;2;nom
ruban;2;nom
rouille;2;nom
rougir;2;ver
rond;2;nom
roideur;2;nom
rive;2;nom
risque;2;nom
ridicule;2;adj
revêtement;2;nom
revivre;2;ver
retraite;2;nom
resserrer;2;ver
respiration;2;nom
respecter;2;ver
reprocher;2;ver
reposer;2;ver
renversement;2;nom
renommée;2;nom
renfermé;2;adj
remède;2;nom
remous;2;nom
remontant;2;nom
reliure;2;nom
relier;2;ver
relais;2;nom
regret;2;nom
refus;2;nom
reflux;2;nom
reflet;2;nom
refermer;2;ver
redresser;2;ver
recueillir;2;ver
rebondissant;2;adj
rattacher;2;ver
rapport;2;nom
rang;2;nom
rame;2;nom
raisonnable;2;adj
ragaillardir;2;ver
racine;2;nom
rabattre;2;ver
quotidien;2;adj
quignon;2;nom
quelques_unes;2;pro_ind
quatrefages;2;nr
quatre_vingts;2;adj_num
quatre_vingt_trois;2;adj_num
quatorzième;2;nom
quarante_cinq;2;adj_num
pêche;2;nom
périr;2;ver
périlleux;2;adj
pupille;2;nom
pterychtis;2;nr
prêter;2;ver
prétention;2;nom
présider;2;ver
précipice;2;nom
précieusement;2;adv
prudence;2;nom
prudemment;2;adv
provoquer;2;ver
providentiel;2;adj
providence;2;nom
proue;2;nom
protée;2;nr
protopithèque;2;nr
propriété;2;nom
propriétaire;2;nom
proprement;2;adv
proposition;2;nom
proportionnel;2;adj
propager;2;ver
promptement;2;adv
projection;2;nom
profil;2;nom
profession;2;nom
prodigieusement;2;adv
problème;2;nom
probable;2;adj
prière;2;nom
prisme;2;nom
prince;2;nom
primordial;2;adj
pressant;2;adj
pratiquer;2;ver
possession;2;nom
portrait;2;nom
portier;2;nom
portatif;2;adj
portant;2;adj
porphyre;2;nom
poreux;2;adj
poncer;2;ver
pommette;2;nom
poitrine;2;nom
poindre;2;ver
poil;2;nom
poignée;2;nom
pluton;2;nom
pli;2;nom
pleurer;2;ver
platine;2;nom
plate_forme;2;nom
planète;2;nom
plaindre;2;ver
plaie;2;nom
plage;2;nom
plafond;2;nom
placer;2;ver
pis_aller;2;nom
pin;2;nom
phoenix;2;nom
philosophie;2;nom
pharmacie;2;nom
pesanteur;2;nom
personnel;2;adj
perpendiculaire;2;adj
paître;2;ver
paysage;2;nom
pavé;2;nom
paupière;2;nom
patte;2;nom
passionner;2;ver
passant;2;nom
particulièrement;2;adv
particularité;2;nom
parfum;2;nom
panache;2;nom
palpiter;2;ver
palmier;2;nom
pacifique;2;adj
p;2;nr
ours;2;nom
oseibo;2;nr
orné;2;adj
orner;2;ver
organique;2;adj
organe;2;nom
onde;2;nom
olsen;2;nr
odorat;2;nom
obstinément;2;adv
négociant;2;nom
nu;2;adj
noyer;2;ver
noyau;2;nom
nouvel;2;adj
nord_est;2;nom
nomenclature;2;nom
noeud;2;nom
nier;2;ver
nettement;2;adv
neptune;2;nr
nej;2;nr
nef;2;nom
navigation;2;nom
naufragé;2;nom
national;2;adj
nation;2;nom
métier;2;nom
mériter;2;ver
ménager;2;ver
mélancolique;2;adj
méger;2;nom
médecin;2;nom
méchant;2;adj
mécanique;2;adj
mythologique;2;adj
mythologie;2;nom
mystification;2;nom
mutuel;2;adj
mutisme;2;nom
musée;2;nom
muscle;2;nom
moyenne;2;nom
mouton;2;nom
mouillé;2;adj
motif;2;nom
mortel;2;nom
montagnard;2;nom
monotonie;2;nom
molécule;2;nom
mollusque;2;nom
moisson;2;nom
modérément;2;adv
modeste;2;adj
minéralisation;2;nom
minuit;2;nom
miens;2;pro_pos
miennes;2;pro_pos
mienne;2;pro_pos
mica;2;nom
mericotherium;2;nr
mercredi;2;nom
menace;2;nom
megatherium;2;nr
mayen;2;nr
mathématique;2;adj
masure;2;nom
marmot;2;nom
mark;2;nom
mariage;2;nom
marchander;2;ver
marchand;2;nom
manifester;2;ver
manier;2;ver
manganèse;2;nom
mammouth;2;nom
malheur;2;nom
majestueusement;2;adv
mai;2;nom
magnétisme;2;nom
magnificence;2;nom
maculer;2;ver
machine;2;nom
lépreux;2;nom
légendaire;2;adj
lécher;2;ver
là_bas;2;adv
lubeck;2;nr
loupe;2;nom
lors;2;adv_sup
logique;2;adj
locomotion;2;nom
littéraire;2;adj
literie;2;nom
liqueur;2;nom
limpide;2;adj
lignite;2;nom
leptotherium;2;nr
lent;2;adj
leipzig;2;nr
kyrkoherde;2;nr
kauris;2;nr
jusque;2;pre
jurer;2;ver
jurassique;2;adj
jouet;2;nom
jean;2;nom
jarret;2;nom
ja;2;nr
isolement;2;nom
irréparable;2;adj
irrégulier;2;adj
irritation;2;nom
irascible;2;adj
ipse;2;nom
inégal;2;adj
invincible;2;adj
invention;2;nom
inventer;2;ver
invariablement;2;adv
introduire;2;ver
intelligible;2;adj
insu;2;nom
instruire;2;ver
insister;2;ver
insensibilité;2;nom
inquiétude;2;nom
inquiétant;2;adj
inondation;2;nom
innocent;2;adj
infranchissable;2;adj
inflammable;2;adj
infirmité;2;nom
infect;2;adj
inespéré;2;adj
indécis;2;adj
indolent;2;adj
indigne;2;adj
indignation;2;nom
indifférent;2;adj
inde;2;nom
inculte;2;adj
incrédule;2;adj
incontestablement;2;adv
incontestable;2;adj
incomparable;2;adj
incommensurable;2;adj
incliné;2;adj
incapable;2;adj
inappréciable;2;adj
inanition;2;nom
impénétrable;2;adj
impuissant;2;adj
improviser;2;ver
imprimer;2;ver
impression;2;nom
impraticable;2;adj
implorer;2;ver
impitoyable;2;adj
impassible;2;adj
immanior;2;nr
ignorant;2;adj
identique;2;adj
ici_bas;2;adv
hôtesse;2;nom
hérissé;2;adj
hélas;2;ono
hébreu;2;nom
hvalfjörd;2;nr
humboldt;2;nr
horrible;2;adj
horizontalité;2;nom
honteux;2;adj
holstein;2;nr
hastigt;2;nr
harmonieux;2;adj
hardi;2;ono
hameçon;2;nom
hameau;2;nom
haleter;2;ver
hagard;2;adj
habité;2;adj
habiller;2;ver
habile;2;adj
gêner;2;ver
géographique;2;adj
gémissement;2;nom
gémir;2;ver
guérir;2;ver
gué;2;ono
guirlande;2;nom
gueule;2;nom
groënland;2;nr
grouiller;2;ver
grimoire;2;nom
gravité;2;nom
grappe;2;nom
goûter;2;ver
goélette;2;nom
gouvernement;2;nom
god;2;nr
giratoire;2;adj
gigans;2;nr
gazeux;2;adj
garnir;2;ver
gare;2;ono
ganoïdes;2;nr
gamin;2;nom
fémur;2;nom
féconder;2;ver
fébrile;2;adj
furie;2;nom
fureter;2;ver
fulmi;2;nr
fugitif;2;nom
fréquemment;2;adv
frénétiquement;2;adv
frégate;2;nom
fruit;2;nom
froncer;2;ver
frissonnement;2;nom
frisson;2;nom
frelsers;2;nr
fraîchir;2;ver
frayer;2;ver
fracture;2;nom
fourrage;2;nom
fougueux;2;adj
foudre;2;nom
fossiliser;2;ver
formulé;2;adj
forcément;2;adv
fondre;2;ver
fonder;2;ver
flèche;2;nom
flux;2;nom
flore;2;nom
fleuve;2;nom
flegmatique;2;adj
flairer;2;ver
flacon;2;nom
fjörds;2;nr
fiévreux;2;adj
filon;2;nom
figurer;2;ver
fiancé;2;nom
feuillet;2;nom
feuillage;2;nom
ferrugineux;2;adj
favoriser;2;ver
faux;2;adj
faute;2;nom
faillir;2;ver
faiblesse;2;nom
faculté;2;nom
facette;2;nom
exploitation;2;nom
explicable;2;adj
expansif;2;adj
exhumer;2;ver
exercer;2;ver
exagérer;2;ver
etna;2;nr
etc;2;adv
estomper;2;ver
espagnol;2;nom
escarpé;2;adj
envoyer;2;ver
envoler;2;ver
environnant;2;adj
envieux;2;adj
envier;2;ver
envie;2;nom
entêter;2;ver
entêtement;2;nom
entretien;2;nom
enterrer;2;ver
entamer;2;ver
entaille;2;nom
ensuivre;2;ver
enrouler;2;ver
ennui;2;nom
enlacer;2;ver
enjambée;2;nom
engagement;2;nom
encombrer;2;ver
encaisser;2;ver
emprisonner;2;ver
empressement;2;nom
embarrassé;2;adj
embarrasser;2;ver
embarquerons;2;nr
elseneur;2;nr
elles_mêmes;2;pro_per
effroyable;2;adj
effluve;2;nom
effectuer;2;ver
dôme;2;nom
dévouer;2;ver
développement;2;nom
détourner;2;ver
détendre;2;ver
désordonner;2;ver
désigner;2;ver
désespérant;2;adj
désagréable;2;adj
dérober;2;ver
dépourvu;2;adj
dépourvoir;2;ver
dépouiller;2;ver
déployer;2;ver
déplacer;2;ver
dénûment;2;nr
dénomination;2;nom
délire;2;nom
délicat;2;adj
déjection;2;nom
dégringoler;2;ver
dégoût;2;nom
défense;2;nom
défaire;2;ver
déduction;2;nom
dédaigner;2;ver
décliner;2;ver
déclinaison;2;nom
déchiqueter;2;ver
début;2;nom
déborder;2;ver
douer;2;ver
donnée;2;nom
dizaine;2;nom
dixième;2;nom
dix_sept;2;adj_num
diviser;2;ver
divagation;2;nom
distribuer;2;ver
distraire;2;ver
distingué;2;adj
disque;2;nom
dislocation;2;nom
discontinuent;2;nr
directeur;2;nom
diminution;2;nom
différer;2;ver
différents;2;adj_ind
différence;2;nom
diffusion;2;nom
dictée;2;nom
diamant;2;nom
demi_obscurité;2;nom
demi_nu;2;adv
demi_mille;2;nom
demi_lieue;2;nom
dedans;2;adv_sup
debout;2;adv_sup
dag;2;nr
côtoyer;2;ver
cétacé;2;nom
cérémonie;2;nom
cylindrique;2;adj
cygne;2;nom
cure;2;nom
cuire;2;ver
croulez;2;nr
crevette;2;nom
crevasse;2;nom
craterem;2;nr
crampe;2;nom
couver;2;ver
courbe;2;nom
couple;2;nom
coude;2;nom
cosmique;2;adj
correspondant;2;nom
cordial;2;nom
convulsion;2;nom
convoi;2;nom
contribuer;2;ver
contrarier;2;ver
contraction;2;nom
contour;2;nom
contempler;2;ver
conséquemment;2;adv
consultant;2;nom
consul;2;nom
consigner;2;ver
consigne;2;nom
conservation;2;nom
confus;2;adj
confortable;2;adj
conformer;2;ver
confondu;2;adj
conductibilité;2;nom
condensation;2;nom
condamner;2;ver
concert;2;nom
compresse;2;nom
composant;2;nom
compartiment;2;nom
comparaître;2;ver
commerçant;2;nom
commander;2;ver
combustion;2;nom
combler;2;ver
combiner;2;ver
combattre;2;ver
colossal;2;adj
coloré;2;adj
colomb;2;nr
collègue;2;nom
coadjuteur;2;nom
co;2;adv
clore;2;ver
chêne;2;nom
chimique;2;adj
chimie;2;nom
chauffer;2;ver
chasse;2;nom
chanter;2;ver
cesse;2;nom
centaure;2;nom
celui_là;2;pro_dem
celles_là;2;pro_dem
cavité;2;nom
cave;2;nom
cavalier;2;nom
cauchemar;2;nom
cathédrale;2;nom
cataclysme;2;nom
carrière;2;nom
carnet;2;nom
carabine;2;nom
capricieux;2;adj
canot;2;nom
canne;2;nom
calciné;2;adj
caisse;2;nom
caillou;2;nom
cadran;2;nom
bénir;2;ver
bâiller;2;ver
brusque;2;adj
brumeux;2;adj
broussaille;2;nom
brouiller;2;ver
bronze;2;nom
boër;2;nr
boyau;2;nom
bouteille;2;nom
bourse;2;nom
boucler;2;ver
boréal;2;adj
borner;2;ver
bonté;2;nom
bonnement;2;adv
bonhomme;2;nom
bombe;2;nom
bifurquer;2;ver
bibliomane;2;nr
beurre;2;nom
besogne;2;nom
belt;2;nr
beauté;2;nom
beaumont;2;nr
batelier;2;nom
barque;2;nom
barnum;2;nom
baptiser;2;ver
banc;2;nom
ballot;2;nom
balle;2;nom
balbutier;2;ver
bain;2;nom
b;2;nom_sup
aéronaute;2;nom
avidité;2;nom
avalanche;2;nom
auxquelles;2;pro_rel
autoriser;2;ver
au_delà;2;adv
attester;2;ver
atlas;2;nom
assourdissant;2;adj
assaut;2;nom
aspérité;2;nom
articulé;2;adj
art;2;nom
arrêt;2;nom
arroser;2;ver
arrondi;2;adj
arranger;2;ver
arpenter;2;ver
ardu;2;adj
architecte;2;nom
arbuste;2;nom
aplomb;2;nom
aplatir;2;ver
antiquité;2;nom
antipode;2;nom
anthracite;2;nom
anter;2;ver
annexia;2;nr
animé;2;adj
angoisse;2;nom
amérique;2;nom
ample;2;adj
amour_propre;2;nom
ambiant;2;adj
amarre;2;nom
alphabet;2;nom
alourdir;2;ver
ajax;2;nom
aisément;2;adv
agité;2;adj
afrique;2;nr
affirmatif;2;adj
affaissement;2;nom
adroitement;2;adv
adroit;2;adj
adresse;2;nom
adoucir;2;ver
administration;2;nom
activer;2;ver
acier;2;nom
acide;2;nom
accoster;2;ver
accabler;2;ver
absorbant;2;adj
abriter;2;ver
abondant;2;adj
3;2;num
28;2;num
26;2;num
25;2;num
24;2;num
23;2;num
22;2;num
20;2;num
1863;2;num
18;2;num
17;2;num
16;2;num
13;2;num
1229;2;num
11;2;num