de;2938;pre
l;1815;art_def
être;1620;aux
la;1462;art_def
à;1336;pre
le;1271;art_def
avoir;1139;aux
il;1080;pro_per
les;1037;art_def
et;1018;con
ne;894;adv_sup
un;801;art_ind
en;801;pre
d;744;pre
du;726;art_def
des;669;art_ind
une;654;art_ind
que;620;pro_rel
ce;557;pro_dem
qui;544;pro_rel
dans;543;pre
se;530;pro_per
s;497;pro_per
pas;456;adv_sup
qu;423;con
plus;396;adv_sup
on;340;pro_per
au;334;art_def
pouvoir;326;ver_sup
cette;305;adj_dem
pour;295;pre
sur;294;pre
faire;285;ver_sup
par;266;pre
son;260;adj_pos
robur;246;nr
c;235;pro_dem
uncle;230;nr
mais;228;con
prudent;227;adj
avec;220;pre
deux;217;adj_num
ils;211;pro_per
ses;202;adj_pos
si;193;con
dont;193;pro_rel
phil;189;nr
evans;188;nr
dire;188;ver_sup
_albatros_;181;nr
comme;174;con
ces;174;adj_dem
sa;168;adj_pos
tout;161;pro_ind
y;154;pro_per
lui;152;pro_per
sans;147;pre
ou;145;con
leur;145;pro_per
bien;145;adv_sup
heure;144;nom
devoir;139;ver_sup
même;138;pro_ind
nous;135;pro_per
alors;129;adv_sup
aux;127;art_def
aller;119;ver
aéronef;118;nom
_;117;nr
vous;114;pro_per
ingénieur;112;nom
vers;111;pre
voir;109;ver
au_dessus;107;pre
donc;105;con
quelques;104;adj_ind
peu;102;nom_sup
air;102;nom
après;101;pre
hélice;99;nom
puis;98;con
venir;97;ver
point;96;nom_sup
où;96;pro_rel
frycollin;96;nr
rien;95;pro_ind
pendant;95;pre
répondre;94;ver
encore;93;adv_sup
mille;91;nom_sup
là;91;ono
falloir;89;ver_sup
mer;87;nom
appareil;87;nom
tous;86;pro_ind
jour;86;nom
ni;85;con
prendre;84;ver
elle;83;pro_per
_albatros;83;nr
non;82;pro_per
moins;81;adv_sup
grand;81;adj
mètre;79;nom
avant;79;pre
weldon;77;nr
quelque;76;adj_ind
institute;75;nr
vitesse;74;nom
milieu;74;nom
entre;73;pre
aussi;71;adv_sup
mettre;70;ver
cet;69;adj_dem
passer;68;ver
je;68;pro_per
autre;68;pro_ind
terre;66;nom
vouloir;64;ver_sup
île;63;nom
tom;62;nom
jamais;62;adv_sup
coup;62;nom
nuit;61;nom
cent;61;adj_num
temps;60;nom
moment;60;nom
collègue;60;nom
cela;60;pro_dem
toute;59;adj_ind
président;59;nom
donner;59;ver
peut_être;58;adv_sup
très;57;adv_sup
pied;57;nom
trois;55;adj_num
leurs;55;adj_pos
cents;55;adj_num
savoir;54;ver_sup
bord;54;nom
homme;53;nom
ainsi;53;adv_sup
turner;52;nr
sous;52;pre
reprendre;52;ver
quand;51;con
maître;51;nom
haut;51;adj
cependant;50;con
toutes;49;pro_ind
eau;49;nom
t;48;pro_per
sembler;48;ver
machine;48;nom
effet;48;nom
croire;48;ver_sup
autres;48;pro_ind
premier;47;adj
monde;47;nom
trouver;46;ver
plate_forme;46;nom
enfin;46;adv_sup
ville;45;nom
vent;45;nom
laisser;45;ver
fois;45;nom
cas;45;nom
rester;44;ver
oui;44;adv_sup
tenir;43;ver
depuis;43;pre
aérien;43;adj
toujours;42;adv_sup
demander;42;ver
contre;42;pre
arrière;42;ono
mouvement;41;nom
cabine;41;nom
tomber;40;ver
propulseur;40;nom
doute;40;nom
commencer;40;ver
produire;39;ver
kilomètre;39;nom
surface;38;nom
rendre;38;ver
quatre;38;adj_num
nouveau;38;adj
nord;38;nom
travers;37;nom
secrétaire;37;nom
lancer;37;ver
ballon;37;nom
navire;36;nom
jeter;36;ver
hauteur;36;nom
comment;36;con
celui;36;pro_dem
attendre;36;ver
_go;36;nr
sol;35;nom
quel;35;adj_int
porter;35;ver
partie;35;nom
or;35;con
main;35;nom
lorsque;35;con
long;35;adj
eux;35;pro_per
briser;35;ver
atmosphère;35;nom
quelle;34;adj_int
philadelphie;34;nr
petit;34;adj
maintenant;34;adv_sup
lequel;34;pro_rel
instant;34;nom
cinq;34;adj_num
arriver;34;ver
nom;33;nom
emporter;33;ver
direction;33;nom
dernier;33;adj
amérique;33;nom
écrier;32;ver
quoi;32;pro_rel
parler;32;ver
montrer;32;ver
j;32;pro_per
force;32;adj_ind
espace;32;nom
atteindre;32;ver
ailleurs;32;adv_sup
sud;31;nom
soleil;31;nom
reconnaître;31;ver
pacifique;31;adj
car;31;con
seulement;30;adv
région;30;nom
roufle;30;nr
quitter;30;ver
oiseau;30;nom
immense;30;adj
dépasser;30;ver
devenir;30;ver
américain;30;nom
six;29;adj_num
question;29;nom
me;29;pro_per
ciel;29;nom
élever;28;ver
suivre;28;ver
personnel;28;adj
monter;28;ver
matin;28;nom
horizon;28;nom
déjà;28;ono
courant;28;nom
bon;28;adj_sup
électrique;27;adj
travail;27;nom
sentir;27;ver
quant;27;nom_sup
moyen;27;adj
marcher;27;ver
laquelle;27;pro_rel
jusqu_à;27;pre
impossible;27;adj
droit;27;nom
chercher;27;ver
centaine;27;nom
échapper;26;ver
volant;26;adj
vaste;26;adj
tête;26;nom
territoire;26;nom
raison;26;nom
permettre;26;ver
perdre;26;ver
franchir;26;ver
forme;26;nom
etats;26;nr
entendre;26;ver
club;26;nom
chute;26;nom
calme;26;nom
apparaître;26;ver
apercevoir;26;ver
zone;25;nom
sortir;25;ver
phénomène;25;nom
paraître;25;ver
oeil;25;nom
nègre;25;nom
head_;25;nr
garder;25;ver
feu;25;nom
assez;25;adv_sup
arrêter;25;ver
aile;25;nom
énorme;24;adj
unir;24;ver
suffire;24;ver
seconde;24;nom
route;24;nom
puissance;24;nom
place;24;nom
ouest;24;nom
monsieur;24;nom_sup
membre;24;nom
extrême;24;adj
cité;24;nom
aucune;24;adj_ind
vapeur;23;nom
traverser;23;ver
revenir;23;ver
pousser;23;ver
pays;23;nom
part;23;nom
occuper;23;ver
nuage;23;nom
montagne;23;nom
huit;23;adj_num
fort;23;adj_sup
engin;23;nom
crier;23;ver
cri;23;nom
couper;23;ver
ceux;23;pro_dem
celle;23;pro_dem
au_dessous;23;adv
voilà;22;pre
puisqu;22;con
près;22;pre
presque;22;adv_sup
personne;22;pro_ind
partir;22;ver
pareil;22;adj
ouvrir;22;ver
notre;22;adj_pos
gens;22;nom
douze;22;adj_num
dix;22;adj_num
comprendre;22;ver
aucun;22;adj_ind
voix;21;nom
sorte;21;nom
soir;21;nom
porte;21;nom
océan;21;nom
mot;21;nom
lendemain;21;nom_sup
lac;21;nom
juillet;21;nom
indiquer;21;ver
convenir;21;ver
connaître;21;ver
chose;21;nom
afin;21;adv_sup
vol;20;nom
vie;20;nom
séance;20;nom
système;20;nom
seul;20;adj
sept;20;adj_num
rapidité;20;nom
prisonnier;20;nom
observer;20;ver
observatoire;20;nom
juin;20;nom
europe;20;nr
entraîner;20;ver
dominer;20;ver
disposer;20;ver
disparaître;20;ver
diriger;20;ver
descendre;20;ver
câble;20;nom
capitale;20;nom
agir;20;ver
état;19;nom
valet;19;nom
trop;19;adv_sup
toutefois;19;adv_sup
suspensives;19;nr
rentrer;19;ver
remonter;19;ver
quinze;19;adj_num
puisque;19;con
possible;19;adj
minute;19;nom
mieux;19;adv_sup
lourd;19;adj
locomotion;19;nom
fer;19;nom
eh;19;ono
demi;19;adj_sup
degré;19;nom
craindre;19;ver
corde;19;nom
contremaître;19;nom
clairière;19;nom
citoyen;19;nom
cinquante;19;adj_num
austral;19;adj
approcher;19;ver
terrestre;18;adj
somme;18;nom
retrouver;18;ver
plusieurs;18;adj_ind
penser;18;ver
ouragan;18;nom
occasion;18;nom
mois;18;nom
léger;18;adj
ligne;18;nom
large;18;adj
lame;18;nom
français;18;adj
finir;18;ver
expérience;18;nom
elles;18;pro_per
d_abord;18;adv_sup
côté;18;nom
bruit;18;nom
blanc;18;adj
bientôt;18;adv
aérostat;18;nom
aussitôt;18;adv
altitude;18;nom
voyage;17;nom
violence;17;nom
trompette;17;nom
terminer;17;ver
telle;17;adj_ind
tapage;17;nom
tant;17;adv_sup
songer;17;ver
rive;17;nom
pôle;17;nom
prêt;17;adj
peine;17;nom
nature;17;nom
mécanique;17;nom
mon;17;adj_pos
modérer;17;ver
maintenir;17;ver
loin;17;adv_sup
lever;17;ver
journée;17;nom
globe;17;nom
glisser;17;ver
former;17;ver
devant;17;pre
continuer;17;ver
chatam;17;nr
anglais;17;adj
tempête;16;nom
tabatière;16;nom
sud_ouest;16;nom
simple;16;adj
secret;16;nom
rayon;16;nom
précipiter;16;ver
parc;16;nom
nouvelle;16;adj
nommer;16;ver
millier;16;nom
manière;16;nom
m;16;pro_per
limite;16;nom
honneur;16;nom
fuir;16;ver
fugitif;16;nom
fleuve;16;nom
côte;16;nom
coucher;16;ver
couche;16;nom
cap;16;nom
beau;16;adj
arbre;16;nom
ancien;16;adj
accord;16;nom
abaisser;16;ver
voler;15;ver
vivre;15;ver
regarder;15;ver
regard;15;nom
rapidement;15;adv
rapide;15;adj
pourquoi;15;con
pointe;15;nom
parvenir;15;ver
obtenir;15;ver
moyenne;15;nom
mont;15;nom
manquer;15;ver
lieue;15;nom
lieu;15;nom
inventeur;15;nom
françois;15;nr
essayer;15;ver
esprit;15;nom
corps;15;nom
condition;15;nom
compter;15;ver
compagnon;15;nom
ballonistes;15;nr
baleine;15;nom
autant;15;adv_sup
abandonner;15;ver
vallée;14;nom
traversée;14;nom
tourner;14;ver
tour;14;nom
soudain;14;adv_sup
situation;14;nom
remettre;14;ver
rapprocher;14;ver
promener;14;ver
pont;14;nom
onze;14;adj_num
observation;14;nom
moi;14;pro_per
mesure;14;nom
manoeuvre;14;nom
jusqu_au;14;pre
fond;14;nom
fin;14;nom
façon;14;nom
extraordinaire;14;adj
environ;14;nom_sup
enlever;14;ver
désert;14;adj
continent;14;nom
atlantique;14;adj
albatros;14;nom
épouvante;13;nom
époque;13;nom
élevé;13;adj
éclater;13;ver
x;13;adj_num
vrai;13;adj
vingt;13;adj_num
tendre;13;ver
tarder;13;ver
supérieur;13;adj
suivant;13;adj
suite;13;nom
résultat;13;nom
rue;13;nom
rencontrer;13;ver
relever;13;ver
recevoir;13;ver
public;13;adj
près_de;13;adv
projet;13;nom
plonger;13;ver
paroi;13;nom
pari;13;nom
noir;13;adj
méridien;13;nom
mécanicien;13;nom
mort;13;nom
master;13;nom
maison;13;nom
lorsqu;13;con
latitude;13;nom
hors;13;pre
habitant;13;nom
gaz;13;nom
foule;13;nom
explosion;13;nom
envoyer;13;ver
ensemble;13;adv
dès;13;pre
courir;13;ver
conquérant;13;nom
cartouche;13;nom
besoin;13;nom
baromètre;13;nom
ascensionnel;13;adj
armée;13;nom
animal;13;adj
affaire;13;nom
voici;12;pre
train;12;nom
timonier;12;nom
tandis_que;12;con
singulier;12;adj
sauter;12;ver
regagner;12;ver
pêche;12;nom
prodigieux;12;adj
pourtant;12;adv_sup
posséder;12;ver
plutôt;12;adv
planer;12;ver
pile;12;nom
personnage;12;nom
passage;12;nom
parallèle;12;adj
palais;12;nom
oublier;12;ver
ordre;12;nom
offrir;12;ver
miss;12;nom
lutter;12;ver
lueur;12;nom
jusqu;12;pre
inexplicable;12;adj
indigène;12;nom
gigantesque;12;adj
face;12;nom
endroit;12;nom
embarcation;12;nom
effroyable;12;adj
dahomey;12;nr
coq;12;nom
construire;12;ver
considérable;12;adj
combien;12;adv_sup
centre;12;nom
battre;12;ver
aéronaute;12;nom
aviation;12;nom
appeler;12;ver
étoile;11;nom
vérité;11;nom
suspension;11;nom
surtout;11;adv_sup
soixante;11;adj_num
silence;11;nom
septentrional;11;adj
salle;11;nom
saisir;11;ver
saint;11;nom
résoudre;11;ver
répéter;11;ver
roufles;11;nr
roi;11;nom
puissant;11;adj
précisément;11;adv
prouver;11;ver
pratique;11;nom
park;11;nr
par_dessus;11;pre
nul;11;adj_ind
mériter;11;ver
moteur;11;nom
millimètre;11;nom
midi;11;nom
jem;11;nr
imprimer;11;ver
importer;11;ver
important;11;adj
fusil;11;nom
frontière;11;nom
fonctionner;11;ver
fanal;11;nom
fairmont;11;nr
evidemment;11;nr
entourer;11;ver
décider;11;ver
droite;11;nom
disposition;11;nom
diminuer;11;ver
cyclone;11;nom
compte;11;nom
colère;11;nom
cip;11;nr
certes;11;adv_sup
casser;11;ver
canon;11;nom
cacher;11;ver
branche;11;nom
bout;11;nom
bois;11;nom
aérostats;11;nr
avancer;11;ver
au_delà;11;adv
attacher;11;ver
achever;11;ver
étendre;10;ver
établir;10;ver
épaule;10;nom
éloigner;10;ver
vieux;10;adj
valoir;10;ver
uns;10;pro_ind
tromper;10;ver
tirer;10;ver
tard;10;adv_sup
soutenir;10;ver
signe;10;nom
semblable;10;adj
réponse;10;nom
royaume;10;nom
river;10;ver
retenir;10;ver
rambarde;10;nom
quelconque;10;adj_sup
quart;10;nom
poste;10;nom
plan;10;nom
plaisir;10;nom
oeuvre;10;nom
obliger;10;ver
nécessaire;10;adj
nombreux;10;adj
niveau;10;nom
mèche;10;nom
meilleur;10;adj
masse;10;nom
malgré;10;pre
mal;10;adv_sup
lune;10;nom
littoral;10;nom
liquide;10;nom
juste;10;adj_sup
inconnu;10;adj
imaginer;10;ver
ici;10;adv_sup
humain;10;adj
head;10;nr
grâce;10;pre
fuite;10;nom
froid;10;adj
frapper;10;ver
fixer;10;ver
exécuter;10;ver
extrémité;10;nom
expliquer;10;ver
excellent;10;adj
engager;10;ver
déplacer;10;ver
déplacement;10;nom
document;10;nom
dehors;10;ono
couvrir;10;ver
constater;10;ver
chaque;10;adj_ind
chance;10;nom
certains;10;adj_ind
certainement;10;adv
cercle;10;nom
caspienne;10;nr
c_est_à_dire;10;adv_sup
boréal;10;adj
bas;10;adj
autour;10;adv_sup
attention;10;ono
assurer;10;ver
asie;10;nr
antarctique;10;adj
ancre;10;nom
amener;10;ver
ajouter;10;ver
afrique;10;nr
admettre;10;ver
accumulateur;10;nom
york;9;nom
vraiment;9;adv
votre;9;adj_pos
voile;9;nom
vingt_cinq;9;adj_num
vide;9;adj
veille;9;nom
vain;9;adj
tracer;9;ver
tombouctou;9;nr
tenter;9;ver
tel;9;adj_ind
tantôt;9;adv
suspendre;9;ver
spectacle;9;nom
signaler;9;ver
servir;9;ver
service;9;nom
schuylkill;9;nr
répliquer;9;ver
réparer;9;ver
réparation;9;nom
réduire;9;ver
réalité;9;nom
roche;9;nom
retour;9;nom
reposer;9;ver
reparaître;9;ver
quarante;9;adj_num
propos;9;nom
profond;9;adj
profiter;9;ver
prison;9;nom
pression;9;nom
pièce;9;nom
parole;9;nom
parce_que;9;con
origine;9;nom
ordinaire;9;adj
ombre;9;nom
obliquement;9;adv
note;9;nom
new;9;adj
munir;9;ver
modifier;9;ver
minuit;9;nom
kilogramme;9;nom
inutile;9;adj
interrompre;9;ver
intention;9;nom
inférieur;9;adj
hésiter;9;ver
hémisphère;9;nom
hurrah;9;nom
gêner;9;ver
général;9;adj
gros;9;adj
glace;9;nom
gagner;9;ver
forêt;9;nom
formidable;9;adj
forbes;9;nr
fonder;9;ver
fils;9;nom
fameux;9;adj
entrevoir;9;ver
enfuir;9;ver
détruire;9;ver
durer;9;ver
divers;9;adj_ind
disparition;9;nom
difficile;9;adj
cube;9;nom
contraire;9;nom
contenter;9;ver
colline;9;nom
chemin;9;nom
chef;9;nom
chaîne;9;nom
cesser;9;ver
certain;9;adj_ind
cellule;9;nom
carré;9;adj
capitaine;9;nom
bras;9;nom
bassin;9;nom
axe;9;nom
atterrir;9;ver
aspect;9;nom
appartenir;9;ver
apparition;9;nom
angle;9;nom
aide;9;nom
admirable;9;adj
absolument;9;adv
éviter;8;ver
étrange;8;adj
équipage;8;nom
éprouver;8;ver
échanger;8;ver
ça;8;pro_dem
zéro;8;nom
william;8;nom
vos;8;adj_pos
verticale;8;nom
venger;8;ver
troubler;8;ver
trente;8;adj_num
trace;8;nom
temple;8;nom
surprendre;8;ver
superbe;8;adj
solide;8;adj
semaine;8;nom
second;8;adj
sauver;8;ver
résistance;8;nom
rotation;8;nom
rompre;8;ver
riche;8;adj
repartir;8;ver
remorque;8;nom
refuser;8;ver
refaire;8;ver
redresser;8;ver
recherche;8;nom
quartier;8;nom
problème;8;nom
poudre;8;nom
position;8;nom
portion;8;nom
polaire;8;adj
plaine;8;nom
placer;8;ver
pic;8;nom
pavillon;8;nom
parfaire;8;ver
orage;8;nom
odeur;8;nom
obscurité;8;nom
objet;8;nom
naturel;8;adj
monstre;8;nom
menacer;8;ver
matière;8;nom
lutte;8;nom
lumière;8;nom
libre;8;adj
jouer;8;ver
jeu;8;nom
intérieur;8;adj
idée;8;nom
hôte;8;nom
horizontale;8;nom
honorable;8;adj
herbe;8;nom
hasard;8;nom
halte;8;ono
guère;8;adv
groupe;8;nom
geste;8;nom
filer;8;ver
favorable;8;adj
existence;8;nom
espérer;8;ver
entier;8;adj
enfermer;8;ver
développer;8;ver
départ;8;nom
dégager;8;ver
douteux;8;adj
douter;8;ver
domaine;8;nom
dollar;8;nom
discussion;8;nom
destiner;8;ver
demeurer;8;ver
danger;8;nom
célèbre;8;adj
curieux;8;adj
conquête;8;nom
clarté;8;nom
circonstance;8;nom
chinois;8;nom
changer;8;ver
chacun;8;pro_ind
bâtiment;8;nom
bureau;8;nom
brûler;8;ver
bowie;8;nr
bouche;8;nom
bolide;8;nom
bleu;8;adj
besogne;8;nom
balle;8;nom
auquel;8;pro_rel
audacieux;8;adj
année;8;nom
an;8;nom_sup
action;8;nom
abîme;8;nom
évasion;7;nom
épreuve;7;nom
élément;7;nom
yankee;7;nom
véritable;7;adj
voyageur;7;nom
violent;7;adj
village;7;nom
verticalement;7;adv
vengeance;7;nom
union;7;nom
trombe;7;nom
tourbillon;7;nom
toit;7;nom
taille;7;nom
sujet;7;nom
spécial;7;adj
sommet;7;nom
solidité;7;nom
situer;7;ver
sifflet;7;nom
savant;7;nom
sang_froid;7;nom
san_francisco;7;nom
salut;7;ono
réserver;7;ver
risquer;7;ver
représaille;7;nom
renard;7;nom
remarquer;7;ver
redescendre;7;ver
quels;7;adj_int
pur;7;adj
présenter;7;ver
prononcer;7;ver
procéder;7;ver
port;7;nom
population;7;nom
poisson;7;nom
poids;7;nom
poche;7;nom
pluie;7;nom
plein;7;pre
plaire;7;ver
passager;7;nom
partisan;7;nom
parfois;7;adv_sup
outre;7;pre
oser;7;ver
nord_ouest;7;nom
nombre;7;nom
neuf;7;adj_num
naufragé;7;nom
métallique;7;adj
million;7;nom_sup
mesurer;7;ver
merveilleux;7;adj
menace;7;nom
mauvais;7;adj
magnifique;7;adj
liberté;7;nom
knife;7;nr
journal;7;nom
inde;7;nom
incliner;7;ver
hélicoptère;7;nom
horn;7;nr
himalaya;7;nom
heureux;7;adj
heureusement;7;adv
golfe;7;nom
gauche;7;nom
frère;7;nom
france;7;nr
faim;7;nom
fabriquer;7;ver
etat;7;nr
etait;7;nr
dresser;7;ver
dormir;7;ver
dispute;7;nom
dimension;7;nom
différent;7;adj
céleste;7;adj
couleur;7;nom
coque;7;nom
convaincre;7;ver
construction;7;nom
chez;7;pre
chaud;7;adj
champ;7;nom
certaine;7;adj_ind
cause;7;nom
calculer;7;ver
bâillon;7;nom
bruyant;7;adj
brume;7;nom
bombe;7;nom
bande;7;nom
avenir;7;nom
avarie;7;nom
assemblée;7;nom
ascension;7;nom
approvisionnement;7;nom
ami;7;nom
aiguille;7;nom
aider;7;ver
ah;7;ono
actionner;7;ver
acte;7;nom
accroître;7;ver
accomplir;7;ver
accident;7;nom
13;7;num
évidemment;6;adv
étranger;6;nom
éteindre;6;ver
épouvantable;6;adj
élancer;6;ver
écouter;6;ver
éclatant;6;adj
voie;6;nom
visiter;6;ver
vif;6;adj
vert;6;adj
verre;6;nom
usine;6;nom
trente_sept;6;adj_num
trajectoire;6;nom
théorie;6;nom
terrain;6;nom
tentative;6;nom
température;6;nom
te;6;pro_per
séparer;6;ver
substance;6;nom
stationnaire;6;adj
sombre;6;adj
soirée;6;nom
simplement;6;adv
sensiblement;6;adv
semer;6;ver
sahara;6;nr
résister;6;ver
réfléchir;6;ver
russe;6;adj
roue;6;nom
retirer;6;ver
reprise;6;nom
repousser;6;ver
renoncer;6;ver
relativement;6;adv
redevenir;6;ver
rassurant;6;adj
ramener;6;ver
railway;6;nom
quelques_uns;6;pro_ind
quantité;6;nom
périr;6;ver
présence;6;nom
préparer;6;ver
provoquer;6;ver
protester;6;ver
propulsives;6;nr
propre;6;adj
propager;6;ver
projeter;6;ver
progrès;6;nom
profondeur;6;nom
presser;6;ver
prairie;6;nom
poussière;6;nom
police;6;nom
poitrine;6;nom
physique;6;adj
peur;6;nom
peuple;6;nom
pennsylvanie;6;nr
particulier;6;adj
partager;6;ver
papier;6;nom
opération;6;nom
occidental;6;adj
observateur;6;nom
nord_est;6;nom
niagara;6;nr
mêler;6;ver
météore;6;nom
méridional;6;adj
mât;6;nom
myriade;6;nom
muet;6;adj
moindre;6;adj_sup
meurtrier;6;nom
maximum;6;nom
mat;6;nom
manoeuvrer;6;ver
manger;6;ver
machinerie;6;nom
lui_même;6;pro_per
longueur;6;nom
longtemps;6;adv_sup
locomotive;6;nom
livrer;6;ver
ligue;6;nom
krebs;6;nr
juger;6;ver
jaune;6;adj
invention;6;nom
interminable;6;adj
instrument;6;nom
ignorer;6;ver
hydaspe;6;nr
habitude;6;nom
habiter;6;ver
grave;6;adj
gouvernail;6;nom
fry;6;nr
fait;6;nom
faillir;6;ver
facile;6;adj
exécution;6;nom
exercer;6;ver
employé;6;nom
emplir;6;ver
détroit;6;nom
déjeuner;6;nom
découvrir;6;ver
découverte;6;nom
dynamite;6;nom
durant;6;pre
diverses;6;adj_ind
disputer;6;ver
discuter;6;ver
dirigeable;6;nom
directeur;6;nom
digne;6;adj
créer;6;ver
croiser;6;ver
court;6;adj
contrée;6;nom
contenir;6;ver
considérer;6;ver
conduire;6;ver
communiquer;6;ver
colonne;6;nom
cheval;6;nom
charger;6;ver
certaines;6;adj_ind
cerf_volant;6;nom
celui_ci;6;pro_dem
causer;6;ver
capable;6;adj
camarade;6;nom
calmer;6;ver
bâtir;6;ver
bond;6;nom
aventure;6;nom
avantage;6;nom
augmenter;6;ver
audace;6;nom
attirer;6;ver
assurément;6;adv
arracher;6;ver
appui;6;nom
apprendre;6;ver
annoncer;6;ver
allonger;6;ver
adresser;6;ver
accompagner;6;ver
absolu;6;adj
épave;5;nom
émotion;5;nom
également;5;adv
écueil;5;nom
écouler;5;ver
éclat;5;nom
écart;5;nom
âme;5;nom
âgé;5;adj
walnut;5;nr
volontiers;5;adv_sup
vivant;5;adj
utiliser;5;ver
usage;5;nom
unique;5;adj
tumulte;5;nom
truk;5;nr
tranquillement;5;adv
traiter;5;ver
tort;5;nom
ton;5;nom_sup
terrible;5;adj
tendu;5;adj
taire;5;ver
sérieux;5;adj
symptôme;5;nom
surveiller;5;ver
surprise;5;nom
sud_est;5;nom
station;5;nom
souverain;5;nom
soute;5;nom
soulever;5;ver
souffler;5;ver
sommeil;5;nom
solidement;5;adv
société;5;nom
septembre;5;nom
sensible;5;adj
secours;5;nom
saluer;5;ver
sage;5;adj
sacrifice;5;nom
sable;5;nom
rome;5;nr
rivière;5;nom
rival;5;nom
risque;5;nom
rire;5;ver
retomber;5;ver
ressembler;5;ver
rayonner;5;ver
rare;5;adj
rapporter;5;ver
ramper;5;ver
ralentir;5;ver
quarante_cinq;5;adj_num
père;5;nom
prétendre;5;ver
provision;5;nom
province;5;nom
propulsion;5;nom
prolonger;5;ver
projection;5;nom
projectile;5;nom
proie;5;nom
probablement;5;adv
privé;5;adj
presqu_île;5;nom
poser;5;ver
portée;5;nom
plupart;5;adv_sup
planter;5;ver
plain;5;nom
permanent;5;adj
perfectionner;5;ver
pensée;5;nom
particulièrement;5;adv
parisien;5;adj
parcourir;5;ver
parage;5;nom
omaha;5;nr
nuée;5;nom
nos;5;adj_pos
nacelle;5;nom
métal;5;nom
muraille;5;nom
munition;5;nom
mouvoir;5;ver
morceau;5;nom
monument;5;nom
montréal;5;nr
moitié;5;nom
mobile;5;nom
milnor;5;nr
merveille;5;nom
matinée;5;nom
mars;5;nom
marin;5;nom
manifester;5;ver
malheureux;5;adj
magnétique;5;adj
lumineux;5;adj
lors;5;adv_sup
loi;5;nom
lesquelles;5;pro_rel
justifier;5;ver
jusque;5;pre
jardin;5;nom
inverse;5;nom
intérêt;5;nom
introuvable;5;adj
inquiéter;5;ver
infini;5;adj
indien;5;nom
incomparable;5;adj
impossibilité;5;nom
immobile;5;adj
illusion;5;nom
hypothèse;5;nom
humanité;5;nom
hiver;5;nom
histoire;5;nom
heurter;5;ver
grandir;5;ver
genre;5;nom
gascon;5;adj
fyn;5;nr
frémissement;5;nom
franc;5;nom
frais;5;adj
forcer;5;ver
fille;5;nom
feuille;5;nom
fermé;5;adj
fantaisie;5;nom
fanfare;5;nom
explosif;5;nom
explication;5;nom
exiger;5;ver
excessif;5;adj
estimer;5;ver
enragé;5;nom
ennemi;5;nom
enfant;5;nom
empêcher;5;ver
emparer;5;ver
dôme;5;nom
dérouler;5;ver
dérober;5;ver
déposer;5;ver
dépit;5;nom
délivrer;5;ver
décidément;5;adv
débris;5;nom
douzaine;5;nom
double;5;adj
dos;5;nom
domicile;5;nom
doll;5;nr
distancer;5;ver
descente;5;nom
davantage;5;adv_sup
cétacé;5;nom
cours;5;nom
constituer;5;ver
constant;5;adj
confondre;5;ver
complet;5;adj
communication;5;nom
col;5;nom
coffre;5;nom
circonférence;5;nom
cime;5;nom
chine;5;nom
cher;5;adj
chasse;5;nom
chant;5;nom
centrale;5;nom
ceci;5;pro_dem
cathédrale;5;nom
catastrophe;5;nom
carte;5;nom
canot;5;nom
brouillard;5;nom
beaucoup;5;adv_sup
bateau;5;nom
barrière;5;nom
balancer;5;ver
baisser;5;ver
baigner;5;ver
avril;5;nom
avis;5;nom
autrement;5;adv
aurore;5;nom
aujourd_hui;5;adv_sup
aube;5;pre
attaquer;5;ver
atmosphérique;5;adj
astronome;5;nom
assister;5;ver
arrivée;5;nom
archipel;5;nom
appuyer;5;ver
anéantir;5;ver
antérieur;5;adj
aimer;5;ver
affecter;5;ver
acide;5;nom
29;5;num
27;5;num
24;5;num
étonner;4;ver
étendue;4;nom
épais;4;adj
émerger;4;ver
élévation;4;nom
église;4;nom
égal;4;adj
éclairé;4;adj
éclairer;4;ver
écarter;4;ver
çà;4;adv
west;4;nr
voyager;4;ver
volute;4;nom
volcan;4;nom
vitre;4;nom
virer;4;ver
vigoureux;4;adj
vertical;4;adj
tôt;4;adv
typhon;4;nom
tu;4;pro_per
trou;4;nom
troisième;4;adj
travailler;4;ver
transporter;4;ver
trancher;4;ver
tissandier;4;nr
thermomètre;4;nom
tertre;4;nom
terrasse;4;nom
tension;4;nom
telles;4;adj_ind
teinte;4;nom
sûreté;4;nom
supposer;4;ver
supporter;4;ver
superficie;4;nom
succéder;4;ver
street;4;nr
souvent;4;adv_sup
soupir;4;nom
souffle;4;nom
soudan;4;nr
sonore;4;adj
solution;4;nom
soixante_quatorze;4;adj_num
soin;4;nom
sinon;4;con
sillonner;4;ver
siens;4;pro_pos
science;4;nom
sauvage;4;adj
saint_pierre;4;nom
sacrifier;4;ver
réussir;4;ver
réserve;4;nom
russie;4;nr
ruisseau;4;nom
royal;4;adj
revêtir;4;ver
revolver;4;nom
revoir;4;ver
retraite;4;nom
retourner;4;ver
respecter;4;ver
renfermer;4;ver
remplir;4;ver
remontant;4;nom
rejeter;4;ver
regrettable;4;adj
reflet;4;nom
refermer;4;ver
redoutable;4;adj
recul;4;nom
recommencer;4;ver
rattacher;4;ver
ramasser;4;ver
rail;4;nom
quoique;4;con
queue;4;nom
quatre_vingts;4;adj_num
quatre_vingt;4;adj_num
pétersbourg;4;nr
prévoir;4;ver
préoccuper;4;ver
précaution;4;nom
promenade;4;nom
probable;4;adj
principal;4;adj
pourvoir;4;ver
poster;4;ver
poltron;4;nom
politique;4;nom
pointer;4;ver
plongeon;4;nom
plancher;4;nom
plaindre;4;ver
phrase;4;nom
peser;4;ver
perpétuel;4;adj
parmi;4;pre
parachute;4;nom
palpitant;4;adj
palmier;4;nom
pain;4;nom
opposé;4;nom
opposer;4;ver
opinion;4;nom
office;4;nom
oeuf;4;nom
oblique;4;adj
oasis;4;nom
noyer;4;ver
nourrir;4;ver
neige;4;nom
nadar;4;nr
méditerrané;4;adj
mystérieux;4;adj
mystère;4;nom
murmurer;4;ver
mourir;4;ver
mormon;4;adj
montant;4;nom
mm;4;nom_sup
misérable;4;adj
ministre;4;nom
michigan;4;nr
mes;4;adj_pos
là_dessus;4;adv
lisière;4;nom
lire;4;ver
lesquels;4;pro_rel
lentement;4;adv
lacs;4;nom
jusqu_aux;4;nr
jambe;4;nom
intervenir;4;ver
intensité;4;nom
insulter;4;ver
inquiétude;4;nom
innombrable;4;adj
indoustan;4;nr
indice;4;nom
indication;4;nom
incrédule;4;adj
incruster;4;ver
incognito;4;adv
incident;4;nom
inaccessible;4;adj
impérial;4;adj
imprégner;4;ver
immédiatement;4;adv
imiter;4;ver
hurlement;4;nom
hublot;4;nom
hips;4;nr
habituel;4;adj
géant;4;adj
guerre;4;nom
gramme;4;nom
gouvernement;4;nom
giratoire;4;adj
giffard;4;nr
fête;4;nom
fureur;4;nom
front;4;nom
fouiller;4;ver
fonctionnement;4;nom
fonction;4;nom
fluide;4;adj
flanc;4;nom
figurer;4;ver
fermer;4;ver
faute;4;nom
fatiguer;4;ver
exprès;4;adj
express;4;adj
examiner;4;ver
exactitude;4;nom
estomac;4;nom
espèce;4;nom
espoir;4;nom
erié;4;nr
envoler;4;ver
entrée;4;nom
entretien;4;nom
entrer;4;ver
entamer;4;ver
enlèvement;4;nom
enfoncer;4;ver
emploi;4;nom
empire;4;nom
embarquer;4;ver
déterminer;4;ver
dépêcher;4;ver
démontrer;4;ver
durée;4;nom
dur;4;adj
doux;4;adj
doigt;4;nom
dizaine;4;nom
dix_huit;4;adj_num
distance;4;nom
dissiper;4;ver
disque;4;nom
directement;4;adv
dieu;4;nom
dessous;4;nom_sup
dessiner;4;ver
debout;4;adv_sup
crête;4;nom
croix;4;nom
cristal;4;nom
crainte;4;nom
coûter;4;ver
cou;4;nom
coquin;4;nom
conversation;4;nom
convenable;4;adj
condamner;4;ver
compartiment;4;nom
comparer;4;ver
compagnie;4;nom
commun;4;adj
colonie;4;nom
coin;4;nom
circulaire;4;adj
cinquantaine;4;nom
chiffrer;4;ver
chien;4;nom
chaleur;4;nom
ceux_ci;4;pro_dem
cesse;4;nom
cerveau;4;nom
central;4;adj
centième;4;nom
capsule;4;nom
caoutchouc;4;nom
canal;4;nom
canada;4;nom
campagne;4;nom
caisse;4;nom
cachemir;4;nr
but;4;nom
boussole;4;nom
boston;4;nom
blesser;4;ver
blanchir;4;ver
base;4;nom
bandeau;4;nom
banc;4;nom
azur;4;nom
avancé;4;adj
auteur;4;nom
au_dehors;4;adv
attentat;4;nom
apporter;4;ver
appliquer;4;ver
amazone;4;nom
allure;4;nom
allumer;4;ver
aigu;4;adj
admirer;4;ver
activité;4;nom
accueillir;4;ver
accrocher;4;ver
abri;4;nom
aboutir;4;ver
28;4;num
18;4;num
17;4;num
12;4;num
îlot;3;nom
évolution;3;nom
évoluer;3;ver
évident;3;adj
évidence;3;nom
évaluer;3;ver
étrangler;3;ver
étonnant;3;adj
éternel;3;adj
étamine;3;nom
établissement;3;nom
équilibre;3;nom
épuiser;3;ver
épargner;3;ver
éléphant;3;nom
élève;3;nom
électricité;3;nom
élection;3;nom
égard;3;nom
édifice;3;nom
écraser;3;ver
zénith;3;nom
wise;3;nr
watch;3;nr
wagon;3;nom
vôtres;3;pro_pos
volga;3;nr
voleter;3;ver
volatile;3;nom
vivement;3;adv
vive;3;ono
vite;3;adv_sup
vision;3;nom
visiblement;3;adv
victime;3;nom
viande;3;nom
verser;3;ver
verdoyant;3;adj
variété;3;nom
vanter;3;ver
vaisseau;3;nom
vague;3;nom
utilisation;3;nom
utah;3;nr
type;3;nom
trésorier;3;nom
troupeau;3;nom
tropique;3;nom
tribune;3;nom
translation;3;nom
transatlantique;3;nom
tournant;3;adj
torrent;3;nom
toile;3;nom
tibet;3;nr
thé;3;nom
terreur;3;nom
tatin;3;nom
tandis_qu;3;con
tableau;3;nom
sûr;3;adj
sécurité;3;nom
suspensif;3;adj
susceptible;3;adj
surplus;3;nom
supportable;3;adj
suisse;3;adj
suffisant;3;adj
sucre;3;nom
succès;3;nom
sublime;3;adj
stupéfaction;3;nom
steamer;3;nom
sourd;3;adj
soupçonner;3;ver
souffrir;3;ver
sonner;3;ver
sombrer;3;ver
solaire;3;adj
soixante_dix;3;adj_num
siècle;3;nom
singulièrement;3;adv
simoun;3;nom
signal;3;nom
serré;3;adj
serrer;3;ver
senteur;3;nom
sel;3;nom
seize;3;adj_num
secteur;3;nom
secrètement;3;adv
secourir;3;ver
schultze;3;nr
sauf;3;pre
satisfaire;3;ver
santé;3;nom
réveiller;3;ver
réseau;3;nom
république;3;nom
réflecteur;3;nom
récrimination;3;nom
récemment;3;adv
règle;3;nom
rule;3;nr
rouge;3;adj
rocheux;3;adj
rivage;3;nom
riposter;3;ver
rideau;3;nom
retentir;3;ver
retard;3;nom
resserrer;3;ver
ressac;3;nom
respirer;3;ver
repère;3;nom
rendement;3;nom
remorquer;3;ver
remarquable;3;adj
relâcher;3;ver
relier;3;ver
rejoindre;3;ver
rayer;3;ver
rassurer;3;ver
rappeler;3;ver
rang;3;nom
ramure;3;nom
railways;3;nr
rage;3;nom
raconter;3;ver
québec;3;nr
quelques_unes;3;pro_ind
quelles;3;adj_int
quatorze;3;adj_num
qualité;3;nom
pénétrer;3;ver
pâle;3;adj
puiser;3;ver
publicité;3;nom
prévision;3;nom
prévenir;3;ver
prétention;3;nom
précision;3;nom
précieux;3;adj
proue;3;nom
proposition;3;nom
proportion;3;nom
propice;3;adj
promettre;3;ver
prolongation;3;nom
profiler;3;ver
procédé;3;nom
prix;3;nom
privilège;3;nom
preuve;3;nom
possibilité;3;nom
possession;3;nom
ponton;3;nom
pompe;3;nom
policeman;3;nom
poignet;3;nom
plat;3;nom
pis;3;adv_sup
pigeon;3;nom
pesanteur;3;nom
perfection;3;nom
penchant;3;nom
paître;3;ver
paysage;3;nom
payer;3;ver
patience;3;nom
partout;3;adv_sup
pan;3;nom
paille;3;nom
oxygène;3;nom
ouargla;3;nr
ottawa;3;nr
orthoptère;3;nom
orographique;3;nr
oreille;3;nom
orchestre;3;nom
occurrence;3;nom
obéir;3;ver
nulle;3;adj_ind
noter;3;ver
norvégien;3;adj
norvège;3;nr
noeud;3;nom
niger;3;nr
neigeux;3;adj
nebraska;3;nr
national;3;adj
météorologique;3;adj
médiocre;3;adj
mâchoire;3;nom
multiplier;3;ver
mouiller;3;ver
mosquée;3;nom
moscou;3;nr
moral;3;nom
modification;3;nom
mode;3;nom
missouri;3;nr
minghan;3;nr
minaret;3;nom
melbourne;3;nr
meeting;3;nom
marine;3;adj
marché;3;nom
manteau;3;nom
mammifère;3;nom
mai;3;nom
magellan;3;nr
magasin;3;nom
légèreté;3;nom
légèrement;3;adv
légitime;3;adj
lunette;3;nom
loup;3;nom
lorgnette;3;nom
longitude;3;nom
londres;3;nr
loger;3;ver
livre;3;nom
lien;3;nom
levier;3;nom
landelle;3;nr
jurer;3;ver
john;3;nr
jeune;3;adj
jet;3;nom
jauger;3;ver
japon;3;nom
ironiquement;3;adv
ironique;3;adj
iowa;3;nr
invraisemblable;3;adj
invisible;3;adj
inventer;3;ver
intrépide;3;adj
introduire;3;ver
intestin;3;adj
intervention;3;nom
intense;3;adj
insister;3;ver
inquiétant;3;adj
inonder;3;ver
inoffensif;3;adj
injure;3;nom
indépendant;3;adj
industriel;3;adj
inattendu;3;adj
importance;3;nom
iceberg;3;nom
icare;3;nr
hôtel;3;nom
hâter;3;ver
hurler;3;ver
hudson;3;nr
horreur;3;nom
horizontalement;3;adv
horizontal;3;adj
honnête;3;adj
herr;3;nr
hein;3;ono
hausser;3;ver
haler;3;ver
habile;3;adj
gésir;3;ver
gré;3;nom
grouper;3;ver
goût;3;nom
glacé;3;adj
genou;3;nom
garçon;3;nom
fuégiens;3;nr
futaie;3;nom
frrrr;3;nr
foyer;3;nom
fournir;3;ver
fouler;3;ver
fou;3;adj
flot;3;nom
flamme;3;nom
filet;3;nom
fil;3;nom
faîtes;3;nr
faubourg;3;nom
far;3;nom
famille;3;nom
faible;3;adj
extrêmement;3;adv
exister;3;ver
exactement;3;adv
esturgeon;3;nom
erebus;3;nr
equateur;3;nr
envie;3;nom
envelopper;3;ver
entreprise;3;nom
entièrement;3;adv
entasser;3;ver
ensuite;3;adv_sup
engrenage;3;nom
encapuchonner;3;ver
encadrer;3;ver
employer;3;ver
effort;3;nom
edison;3;nr
dévier;3;ver
déverser;3;ver
développement;3;nom
désappointement;3;nom
désagréable;3;adj
dérive;3;nom
déraciner;3;ver
déplaire;3;ver
démonstration;3;nom
démener;3;ver
défense;3;nom
défendre;3;ver
dédain;3;nom
dédaigner;3;ver
déclarer;3;ver
déchaîner;3;ver
débarrasser;3;ver
dé;3;nom
dynamo;3;nom
duel;3;nom
dudit;3;pre
douer;3;ver
doucement;3;adv
doubler;3;ver
doodle;3;nr
domestique;3;nom
docteur;3;nom
dix_sept;3;adj_num
diviser;3;ver
distinguer;3;ver
distinctement;3;adv
disparu;3;nom
difficulté;3;nom
diamètre;3;nom
devancer;3;ver
deuil;3;nom
destruction;3;nom
derrière;3;pre
demi_heure;3;nom
dedans;3;adv_sup
dangereux;3;adj
céder;3;ver
cèdre;3;nom
cuisine;3;nom
croissant;3;nom
crocodile;3;nom
crever;3;ver
couteau;3;nom
couchette;3;nom
cote;3;nom
cosmique;3;adj
corpuscule;3;nom
convoi;3;nom
continu;3;adj
contestable;3;adj
conserve;3;nom
connecticut;3;nr
connaissance;3;nom
congélation;3;nom
congrès;3;nom
concurrent;3;nom
conclure;3;ver
concert;3;nom
compas;3;nom
commander;3;ver
combat;3;nom
collision;3;nom
coeur;3;nom
clef;3;nom
clameur;3;nom
city;3;nom
citadelle;3;nom
circuler;3;ver
choisir;3;ver
chicago;3;nr
chantier;3;nom
chacune;3;pro_ind
centrifuge;3;adj
celui_là;3;pro_dem
ceinture;3;nom
cataracte;3;nom
case;3;nom
caractère;3;nom
canadienne;3;adj
calotte;3;nom
calmir;3;ver
cage;3;nom
bâhadou;3;nr
bruissement;3;nom
britannia;3;nr
briller;3;ver
bref;3;adv
brave;3;adj
braquer;3;ver
bouteille;3;nom
bourreau;3;nom
boulevard;3;nom
bou;3;nr
bluff;3;nom
bas_fonds;3;nr
barrer;3;ver
barre;3;nom
banquise;3;nom
bailler;3;ver
baie;3;nom
aéroplane;3;nom
avouer;3;ver
aviateur;3;nom
aventurer;3;ver
autruche;3;nom
australie;3;nr
auparavant;3;adv_sup
au_devant;3;adv
attardé;3;nom
astrakan;3;nom
artillerie;3;nom
artificiel;3;adj
art;3;nom
arrêt;3;nom
arme;3;nom
arc_en_ciel;3;nom
arabe;3;nom
application;3;nom
appel;3;nom
apparence;3;nom
apaiser;3;ver
anormal;3;adj
angleterre;3;nom
analogue;3;adj
amécourt;3;nr
amoindrir;3;ver
ambiant;3;adj
aléoutiennes;3;nr
alpe;3;nom
alger;3;nr
aisément;3;adv
aigle;3;nom
agiter;3;ver
affût;3;nom
affluent;3;nom
adversaire;3;nom
adresse;3;nom
adepte;3;nom
acoustique;3;nom
acharné;3;adj
accumuler;3;ver
accidenté;3;nom
accepter;3;ver
aborder;3;ver
abord;3;nom
aboiement;3;nom
_jeannette;3;nr
21;3;num
20;3;num
19;3;num
1852;3;num
16;3;num
évaporation;2;nom
étude;2;nom
étroit;2;adj
étoilé;2;adj
éternellement;2;adv
étage;2;nom
éruption;2;nom
équinoxiale;2;nr
équilibré;2;adj
équatorial;2;adj
épouvanter;2;ver
épier;2;ver
énergie;2;nom
émoi;2;nom
électriquement;2;adv
éclair;2;nom
échelle;2;nom
ébullition;2;nom
àl;2;nr
zélande;2;nr
zi;2;nr
yédo;2;nr
yellowstone;2;nr
wydah;2;nr
wey;2;nr
washington;2;nr
walton;2;nr
w;2;nom
vésuve;2;nr
véritablement;2;adv
véhicule;2;nom
végétal;2;adj
vouer;2;ver
vomir;2;ver
volume;2;nom
volateurs;2;nr
voiture;2;nom
voisinage;2;nom
voisin;2;nom
vitré;2;adj
visser;2;ver
visible;2;adj
visage;2;nom
vingtaine;2;nom
vingt_quatre;2;adj_num
villeneuve;2;nr
villa;2;nom
vignoble;2;nom
vierge;2;nom
vertige;2;nom
ventre;2;nom
venise;2;nom
veiller;2;ver
varié;2;adj
varier;2;ver
variation;2;nom
vainement;2;adv
utopie;2;nom
user;2;ver
unes;2;pro_ind
ultérieur;2;adj
témérité;2;nom
témoin;2;nom
télégraphique;2;adj
télégramme;2;nom
tâtonnement;2;nom
tâter;2;ver
tâcher;2;ver
tunique;2;nom
trop_plein;2;nom
tronc;2;nom
tromblon;2;nom
trois_mâts;2;nom
triangle;2;nom
tremper;2;ver
trembler;2;ver
treize;2;adj_num
traînée;2;nom
transport;2;nom
transmettre;2;ver
transformer;2;ver
transe;2;nom
trait;2;nom
toucher;2;ver
touareg;2;adj
torpilleur;2;nom
tinder;2;nr
tendance;2;nom
tempérament;2;nom
tels;2;adj_ind
taureau;2;nom
tac;2;nom
sérieusement;2;adv
série;2;nom
suédois;2;nom
suspect;2;adj
survivant;2;nom
surveillance;2;nom
surnaturel;2;nom
surmonter;2;ver
surexciter;2;ver
surcroît;2;nom
supériorité;2;nom
succomber;2;ver
successivement;2;adv
subitement;2;adv
subir;2;ver
storm;2;nr
steppe;2;nom
steam;2;nr
spitzberg;2;nr
spinelli;2;nr
spectateur;2;nom
souvenir;2;ver
sourire;2;nom
soupçon;2;nom
soumettre;2;ver
soulager;2;ver
souci;2;nom
solstice;2;nom
solidifier;2;ver
soldat;2;nom
soixantième;2;nom
sivel;2;nr
sitôt;2;adv
sinueux;2;adj
simultanément;2;adv
signifier;2;ver
sierra;2;nom
sienne;2;pro_pos
serrure;2;nom
serpenter;2;ver
sentiment;2;nom
semis;2;nom
selon;2;pre
scarabée;2;nom
satisfaction;2;nom
sarrasin;2;nom
sarcasme;2;nom
sapin;2;nom
sang;2;nom
san;2;nr
salve;2;nom
salt;2;nr
saler;2;ver
saison;2;nom
sain;2;adj
sabre;2;nom
rêver;2;ver
rêve;2;nom
révéler;2;ver
révolution;2;nom
réverbération;2;nom
réunir;2;ver
rétablir;2;ver
résolument;2;adv
résistant;2;adj
répétition;2;nom
répandre;2;ver
réellement;2;adv
récriminer;2;ver
récit;2;nom
réaliser;2;ver
rythme;2;nom
rude;2;adj
ruban;2;nom
rozier;2;nr
roulement;2;nom
ronfler;2;ver
rohur;2;nr
rivalité;2;nom
rio;2;nr
revirement;2;nom
retarder;2;ver
restreindre;2;ver
ressource;2;nom
ressort;2;nom
respirable;2;adj
repas;2;nom
renvoyer;2;ver
renverser;2;ver
renouveler;2;ver
rencontre;2;nom
remplacer;2;ver
remerciement;2;nom
relèvement;2;nom
relevé;2;adj
relation;2;nom
relatif;2;adj
reine;2;nom
rein;2;nom
refuge;2;nom
refrain;2;nom
redouter;2;ver
reculer;2;ver
recueillir;2;ver
rectiligne;2;adj
recourir;2;ver
reconnaissable;2;adj
razzia;2;nom
rayonnement;2;nom
ravitailler;2;ver
rauque;2;adj
raréfaction;2;nom
raquette;2;nom
rapt;2;nom
rapetisser;2;ver
rangée;2;nom
ranger;2;ver
rallier;2;ver
racler;2;ver
race;2;nom
quête;2;nom
quinzième;2;nom
quiconque;2;pro_rel
querelle;2;nom
quatrième;2;adj
quarante_huit;2;adj_num
qualificatif;2;nom
pérouse;2;nr
pélican;2;nom
pékin;2;nom
pécher;2;ver
pâturage;2;nom
pyramide;2;nom
préparatif;2;nom
prématuré;2;adj
préférer;2;ver
préférence;2;nom
précédent;2;adj
précis;2;adj
prudence;2;nom
providence;2;nom
provenir;2;ver
provence;2;nr
propulsive;2;nr
proposer;2;ver
promontoire;2;nom
profondément;2;adv
profession;2;nom
produit;2;nom
proclamer;2;ver
prière;2;nom
principe;2;nom
prier;2;ver
poétiquement;2;adv
pot;2;nom
postérieur;2;adj
populaire;2;adj
poltronnerie;2;nom
poing;2;nom
plume;2;nom
platte;2;nr
plateau;2;nom
planant;2;adj
plaisanterie;2;nom
plaisanter;2;ver
pittoresque;2;adj
piquer;2;ver
pinte;2;nom
pin;2;nom
pilâtre;2;nr
pietrini;2;nr
phoque;2;nom
philadelphienne;2;nr
pesée;2;nom
perte;2;nom
perspective;2;nom
persistance;2;nom
perruche;2;nom
perdition;2;nom
percevoir;2;ver
percer;2;ver
penché;2;adj
pencher;2;ver
penaud;2;adj
patient;2;nom
passionner;2;ver
passion;2;nom
passerelle;2;nom
passant;2;nom
particule;2;nom
parfaitement;2;adv
pardonner;2;ver
paquet;2;nom
paquebot;2;nom
p;2;nr
ouvrage;2;nom
oural;2;nr
organe;2;nom
oregon;2;nr
ordonner;2;ver
orageux;2;adj
opérer;2;ver
optique;2;adj
ontario;2;nr
ondulation;2;nom
ombragé;2;adj
olfactu;2;nr
okhotsk;2;nr
oie;2;nom
oh;2;ono
odieux;2;adj
obéissant;2;adj
obstiner;2;ver
obscur;2;adj
obliquer;2;ver
objurgation;2;nom
népaul;2;nr
néanmoins;2;con
nu;2;adj
nourriture;2;nom
nier;2;ver
nid;2;nom
nevada;2;nr
naître;2;ver
navigation;2;nom
naval;2;adj
natal;2;adj
narquois;2;adj
nappe;2;nom
nantes;2;nr
nadi;2;nr
météorologistes;2;nr
météorologie;2;nom
mélanger;2;ver
mécanisme;2;nom
méandre;2;nom
mâle;2;nom
mythologique;2;adj
musical;2;adj
musculaire;2;adj
muscle;2;nom
mur;2;nom
multiple;2;adj
mugissement;2;nom
mu;2;nr
mouton;2;nom
mousqueterie;2;nom
moulin;2;nom
motif;2;nom
mordre;2;ver
montgolfière;2;nom
montagneux;2;adj
momentanément;2;adv
moeurs;2;nom
miroir;2;nom
minoterie;2;nr
minime;2;adj
milliard;2;nom
michel;2;nr
merveilleusement;2;adv
merci;2;ono
matériel;2;nom
mathématique;2;adj
massif;2;adj
marée;2;nom
marécageux;2;adj
marquis;2;nom
marquer;2;ver
marey;2;nr
marabout;2;nom
mandchou;2;adj
mandarin;2;nom
manche;2;nom
malheureusement;2;adv
majorité;2;nom
lôme;2;nr
légumistes;2;nr
légumiste;2;nr
lunaire;2;adj
louvrié;2;nr
louis;2;nom
lointain;2;adj
logique;2;adj
lnstitute;2;nr
liverpool;2;nr
linge;2;nom
lier;2;ver
letur;2;nr
lest;2;nom
lenteur;2;nom
lent;2;adj
lecteur;2;nom
laurent;2;nr
lamentation;2;nom
lamelle;2;nom
lake;2;nr
laing;2;nr
laghouat;2;nr
kremlin;2;nom
kasbah;2;nom
kamtchatka;2;nr
ka;2;nom
justice;2;nom
justement;2;adv
juge;2;nom
joujou;2;nom
joint;2;nom
joindre;2;ver
jobert;2;nr
jaunâtre;2;adj
japonais;2;adj
janvier;2;nom
jambon;2;nom
jaloux;2;adj
itinéraire;2;nom
island;2;nr
irrésistiblement;2;adv
inutilement;2;adv
intrus;2;nom
interruption;2;nom
interrupteur;2;nom
interroger;2;ver
insultant;2;adj
insuffisant;2;adj
installer;2;ver
insoluble;2;adj
infructueux;2;adj
indirigeable;2;nr
indifférent;2;adj
inconvénient;2;nom
incertitude;2;nom
incapable;2;adj
inabordable;2;adj
impénétrable;2;adj
impression;2;nom
imposer;2;ver
immobiliser;2;ver
imitation;2;nom
imagination;2;nom
illustre;2;adj
illuminer;2;ver
ii;2;nr
ignorant;2;adj
identique;2;adj
icarie;2;nr
hésitation;2;nom
hérisser;2;ver
hérat;2;nr
hélène;2;nr
hécatombe;2;nom
hâte;2;nom
hydrogène;2;nom
hutte;2;nom
humer;2;ver
humble;2;adj
houleux;2;adj
horrible;2;adj
honorer;2;ver
ho;2;ono
hirondeau;2;nom
herald;2;nr
henry;2;nom
hasarder;2;ver
harry;2;nr
harpon;2;nom
hall;2;nom
haleter;2;ver
haine;2;nom
géométrique;2;adj
généralement;2;adv
gémir;2;ver
gypaètes;2;nr
guinée;2;nom
grêle;2;nom
grossir;2;ver
groof;2;nr
grondement;2;nom
gris;2;adj
gravité;2;nom
grandeur;2;nom
goélette;2;nom
gousta;2;nr
gorge;2;nom
gonfler;2;ver
goat;2;nr
glucose;2;nom
glass;2;nom
glacier;2;nom
glacial;2;adj
gin;2;nom
gibier;2;nom
geyser;2;nom
gerbe;2;nom
gentleman;2;nom
galop;2;nom
gaine;2;nom
gaillard;2;nom
féroce;2;adj
futur;2;adj
fusée;2;nom
fusillade;2;nom
fumée;2;nom
fulminate;2;nom
frénétique;2;adj
frrr;2;nr
frottement;2;nom
franceville;2;nr
fracasser;2;ver
fougère;2;nom
foudre;2;nom
fossé;2;nom
fortune;2;nom
formule;2;nom
fonds;2;nom
foi;2;nom
flèche;2;nom
flottant;2;adj
flexible;2;adj
firmament;2;nom
finmark;2;nr
filtrer;2;ver
figure;2;nom
ficher;2;ver
ficeler;2;ver
ferré;2;adj
femme;2;nom
faîte;2;nom
faveur;2;nom
fatigue;2;nom
fantaisiste;2;adj
famine;2;nom
falls;2;nr
faiblesse;2;nom
faciliter;2;ver
fabrication;2;nom
extérieurement;2;adv
extérieur;2;nom
expérimenter;2;ver
expédier;2;ver
exprimer;2;ver
expression;2;nom
exposition;2;nom
exposer;2;ver
exemple;2;nom
excepté;2;pre
exagérer;2;ver
exact;2;adj
everest;2;nr
eux_mêmes;2;pro_per
européen;2;adj
etc;2;adv
etant;2;nr
essence;2;nom
envier;2;ver
envers;2;pre
enveloppe;2;nom
envahir;2;ver
entretenir;2;ver
enthousiasme;2;nom
ensevelir;2;ver
enrayer;2;ver
enquête;2;nom
enfiler;2;ver
enceinte;2;adj
emmener;2;ver
embrasser;2;ver
embarrassant;2;adj
el;2;nr
effleurer;2;ver
effectuer;2;ver
edimbourg;2;nr
ecoutez;2;nr
dévorer;2;ver
détonation;2;nom
détail;2;nom
détacher;2;ver
désireux;2;adj
désirer;2;ver
désespéré;2;adj
déranger;2;ver
déployer;2;ver
dépendre;2;ver
dénoter;2;ver
délicat;2;adj
défunt;2;nom
définitivement;2;adv
défaut;2;nom
décrire;2;ver
découper;2;ver
déconcerter;2;ver
déclaration;2;nom
décharge;2;nom
dupuy;2;nr
dunkerque;2;nom
duna;2;nr
don;2;nom
dix_neuf;2;adj_num
distribuer;2;ver
distraire;2;ver
dissimuler;2;ver
disperser;2;ver
disloqué;2;adj
disloquer;2;ver
discours;2;nom
direct;2;adj
diminution;2;nom
dilaté;2;adj
différence;2;nom
difficilement;2;adv
diable;2;ono
deuxième;2;adj
destination;2;nom
dessus;2;adv_sup
desideratum;2;nr
description;2;nom
densité;2;nom
demeure;2;nom
demain;2;adv_sup
date;2;nom
damier;2;nom
damavend;2;nr
dahomiens;2;nr
cérémonie;2;nom
culasse;2;nom
cuivré;2;adj
crépusculaire;2;adj
crépu;2;adj
crépitement;2;nom
crâne;2;nom
crocé;2;nr
crampe;2;nom
coyote;2;nom
couverture;2;nom
couronner;2;ver
cour;2;nom
coude;2;nom
cossu;2;adj
cortège;2;nom
correspondre;2;ver
corne;2;nom
convenance;2;nom
continuation;2;nom
contigu;2;adj
contempler;2;ver
conséquence;2;nom
consulter;2;ver
constamment;2;adv
conserver;2;ver
consentir;2;ver
conique;2;adj
confusément;2;adv
confins;2;nom
conclusion;2;nom
concevoir;2;ver
compromettre;2;ver
composition;2;nom
composer;2;ver
company;2;nr
commencement;2;nom
comble;2;nom
combiner;2;ver
colossal;2;adj
colombia;2;nr
collège;2;nom
coller;2;ver
college;2;nr
clore;2;ver
cloison;2;nom
clocher;2;nom
cloche;2;nom
cirque;2;nom
circulation;2;nom
cincinnati;2;nr
château;2;nom
chonas;2;nr
choc;2;nom
chiffon;2;nom
cheveu;2;nom
cheval_vapeur;2;nom
chemise;2;nom
cheminée;2;nom
chef_lieu;2;nom
chauve_souris;2;nom
chauffer;2;ver
chaudière;2;nom
chasser;2;ver
chariot;2;nom
chaos;2;nom
chalet;2;nom
centimètre;2;nom
celles_ci;2;pro_dem
celles;2;pro_dem
celle_ci;2;pro_dem
cauchemar;2;nom
carpe;2;nom
caravane;2;nom
capture;2;nom
captif;2;nom
capricieux;2;adj
caprice;2;nom
capacité;2;nom
canton;2;nom
canne;2;nom
cancer;2;nom
camille;2;nr
californien;2;adj
caleçon;2;nom
caler;2;ver
calculateur;2;nom
calcul;2;nom
cadavre;2;nom
cabot;2;nom
béléguic;2;nr
buisson;2;nom
brutalement;2;adv
brouhaha;2;nom
bris;2;nom
brique;2;nom
breveté;2;adj
brevet;2;nom
brandy;2;nom
boîte;2;nom
boutonner;2;ver
bouquet;2;nom
bouilli;2;adj
bonnement;2;adv
bonheur;2;nom
bondir;2;ver
boats;2;nr
bloc;2;nom
blancheur;2;nom
bizarre;2;adj
berlin;2;nom
behring;2;nr
battement;2;nom
barque;2;nom
bambou;2;nom
bain;2;nom
aérostier;2;nom
aérostatique;2;nr
aviron;2;nom
avantistes;2;nr
avance;2;nom
auxquels;2;pro_rel
australasie;2;nr
aurifère;2;adj
auprès_de;2;nr
aucunement;2;adv_sup
attribuer;2;ver
attraction;2;nom
attitude;2;nom
attentivement;2;adv
attaque;2;nom
astronomie;2;nom
astre;2;nom
assommer;2;ver
asphyxie;2;nom
ashourada;2;nr
artilleuses;2;nr
artifice;2;nom
arrondir;2;ver
arriéristes;2;nr
arquebuse;2;nom
armer;2;ver
argument;2;nom
argentin;2;adj
argent;2;nom
ardrah;2;nr
architecture;2;nom
arc;2;nom
arborer;2;ver
août;2;nom
antipode;2;nom
anonyme;2;adj
annonce;2;nom
améric;2;nr
aménagement;2;nom
amphithéâtre;2;nom
amitié;2;nom
amateur;2;nom
amas;2;nom
allumé;2;adj
allemand;2;adj
alimenter;2;ver
algérien;2;adj
alarme;2;nom
aise;2;nom
aimable;2;adj
aigre;2;adj
aggraver;2;ver
agent;2;nom
africain;2;adj
affluer;2;ver
affaler;2;ver
admissible;2;adj
actuellement;2;adv
activement;2;adv
acier;2;nom
accélérer;2;ver
accuser;2;ver
accueil;2;nom
accourir;2;ver
accorder;2;ver
accentuer;2;ver
accalmie;2;nom
abus;2;nom
absurde;2;adj
absorber;2;ver
absent;2;adj
abonner;2;ver
abomey;2;nr
abattre;2;ver
_de_visu;2;nr
_de;2;nr
6;2;num
4;2;num
3;2;num
23;2;num
22;2;num
2;2;num
1884;2;num
1872;2;num
1863;2;num