de;2027;pre
la;1298;art_def
et;1093;con
être;1092;aux
le;1067;art_def
à;800;pre
l;773;art_def
avoir;752;aux
les;682;art_def
un;624;art_ind
il;617;pro_per
d;540;pre
qui;506;pro_rel
ne;499;adv_sup
en;495;pre
une;457;art_ind
elle;434;pro_per
que;420;pro_rel
dans;374;pre
du;366;art_def
des;344;art_ind
vous;332;pro_per
se;325;pro_per
qu;290;con
m;288;pro_per
je;285;pro_per
pas;276;adv_sup
ce;274;pro_dem
s;273;pro_per
au;264;art_def
son;252;adj_pos
mais;243;con
faire;233;ver_sup
on;226;pro_per
sa;213;adj_pos
goëtzi;213;nr
pour;204;pre
par;202;pre
dire;193;ver_sup
comme;190;con
ses;189;adj_pos
tout;175;pro_ind
plus;169;adv_sup
notre;159;adj_pos
sur;157;pre
anna;154;nr
c;153;pro_dem
avec;153;pre
lui;146;pro_per
bien;143;adv_sup
y;140;pro_per
nous;139;pro_per
pouvoir;127;ver_sup
aller;127;ver
cette;126;adj_dem
comte;114;nom
voir;113;ver
si;112;con
où;111;pro_rel
merry;110;nr
j;105;pro_per
bones;105;nr
deux;104;adj_num
ces;97;adj_dem
même;91;pro_ind
ils;91;pro_per
me;85;pro_per
jeune;84;adj
cornelia;81;nr
jack;78;nom
sans;71;pre
grand;71;adj
cercueil;71;nom
vampire;70;nom
prendre;69;ver
ned;69;nr
mon;69;adj_pos
mettre;69;ver
cela;69;pro_dem
fois;68;nom
aux;67;art_def
tiberio;66;nr
quand;66;con
homme;66;nom
venir;62;ver
tous;62;pro_ind
savoir;62;ver_sup
petit;62;adj
encore;62;adv_sup
leur;61;pro_per
édouard;60;nr
temps;60;nom
coup;60;nom
bon;60;adj_sup
polly;59;nr
heure;59;nom
barton;58;nr
oeil;57;nom
grey;57;nr
vouloir;56;ver_sup
passer;56;ver
entendre;56;ver
devoir;56;ver_sup
nuit;55;nom
peu;54;nom_sup
dont;54;pro_rel
après;54;pre
sous;53;pre
répondre;53;ver
ou;53;con
ma;53;adj_pos
femme;53;nom
rester;52;ver
autre;52;pro_ind
demander;51;ver
letizia;50;nr
porte;49;nom
trouver;48;ver
premier;48;adj
entre;48;pre
donner;48;ver
car;48;con
vers;47;pre
nos;47;adj_pos
arriver;47;ver
point;46;nom_sup
main;46;nom
beau;46;adj
parler;45;ver
ni;45;con
jour;45;nom
fer;44;nom
coeur;44;nom
chose;44;nom
aussi;44;adv_sup
toutes;43;pro_ind
pendant;43;pre
là;43;ono
fille;43;nom
tête;42;nom
ouvrir;42;ver
château;42;nom
chambre;42;nom
penser;41;ver
moi;41;pro_per
croire;41;ver_sup
anglais;41;adj
voix;40;nom
montefalcone;40;nr
dernier;40;adj
très;39;adv_sup
rien;39;pro_ind
pauvre;39;adj
vieux;38;adj
t;38;pro_per
nom;38;nom
toute;37;adj_ind
moment;37;nom
ainsi;37;adv_sup
vert;36;adj
seul;36;adj
lettre;36;nom
instant;36;nom
votre;35;adj_pos
non;35;pro_per
mort;35;nom
miss;35;nom
maison;35;nom
damoiseau;35;nom
long;34;adj
déjà;34;ono
ami;34;nom
trou;33;nom
rendre;33;ver
noir;33;adj
entrer;33;ver
dieu;33;nom
écrier;32;ver
trop;32;adv_sup
regarder;32;ver
porter;32;ver
alors;32;adv_sup
tomber;31;ver
tenir;31;ver
sembler;31;ver
pied;31;nom
aussitôt;31;adv
ville;30;nom
tour;30;nom
quelque;30;adj_ind
leurs;30;adj_pos
greete;30;nr
falloir;30;ver_sup
double;30;adj
côté;30;nom
cet;30;adj_dem
appeler;30;ver
air;30;nom
trois;29;adj_num
sang;29;nom
quelques;29;adj_ind
personne;29;pro_ind
moins;29;adv_sup
ici;29;adv_sup
chien;29;nom
toujours;28;adv_sup
garder;28;ver
corps;28;nom
cher;28;adj
vivre;27;ver
tu;27;pro_per
sortir;27;ver
lueur;27;nom
laisser;27;ver
bas;27;adj
assez;27;adv_sup
vrai;26;adj
rire;26;ver
jusqu_à;26;pre
idée;26;nom
cheveu;26;nom
bruit;26;nom
beaucoup;26;adv_sup
avant;26;pre
vie;25;nom
silence;25;nom
radcliffe;25;nr
perdre;25;ver
monde;25;nom
jamais;25;adv_sup
enfin;25;adv_sup
depuis;25;pre
crier;25;ver
mes;24;adj_pos
irlandais;24;adj
apercevoir;24;ver
aimer;24;ver
tant;23;adv_sup
route;23;nom
pallanti;23;nr
mourir;23;ver
marcher;23;ver
maintenant;23;adv_sup
lit;23;nom
eux;23;pro_per
d_abord;23;adv_sup
chaque;23;adj_ind
bras;23;nom
boire;23;ver
ancien;23;adj
voyage;22;nom
soir;22;nom
seulement;22;adv
puis;22;con
milieu;22;nom
lieu;22;nom
jouer;22;ver
honneur;22;nom
autres;22;pro_ind
aubergiste;22;nom
parole;21;nom
horloge;21;nom
histoire;21;nom
garçon;21;nom
fermer;21;ver
famille;21;nom
effet;21;nom
devenir;21;ver
courir;21;ver
comment;21;con
recevoir;20;ver
pourquoi;20;con
partir;20;ver
parce_que;20;con
mylady;20;nr
mot;20;nom
mieux;20;adv_sup
maître;20;nom
malheureux;20;adj
gens;20;nom
donc;20;con
cri;20;nom
coucher;20;ver
commencer;20;ver
ward;19;nr
terre;19;nom
suivre;19;ver
servir;19;ver
sentir;19;ver
place;19;nom
paraître;19;ver
montrer;19;ver
monter;19;ver
matin;19;nom
fin;19;nom
dormir;19;ver
derrière;19;pre
chauve;19;nom
bonheur;19;nom
autour;19;adv_sup
an;19;nom_sup
witt;18;nr
voilà;18;pre
travers;18;nom
sonner;18;ver
signor;18;nom
presque;18;adv_sup
perroquet;18;nom
moyen;18;adj
mouvement;18;nom
malgré;18;pre
frapper;18;ver
feu;18;nom
essayer;18;ver
docteur;18;nom
contre;18;pre
ciel;18;nom
bière;18;nom
au_dessus;18;pre
sélène;17;nr
reconnaître;17;ver
peut_être;17;adv_sup
peine;17;nom
pays;17;nom
mal;17;adv_sup
loin;17;adv_sup
enfant;17;nom
eau;17;nom
corny;17;nr
compagnon;17;nom
chacun;17;pro_ind
celui;17;pro_dem
blanc;17;adj
bird;17;nr
aucune;17;adj_ind
auberge;17;nom
arrêter;17;ver
tourner;16;ver
rotterdam;16;nr
reprendre;16;ver
regard;16;nom
quoi;16;pro_rel
quatre;16;adj_num
pensée;16;nom
partie;16;nom
parmi;16;pre
nouveau;16;adj
lumière;16;nom
jeter;16;ver
gauche;16;nom
fond;16;nom
cheval;16;nom
charger;16;ver
bout;16;nom
aucun;16;adj_ind
amitié;16;nom
ajouter;16;ver
éveiller;15;ver
écouter;15;ver
sujet;15;adj
souvenir;15;ver
salle;15;nom
revenir;15;ver
pâle;15;adj
pousser;15;ver
oiseau;15;nom
muraille;15;nom
mlle;15;nom_sup
lire;15;ver
humain;15;adj
gros;15;adj
fort;15;adj_sup
elles;15;pro_per
droite;15;nom
diable;15;ono
coquin;15;nom
chercher;15;ver
araignée;15;nom
apprendre;15;ver
affaire;15;nom
traverser;14;ver
surtout;14;adv_sup
suite;14;nom
rêve;14;nom
retourner;14;ver
quitter;14;ver
pareil;14;adj
oui;14;adv_sup
ordre;14;nom
or;14;con
noce;14;nom
montagne;14;nom
minute;14;nom
mesure;14;nom
lever;14;ver
jambe;14;nom
haut;14;adj
force;14;adj_ind
fils;14;nom
figure;14;nom
eh;14;ono
doux;14;adj
douairier;14;nom
dame;14;nom
connaître;14;ver
état;13;nom
épaule;13;nom
rouge;13;adj
plusieurs;13;adj_ind
plein;13;adj
permettre;13;ver
nature;13;nom
magnus;13;nr
forme;13;nom
cuiller;13;nom
comprendre;13;ver
cependant;13;con
attendre;13;ver
angleterre;13;nom
aile;13;nom
ah;13;ono
agir;13;ver
97;13;num
vos;12;adj_pos
vivant;12;adj
sûr;12;adj
statue;12;nom
sourire;12;nom
saisir;12;ver
question;12;nom
quelle;12;adj_int
pourtant;12;adv_sup
position;12;nom
mariage;12;nom
manquer;12;ver
lune;12;nom
loos;12;nr
large;12;adj
laquelle;12;pro_rel
inconnu;12;nom
hollande;12;nom
gentleman;12;nom
fuir;12;ver
extraordinaire;12;adj
expliquer;12;ver
elle_même;12;pro_per
désormais;12;adv
devant;12;pre
créature;12;nom
continuer;12;ver
clef;12;nom
énorme;11;adj
âge;11;nom
william;11;nom
voûte;11;nom
visage;11;nom
vent;11;nom
unique;11;adj
semlin;11;nr
répéter;11;ver
raconter;11;ver
quoique;11;con
quant;11;nom_sup
propre;11;adj
presser;11;ver
poêle;11;nom
oublier;11;ver
oreille;11;nom
musique;11;nom
mauvais;11;adj
lèvre;11;nom
livrer;11;ver
livre;11;nom
juste;11;adj_sup
fuchs;11;nr
fiole;11;nom
fenêtre;11;nom
entourer;11;ver
entier;11;adj
ensemble;11;adv
employer;11;ver
dos;11;nom
disparaître;11;ver
descendre;11;ver
dehors;11;ono
cottage;11;nom
chemin;11;nom
changer;11;ver
certain;11;adj_ind
cerceau;11;nom
cendre;11;nom
caractère;11;nom
campagne;11;nom
bientôt;11;adv
besoin;11;nom
bataille;11;nom
auprès_de;11;nr
approcher;11;ver
apporter;11;ver
aide;11;nom
étrange;10;adj
vérité;10;nom
voici;10;pre
vague;10;nom
tirer;10;ver
songer;10;ver
singulier;10;adj
second;10;adj
rompre;10;ver
retirer;10;ver
rencontrer;10;ver
prononcer;10;ver
poitrine;10;nom
offrir;10;ver
obéir;10;ver
objet;10;nom
mêler;10;ver
monstre;10;nom
marier;10;ver
lointain;10;adj
jebb;10;nr
italien;10;adj
infortuné;10;adj
héritier;10;nom
horrible;10;adj
glisser;10;ver
froid;10;adj
façon;10;nom
emporter;10;ver
dix;10;adj_num
couper;10;ver
coucou;10;nom
corridor;10;nom
chez;10;pre
ceux;10;pro_dem
celle;10;pro_dem
besogne;10;nom
autant;10;adv_sup
asseoir;10;ver
apparaître;10;ver
amener;10;ver
ailleurs;10;adv_sup
âme;9;nom
trait;9;nom
ton;9;nom_sup
terme;9;nom
stafford;9;nr
sorte;9;nom
soin;9;nom
secours;9;nom
répliquer;9;ver
rue;9;nom
robe;9;nom
rideau;9;nom
ressembler;9;ver
rentrer;9;ver
quelqu_un;9;pro_ind
quel;9;adj_int
père;9;nom
puisque;9;con
prier;9;ver
posséder;9;ver
possible;9;adj
pont;9;nom
passage;9;nom
parent;9;nom
outre;9;pre
ordonner;9;ver
naître;9;ver
mystère;9;nom
murmurer;9;ver
mille;9;adj_num
mer;9;nom
marquer;9;ver
manger;9;ver
lourd;9;adj
londres;9;nr
liberté;9;nom
larme;9;nom
lancer;9;ver
jusqu_au;9;pre
joie;9;nom
intérieur;9;adj
introduire;9;ver
interrompre;9;ver
ignorer;9;ver
groupe;9;nom
fête;9;nom
entrée;9;nom
ennemi;9;nom
enlever;9;ver
empêcher;9;ver
défendre;9;ver
droit;9;nom
doute;9;nom
divers;9;adj_ind
crâne;9;nom
croiser;9;ver
couleur;9;nom
compter;9;ver
composer;9;ver
complet;9;adj
cloche;9;nom
chevelure;9;nom
charbon;9;nom
chandelle;9;nom
chair;9;nom
centre;9;nom
cause;9;nom
capitaine;9;nom
cacher;9;ver
bouche;9;nom
bonhomme;9;nom
bois;9;nom
balcon;9;nom
avance;9;nom
arrivée;9;nom
arracher;9;ver
appartenir;9;ver
anne;9;nr
amour;9;nom
étonner;8;ver
walter;8;nom
vite;8;adv_sup
toucher;8;ver
tombeau;8;nom
tinter;8;ver
terrible;8;adj
terreur;8;nom
te;8;pro_per
tard;8;adv_sup
sépulcre;8;nom
séparer;8;ver
supposer;8;ver
soulever;8;ver
sommeil;8;nom
soleil;8;nom
serpent;8;nom
scott;8;nr
sauver;8;ver
sauter;8;ver
rayon;8;nom
rapprocher;8;ver
quoiqu;8;nr
présenter;8;ver
précepteur;8;nom
profondeur;8;nom
profond;8;adj
produire;8;ver
principal;8;adj
poursuivre;8;ver
poser;8;ver
plutôt;8;adv
placer;8;ver
pièce;8;nom
peuple;8;nom
percer;8;ver
paysan;8;nom
patron;8;nom
part;8;nom
paquet;8;nom
ordinaire;8;adj
ombre;8;nom
occasion;8;nom
nombre;8;nom
mère;8;nom
marbre;8;nom
malheur;8;nom
maigre;8;adj
là_dedans;8;adv
lui_même;8;pro_per
louer;8;ver
livide;8;adj
jusque;8;pre
juger;8;ver
immense;8;adj
grec;8;nom
gorge;8;nom
franchir;8;ver
flamme;8;nom
faim;8;nom
faible;8;adj
esprit;8;nom
environ;8;nom_sup
elvina;8;nr
détail;8;nom
dès;8;pre
diverses;8;adj_ind
deviner;8;ver
demi;8;adj_sup
cruel;8;adj
couvrir;8;ver
contenir;8;ver
conseil;8;nom
colonne;8;nom
cinq;8;adj_num
charmant;8;adj
chanter;8;ver
champ;8;nom
cesser;8;ver
cent;8;adj_num
cas;8;nom
brûler;8;ver
briller;8;ver
brave;8;adj
blond;8;nom
auprès;8;pre
apparence;8;nom
animal;8;nom
ange;8;nom
adresser;8;ver
achever;8;ver
étage;7;nom
épingle;7;nom
élève;7;nom
élevé;7;adj
éducation;7;nom
éclater;7;ver
éclairer;7;ver
vaste;7;adj
vacance;7;nom
tuyau;7;nom
tromper;7;ver
toi;7;pro_per
tandis_que;7;con
table;7;nom
suffire;7;ver
style;7;nom
situer;7;ver
sinistre;7;adj
simple;7;adj
signer;7;ver
secouer;7;ver
seconde;7;nom
savant;7;nom
récit;7;nom
riche;7;adj
représenter;7;ver
remettre;7;ver
qualité;7;nom
présence;7;nom
prisonnier;7;adj
porphyre;7;nom
pleurer;7;ver
pierre;7;nom
peur;7;nom
pari;7;nom
papier;7;nom
paire;7;nom
occuper;7;ver
observer;7;ver
obscurité;7;nom
nombreux;7;adj
naturellement;7;adv
mystérieux;7;adj
moïse;7;nom
monsieur;7;nom_sup
mois;7;nom
midi;7;nom
merveille;7;nom
membre;7;nom
meilleur;7;adj
mars;7;nom
longtemps;7;adv_sup
libre;7;adj
lendemain;7;nom_sup
justement;7;adv
jusqu_aux;7;nr
infâme;7;adj
horreur;7;nom
hasard;7;nom
gagner;7;ver
français;7;adj
fournir;7;ver
fortune;7;nom
former;7;ver
fleur;7;nom
fixer;7;ver
fil;7;nom
excellent;7;adj
espoir;7;nom
escalier;7;nom
ensuite;7;adv_sup
effort;7;nom
ecclésiastique;7;adj
dôme;7;nom
distance;7;nom
diriger;7;ver
dent;7;nom
demeure;7;nom
cuir;7;nom
courage;7;nom
correspondance;7;nom
contraire;7;nom
contempler;7;ver
consentir;7;ver
conduire;7;ver
commun;7;nom
cohue;7;nom
cirque;7;nom
cheminée;7;nom
cercle;7;nom
battre;7;ver
aujourd_hui;7;adv_sup
attention;7;ono
attacher;7;ver
aise;7;nom
acheter;7;ver
accompagner;7;ver
ô;6;ono
événement;6;nom
étroit;6;adj
étranger;6;nom
établir;6;ver
épouser;6;ver
époque;6;nom
éloigner;6;ver
élever;6;ver
église;6;nom
égard;6;nom
écrire;6;ver
écraser;6;ver
échelle;6;nom
voyageur;6;nom
voler;6;ver
voisin;6;nom
villageois;6;nom
vengeance;6;nom
valoir;6;ver
valet;6;nom
vaguement;6;adv
usage;6;nom
udolphe;6;nr
triste;6;adj
trembler;6;ver
transparent;6;adj
tranquille;6;adj
terminer;6;ver
telle;6;adj_ind
talon;6;nom
taille;6;nom
szegeli;6;nr
sur_le_champ;6;adv
splendide;6;adj
soudain;6;adj_sup
sommet;6;nom
sombre;6;adj
sol;6;nom
sir;6;nom
serrure;6;nom
sentiment;6;nom
selon;6;pre
seigneur;6;nom
rôle;6;nom
réveiller;6;ver
réponse;6;nom
ruer;6;ver
rouler;6;ver
ronde;6;nom
rond;6;nom
richesse;6;nom
retrouver;6;ver
repartir;6;ver
remonter;6;ver
relever;6;ver
rapport;6;nom
rappeler;6;ver
rapidité;6;nom
précipiter;6;ver
poche;6;nom
plaisir;6;nom
peterwardein;6;nr
patte;6;nom
partout;6;adv_sup
partager;6;ver
paroi;6;nom
ouvrage;6;nom
os;6;nom
orgie;6;nom
odeur;6;nom
nécessaire;6;adj
nouvelle;6;adj
noblesse;6;nom
naturel;6;adj
moitié;6;nom
meuse;6;nr
maîtresse;6;nom
mausolée;6;nom
malheureusement;6;adv
magnifique;6;adj
lieue;6;nom
langue;6;nom
joli;6;adj
joindre;6;ver
jaune;6;adj
instituteur;6;nom
important;6;adj
image;6;nom
humeur;6;nom
heureux;6;adj
goût;6;nom
gouffre;6;nom
garçonnet;6;nom
fugitif;6;nom
flanc;6;nom
favorable;6;adj
face;6;nom
excès;6;nom
esclavon;6;nr
esclave;6;nom
envoyer;6;ver
environner;6;ver
entraîner;6;ver
engager;6;ver
endroit;6;nom
embarras;6;nom
départ;6;nom
démon;6;nom
dessus;6;adv_sup
danube;6;nr
dalmatie;6;nr
célèbre;6;adj
curieux;6;adj
cristal;6;nom
cou;6;nom
convenance;6;nom
conque;6;nom
comté;6;nom
comparable;6;adj
clair;6;adj
chrétien;6;nom
chirurgien;6;nom
chaussée;6;nom
chat;6;nom
causer;6;ver
carreau;6;nom
cadavre;6;nom
bête;6;nom
bâtir;6;ver
brillant;6;adj
bouton;6;nom
bord;6;nom
barque;6;nom
baisser;6;ver
aventure;6;nom
avancer;6;ver
augmenter;6;ver
aspect;6;nom
accomplir;6;ver
accessoire;6;nom
évanouir;5;ver
éteindre;5;ver
éprouver;5;ver
égal;5;adj
éclat;5;nom
éclairé;5;adj
échapper;5;ver
échanger;5;ver
çà;5;adv
vraiment;5;adv
voile;5;nom
violence;5;nom
vingt_quatre;5;adj_num
vingt;5;adj_num
venise;5;nom
veille;5;nom
vainqueur;5;nom
vain;5;adj
uniforme;5;nom
ténèbres;5;nom
tuteur;5;nom
troisième;5;adj
treize;5;adj_num
travail;5;nom
tort;5;nom
torche;5;nom
toile;5;nom
tigre;5;nom
terne;5;adj
tendre;5;ver
sépulture;5;nom
séducteur;5;nom
supérieur;5;adj
succéder;5;ver
succès;5;nom
succession;5;nom
subir;5;ver
square;5;nom
spectacle;5;nom
souverain;5;nom
souvent;5;adv_sup
soupir;5;nom
soif;5;nom
six;5;adj_num
sexe;5;nom
semblable;5;adj
sauvage;5;adj
résoudre;5;ver
régner;5;ver
réfléchir;5;ver
réduire;5;ver
rose;5;adj
rhin;5;nr
refermer;5;ver
reculer;5;ver
rasoir;5;nom
raison;5;nom
quinzième;5;nom
quatrième;5;adj
quart;5;nom
puissant;5;adj
prêter;5;ver
prétexte;5;nom
précaution;5;nom
près;5;pre
promettre;5;ver
profondément;5;adv
prince;5;nom
potable;5;adj
positivement;5;adv
plat;5;adj
planter;5;ver
plaire;5;ver
phrase;5;nom
perspective;5;nom
personnel;5;adj
perle;5;nom
pencher;5;ver
peau;5;nom
payer;5;ver
particulier;5;adj
oser;5;ver
opération;5;nom
obliger;5;ver
néanmoins;5;con
nuage;5;nom
nourrir;5;ver
note;5;nom
mécanique;5;adj
muet;5;adj
mortel;5;nom
monstrueux;5;adj
mistress;5;nr
minuit;5;nom
militaire;5;adj
maïs;5;nom
manière;5;nom
là_bas;5;adv
loi;5;nom
ligne;5;nom
joyeux;5;adj
jaillir;5;ver
inférieur;5;adj
incident;5;nom
impossible;5;adj
immobile;5;adj
imbécile;5;nom
huit;5;adj_num
hors;5;pre
horizon;5;nom
honorable;5;adj
herse;5;nom
haleine;5;nom
habiter;5;ver
habiller;5;ver
généralement;5;adv
général;5;adj
genre;5;nom
gaieté;5;nom
février;5;nom
fuite;5;nom
frère;5;nom
frotter;5;ver
frivole;5;adj
france;5;nr
frais;5;adj
foi;5;nom
figurer;5;ver
exprimer;5;ver
explication;5;nom
exister;5;ver
exact;5;adj
estomac;5;nom
esq;5;nr
envelopper;5;ver
enseigner;5;ver
enragé;5;nom
emmener;5;ver
dévorer;5;ver
détourner;5;ver
dépêcher;5;ver
déjeuner;5;ver
dédoubler;5;ver
décrire;5;ver
découvrir;5;ver
débora;5;nr
duquel;5;pro_rel
drôle;5;adj
douzième;5;nom
doucement;5;adv
don;5;nom
demeurer;5;ver
debout;5;adv_sup
davantage;5;adv_sup
date;5;nom
curiosité;5;nom
couverture;5;nom
couturier;5;nom
cousin;5;nom
course;5;nom
costume;5;nom
corde;5;nom
content;5;adj
conduite;5;nom
comptoir;5;nom
circonstance;5;nom
chaîne;5;nom
chauffer;5;ver
charme;5;nom
chaise;5;nom
certes;5;adv_sup
celles;5;pro_dem
brouillard;5;nom
boîte;5;nom
bonté;5;nom
belgrade;5;nr
bateau;5;nom
bambin;5;nom
auteur;5;nom
au_dehors;5;adv
atmosphère;5;nom
art;5;nom
appartement;5;nom
antique;5;adj
allumer;5;ver
allonger;5;ver
agréable;5;adj
agiter;5;ver
adresse;5;nom
éviter;4;ver
étroitement;4;adv
étrangler;4;ver
étouffer;4;ver
étonnement;4;nom
éternel;4;adj
élancer;4;ver
élan;4;nom
égarer;4;ver
édition;4;nom
écouler;4;ver
éboulement;4;nom
voiture;4;nom
voie;4;nom
violent;4;adj
vin;4;nom
vider;4;ver
vide;4;adj
victime;4;nom
verre;4;nom
vendre;4;ver
valise;4;nom
vaincre;4;ver
tumultueux;4;adj
trousse;4;nom
troupe;4;nom
treizième;4;adj
traîner;4;ver
traversée;4;nom
traiter;4;ver
toilette;4;nom
tiens;4;ono
texte;4;nom
terriblement;4;adv
tel;4;adj_ind
teinte;4;nom
tas;4;nom
tantôt;4;adv
tailler;4;ver
système;4;nom
suspendre;4;ver
superbe;4;adj
souterrain;4;adj
soutenir;4;ver
sourd;4;adj
souffler;4;ver
soubrette;4;nom
siècle;4;nom
signe;4;nom
siffler;4;ver
seuil;4;nom
serviteur;4;nom
service;4;nom
serrer;4;ver
sentinelle;4;nom
sensation;4;nom
sec;4;adj
saurer;4;ver
sac;4;nom
révéler;4;ver
réussir;4;ver
réunir;4;ver
résultat;4;nom
répandre;4;ver
réciter;4;ver
retraite;4;nom
retomber;4;ver
restant;4;nom
respectable;4;adj
reptile;4;nom
repousser;4;ver
repas;4;nom
renverser;4;ver
renseignement;4;nom
remplir;4;ver
remercier;4;ver
remarquable;4;adj
rang;4;nom
quartier;4;nom
quantité;4;nom
péristyle;4;nom
puissance;4;nom
public;4;adj
prétendre;4;ver
présent;4;nom
précédemment;4;adv
précisément;4;adv
proportion;4;nom
proie;4;nom
prodige;4;nom
procurer;4;ver
proche;4;adj
prix;4;nom
presse;4;nom
potage;4;nom
poids;4;nom
plupart;4;adv_sup
plonger;4;ver
plan;4;nom
plaisanterie;4;nom
piédestal;4;nom
piège;4;nom
piqûre;4;nom
pic;4;nom
perte;4;nom
personnage;4;nom
pendre;4;ver
peintre;4;nom
parloir;4;nom
parfois;4;adv_sup
parfait;4;adj
par_derrière;4;pre
palma;4;nr
page;4;nom
orner;4;ver
onze;4;adj_num
obstacle;4;nom
observation;4;nom
nulle;4;adj_ind
nu;4;adj
noyer;4;ver
nord;4;nom
noble;4;adj
neuf;4;adj
neige;4;nom
navire;4;nom
mélancolique;4;adj
méchant;4;adj
mèche;4;nom
musha;4;nr
mur;4;nom
moucher;4;ver
motif;4;nom
misérable;4;adj
miroir;4;nom
miracle;4;nom
midshipman;4;nr
menacer;4;ver
maudit;4;adj
massue;4;nom
masse;4;nom
marchand;4;nom
madame;4;nom_sup
léger;4;adj
lien;4;nom
lanterne;4;nom
jusqu;4;pre
jurer;4;ver
jeu;4;nom
italie;4;nr
istria;4;nr
instruire;4;ver
indécis;4;adj
impénétrable;4;adj
impression;4;nom
imposer;4;ver
importance;4;nom
illustre;4;adj
héritage;4;nom
hollandais;4;nom
historique;4;adj
hideux;4;adj
hauteur;4;nom
hache;4;nom
habitant;4;nom
habile;4;adj
guetter;4;ver
gronder;4;ver
grincer;4;ver
grave;4;adj
gouvernante;4;nom
geste;4;nom
genou;4;nom
galerie;4;nom
fourneau;4;nom
fou;4;adj
forteresse;4;nom
finir;4;ver
filet;4;nom
fier;4;adj
fiancé;4;nom
fatigue;4;nom
fameux;4;adj
exécuter;4;ver
extérieur;4;adj
extrême;4;adj
exposer;4;ver
exiger;4;ver
exciter;4;ver
excepté;4;pre
exceptionnel;4;adj
etc;4;adv
espace;4;nom
envie;4;nom
enfuir;4;ver
endormir;4;ver
enceinte;4;adj
embrasser;4;ver
déterminer;4;ver
désert;4;adj
déranger;4;ver
décéder;4;ver
décès;4;nom
ducat;4;nom
douve;4;nom
douleur;4;nom
dominer;4;ver
doigt;4;nom
dogue;4;nom
distinctement;4;adv
disposer;4;ver
diminuer;4;ver
digne;4;adj
difficile;4;adj
dessous;4;nom_sup
dedans;4;adv_sup
dangereux;4;adj
danger;4;nom
dalle;4;nom
côte;4;nom
crépuscule;4;nom
couronner;4;ver
cour;4;nom
couler;4;ver
cor;4;nom
convenir;4;ver
conséquence;4;nom
constater;4;ver
considérer;4;ver
connaissance;4;nom
confiance;4;nom
concierge;4;nom
concevoir;4;ver
compte;4;nom
complètement;4;adv
commodément;4;adv
commerce;4;nom
combat;4;nom
colossal;4;adj
clin;4;nom
circulaire;4;adj
choisir;4;ver
choc;4;nom
chef;4;nom
cesse;4;nom
certains;4;adj_ind
captif;4;nom
canal;4;nom
caisse;4;nom
c_est_à_dire;4;adv_sup
but;4;nom
briser;4;ver
boucher;4;ver
bloc;4;nom
blessure;4;nom
billet;4;nom
bien_aimé;4;adj
bel;4;adj
beauté;4;nom
baril;4;nom
baigner;4;ver
avertir;4;ver
au_devant;4;adv
atteindre;4;ver
assurément;4;adv
arthur;4;nr
arranger;4;ver
argent;4;nom
appuyer;4;ver
année;4;nom
amoureux;4;adj
affiche;4;nom
admirable;4;adj
adieu;4;nom
acier;4;nom
absolument;4;adv
absence;4;nom
abri;4;nom
abominable;4;adj
abandonner;4;ver
1;4;num
étonnant;3;adj
étendre;3;ver
épuiser;3;ver
épais;3;adj
émotion;3;nom
école;3;nom
ébranler;3;ver
ça;3;pro_dem
z;3;nom
x;3;adj_num
vôtre;3;pro_pos
vêtement;3;nom
véritablement;3;adv
vulgaire;3;adj
vis_à_vis;3;pre
vingt_troisième;3;adj
vilain;3;adj
vierge;3;adj
vieillir;3;ver
vibration;3;nom
verser;3;ver
vermeil;3;adj
varié;3;adj
vampirale;3;nr
unir;3;ver
témoin;3;nom
témoigner;3;ver
turc;3;adj
trousseau;3;nom
travailler;3;ver
trancher;3;ver
tranchant;3;adj
trahir;3;ver
traduire;3;ver
trace;3;nom
touchant;3;adj
tordre;3;ver
tombe;3;nom
thé;3;nom
terrain;3;nom
tempête;3;nom
temple;3;nom
telles;3;adj_ind
tasse;3;nom
tapage;3;nom
sécurité;3;nom
surprise;3;nom
surprendre;3;ver
surprenant;3;adj
surnaturel;3;nom
surmonter;3;ver
suprême;3;adj
supporter;3;ver
suivant;3;pre
suggérer;3;ver
suffisamment;3;adv
successivement;3;adv
stupéfait;3;adj
squire;3;nom
souhaiter;3;ver
souffrir;3;ver
sot;3;nom
soie;3;nom
signature;3;nom
shilling;3;nom
semaine;3;nom
seigneurie;3;nom
scélérat;3;nom
scène;3;nom
sculpter;3;ver
scientifique;3;nom
science;3;nom
santé;3;nom
sangsue;3;nom
saint;3;adj
réellement;3;adv
récompense;3;nom
récent;3;adj
ruyter;3;nr
rumeur;3;nom
romancier;3;nom
rive;3;nom
rival;3;nom
rigoureusement;3;adv
ricanement;3;nom
riant;3;adj
retenir;3;ver
retarder;3;ver
retard;3;nom
ressort;3;nom
respirer;3;ver
représentant;3;nom
reparaître;3;ver
rempart;3;nom
remarquer;3;ver
refuser;3;ver
rayonner;3;ver
rapporter;3;ver
ranger;3;ver
rameur;3;nom
ramage;3;nom
race;3;nom
quelques_uns;3;pro_ind
périr;3;ver
péril;3;nom
pâlir;3;ver
pur;3;adj
pupille;3;nom
puisqu;3;con
prêtre;3;nom
prêt;3;adj
préparer;3;ver
précéder;3;ver
près_de;3;adv
prunelle;3;nom
prudence;3;nom
prouver;3;ver
protéger;3;ver
protection;3;nom
propriétaire;3;nom
proposer;3;ver
promesse;3;nom
projet;3;nom
prodigieux;3;adj
procédé;3;nom
prochain;3;adj
prière;3;nom
principalement;3;adv
poète;3;nom
poule;3;nom
pont_levis;3;nom
poing;3;nom
poignée;3;nom
poignard;3;nom
plume;3;nom
planer;3;ver
plaindre;3;ver
plain;3;nom
placard;3;nom
piquer;3;ver
peser;3;ver
perron;3;nom
perdant;3;nom
percher;3;ver
pente;3;nom
peindre;3;ver
peigner;3;ver
pavot;3;nom
patience;3;nom
parvenir;3;ver
parfaitement;3;adv
parer;3;ver
palais;3;nom
paisible;3;adj
ouvert;3;adj
ouest;3;nom
oubliette;3;nom
otto;3;nr
original;3;nom
ordinairement;3;adv
orage;3;nom
opérer;3;ver
opulent;3;adj
oh;3;ono
occupation;3;nom
nuance;3;nom
nommer;3;ver
nez;3;nom
national;3;adj
métier;3;nom
mousseline;3;nom
moquer;3;ver
monument;3;nom
mme;3;nom_sup
mine;3;nom
meute;3;nom
merci;3;ono
matière;3;nom
matelot;3;nom
marée;3;nom
manche;3;nom
malédiction;3;nom
majesté;3;nom
légitime;3;adj
lugubre;3;adj
lors;3;adv_sup
loisir;3;nom
logis;3;nom
liqueur;3;nom
lion;3;nom
limpide;3;adj
lightfield;3;nr
latin;3;adj
lampe;3;nom
lamentablement;3;adv
laitue;3;nom
jusque_là;3;adv
jaspe;3;nom
jadis;3;adv_sup
ivre;3;adj
ivoire;3;nom
issue;3;nom
invisible;3;adj
inventer;3;ver
inutile;3;adj
intérêt;3;nom
instruit;3;adj
inspirer;3;ver
infernal;3;adj
incomparable;3;adj
incommoder;3;ver
imposant;3;adj
imagination;3;nom
hôtellerie;3;nom
héros;3;nom
hélas;3;ono
hurler;3;ver
honnête;3;adj
hier;3;adv_sup
heurter;3;ver
heureusement;3;adv
harpe;3;nom
habit;3;nom
gêner;3;ver
gémir;3;ver
guère;3;adv
guitare;3;nom
guirlande;3;nom
gueule;3;nom
grâce;3;nom
gris;3;adj
griffe;3;nom
greyjack;3;nr
gredin;3;nom
gratter;3;ver
gras;3;adj
gracieux;3;adj
graben;3;nom
goûter;3;ver
glacé;3;adj
gigantesque;3;adj
galoper;3;ver
gai;3;adj
fureur;3;nom
funeste;3;adj
fumée;3;nom
frontière;3;nom
front;3;nom
foule;3;nom
formule;3;nom
foncer;3;ver
flot;3;nom
flamand;3;nom
flacon;3;nom
fièvre;3;nom
fiancer;3;ver
feuille;3;nom
faillir;3;ver
faiblement;3;adv
extravagant;3;adj
expédition;3;nom
expirer;3;ver
examiner;3;ver
exactement;3;adv
estampe;3;nom
espérer;3;ver
escalader;3;ver
erreur;3;nom
enveloppé;3;adj
enveloppe;3;nom
envahir;3;ver
enlèvement;3;nom
enfler;3;ver
endormi;3;adj
effronté;3;nom
effroi;3;nom
effrayer;3;ver
effrayant;3;adj
dîner;3;nom
désir;3;nom
désigner;3;ver
déposer;3;ver
dépasser;3;ver
dégât;3;nom
déchirer;3;ver
déborder;3;ver
débauche;3;nom
drap;3;nom
douzaine;3;nom
douter;3;ver
domaine;3;nom
distinguer;3;ver
direction;3;nom
dinariques;3;nr
différent;3;adj
dickens;3;nr
diamant;3;nom
deuil;3;nom
dessein;3;nom
demain;3;adv_sup
degré;3;nom
danser;3;ver
céder;3;ver
créneau;3;nom
crocodile;3;nom
craindre;3;ver
coussin;3;nom
court;3;adj
courant;3;nom
coupole;3;nom
couple;3;nom
coupable;3;adj
coq;3;nom
contrée;3;nom
considérable;3;adj
conserver;3;ver
conseiller;3;ver
conscience;3;nom
confus;3;adj
confier;3;ver
concert;3;nom
compagnie;3;nom
commander;3;ver
combien;3;adv_sup
colère;3;nom
coller;3;ver
cloître;3;nom
clou;3;nom
clarté;3;nom
clameur;3;nom
châssis;3;nom
choquant;3;adj
chauve_souris;3;nom
chaud;3;adj
chapeau;3;nom
ceux_là;3;pro_dem
cervelle;3;nom
cents;3;adj_num
centaine;3;nom
celui_ci;3;pro_dem
celle_ci;3;pro_dem
ceinture;3;nom
cassolette;3;nom
caravane;3;nom
caractériser;3;ver
canne;3;nom
calme;3;nom
cadran;3;nom
cadeau;3;nom
cachot;3;nom
brûlant;3;adj
brun;3;adj
bougie;3;nom
bouger;3;ver
boue;3;nom
borne;3;nom
bondir;3;ver
boeuf;3;nom
bleu;3;adj
begorra;3;nr
barrer;3;ver
baron;3;nom
barbe;3;nom
barbare;3;nom
balancer;3;ver
avouer;3;ver
avocat;3;nom
avis;3;nom
autrefois;3;pro_ind
auparavant;3;adv_sup
audessus;3;nr
au_dessous;3;adv
au_delà;3;adv
attirer;3;ver
attaquer;3;ver
assurer;3;ver
arrondir;3;ver
armer;3;ver
arme;3;nom
ardent;3;adj
architecture;3;nom
apparent;3;adj
annoncer;3;ver
anneau;3;nom
amiral;3;nom
alpe;3;nom
albâtre;3;nom
aimable;3;adj
aider;3;ver
adroitement;3;adv
adolescence;3;nom
action;3;nom
acte;3;nom
accident;3;nom
accepter;3;ver
aboyer;3;ver
évidemment;2;adv
évasion;2;nom
étudier;2;ver
étude;2;nom
étoile;2;nom
étincelant;2;adj
époux;2;nom
épouvanter;2;ver
épouvante;2;nom
épisode;2;nom
épiler;2;ver
épargner;2;ver
énigme;2;nom
émilia;2;nr
éloquence;2;nom
éloignement;2;nom
électronique;2;adj
élargir;2;ver
élaboration;2;nom
égorger;2;ver
édifice;2;nom
écriteau;2;nom
écorcher;2;ver
écho;2;nom
écheveler;2;ver
échec;2;nom
écarter;2;ver
écarlate;2;adj
wonderful;2;nr
véritable;2;adj
végétation;2;nom
vraisemblance;2;nom
voyager;2;ver
voulezvous;2;nr
volume;2;nom
volonté;2;nom
voiler;2;ver
vogue;2;nom
vivement;2;adv
vive;2;ono
vitesse;2;nom
vingt_quatrième;2;adj
vif;2;adj
vieil;2;adj
vibrer;2;ver
veuf;2;nom
vertu;2;nom
verdure;2;nom
ventre;2;nom
veine;2;nom
veiller;2;ver
vautour;2;nom
vapeur;2;nom
vainement;2;adv
utrecht;2;nr
utilité;2;nom
user;2;ver
uns;2;pro_ind
univers;2;nom
téter;2;ver
tâche;2;nom
tuer;2;ver
trouble;2;nom
triple;2;adj
trictrac;2;nom
transporter;2;ver
transport;2;nom
trajet;2;nom
train;2;nom
tracer;2;ver
torture;2;nom
tordant;2;adj
tonnerre;2;nom
toit;2;nom
tocsin;2;nom
tintement;2;nom
timbre;2;nom
tenue;2;nom
tenter;2;ver
tentative;2;nom
tendresse;2;nom
tempe;2;nom
tels;2;adj_ind
technique;2;nom
tchèque;2;adj
tarière;2;nom
tapisserie;2;nom
taper;2;ver
talent;2;nom
taire;2;ver
tache;2;nom
sûreté;2;nom
sérieusement;2;adv
sécher;2;ver
symptôme;2;nom
susciter;2;ver
surgir;2;ver
supplice;2;nom
stupéfaction;2;nom
stratagème;2;nom
spécifier;2;ver
splendeur;2;nom
spectre;2;nom
southwark;2;nr
souriant;2;adj
sourcilleux;2;adj
soupçonner;2;ver
soumettre;2;ver
souligner;2;ver
soulier;2;nom
soufflet;2;nom
soudard;2;nom
sonore;2;adj
somme;2;nom
solitude;2;nom
solennellement;2;adv
soldat;2;nom
soi;2;pro_per
siège;2;nom
sixième;2;adj
site;2;nom
sinon;2;con
sincère;2;adj
silencieux;2;adj
sifflet;2;nom
sifflement;2;nom
shr;2;nr
serrurier;2;nom
serra;2;nom
septième;2;adj
sept;2;adj_num
sensiblement;2;adv
semelle;2;nom
seller;2;ver
sel;2;nom
sein;2;nom
secret;2;nom
sculpteur;2;nom
scandaleux;2;adj
scandale;2;nom
save;2;nr
sauf;2;pre
sanglot;2;nom
salon;2;nom
sage;2;adj
sabre;2;nom
révérence;2;nom
réveil;2;nom
résister;2;ver
résidu;2;nom
réserver;2;ver
réfléchi;2;adj
réclamer;2;ver
réchaud;2;nom
ruse;2;nom
ruine;2;nom
roulant;2;adj
rouage;2;nom
roseau;2;nom
rosace;2;nom
roman;2;nom
roide;2;adj
roi;2;nom
roche;2;nom
rivière;2;nom
rivage;2;nom
rigueur;2;nom
revoir;2;nom
revivre;2;ver
retrousser;2;ver
ressortir;2;ver
respect;2;nom
représentation;2;nom
reprise;2;nom
reposer;2;ver
reporter;2;ver
repentir;2;ver
renouveler;2;ver
remue_ménage;2;nom
reine;2;nom
regretter;2;ver
regret;2;nom
refrain;2;nom
reflet;2;nom
redevenir;2;ver
recommander;2;ver
recherche;2;nom
rayonnement;2;nom
rattraper;2;ver
ratisbonne;2;nr
rassembler;2;ver
raser;2;ver
rapidement;2;adv
rapide;2;adj
ramener;2;ver
ramasser;2;ver
rage;2;nom
radieux;2;adj
r;2;adv
quinze;2;adj_num
queue;2;nom
quels;2;adj_int
quatorze;2;adj_num
quarante;2;adj_num
pétiller;2;ver
périlleux;2;adj
pénétrer;2;ver
punir;2;ver
punch;2;nom
puer;2;ver
pudeur;2;nom
psaume;2;nom
présentement;2;adv
préparatif;2;nom
préférer;2;ver
préconiser;2;ver
précipice;2;nom
préau;2;nom
protester;2;ver
propos;2;nom
promiscuité;2;nom
prolonger;2;ver
profil;2;nom
prodiguer;2;ver
privé;2;adj
principe;2;nom
preuve;2;nom
pressé;2;adj
pressant;2;adj
poésie;2;nom
pourpre;2;adj
pouce;2;ono
poste;2;nom
portrait;2;nom
port;2;nom
populace;2;nom
pointe;2;nom
poignarder;2;ver
pli;2;nom
pleuvoir;2;ver
plaintif;2;adj
plaine;2;nom
pitié;2;nom
pipe;2;nom
pinte;2;nom
pince;2;nom
pin;2;nom
phénomène;2;nom
physique;2;adj
phryné;2;nr
phosphorescent;2;adj
philosophe;2;nom
perçant;2;adj
perruque;2;nom
permission;2;nom
pence;2;nom
paysage;2;nom
patrimoine;2;nom
patrie;2;nom
passionner;2;ver
particulièrement;2;adv
particularité;2;nom
participer;2;ver
paroisse;2;nom
parier;2;ver
paresse;2;nom
parcourir;2;ver
parchemin;2;nom
parbleu;2;ono
par_dessus;2;pre
paquebot;2;nom
ouïr;2;ver
outrage;2;nom
oriental;2;adj
ordonnance;2;nom
opposer;2;ver
onzième;2;adj
onduler;2;ver
olympique;2;adj
office;2;nom
ofen;2;nr
oeil_de_boeuf;2;nom
obéissant;2;adj
obtenir;2;ver
objecter;2;ver
nul;2;adj_ind
noël;2;nom
nourrice;2;nom
notice;2;nom
nobleman;2;nr
nef;2;nom
navrer;2;ver
narcotique;2;nom
n_est_ce_pas;2;adv_sup
méprisable;2;adj
ménagerie;2;nom
médecine;2;nom
mécanisme;2;nom
mâle;2;nom
mourant;2;adj
motiver;2;ver
monotonie;2;nom
monotone;2;adj
moindre;2;adj_sup
moeurs;2;nom
modeste;2;adj
moderne;2;adj
mode;2;nom
mière;2;nr
miséricorde;2;nom
misère;2;nom
mission;2;nom
mince;2;adj
millier;2;nom
meuble;2;nom
message;2;nom
merveilleux;2;adj
mentir;2;ver
mener;2;ver
masque;2;nom
marteau;2;nom
mario;2;nr
marine;2;adj
mari;2;nom
marché;2;nom
marche;2;nom
marchandise;2;nom
manteau;2;nom
mante;2;nom
manoeuvre;2;nom
manifester;2;ver
malle;2;nom
magnificence;2;nom
magique;2;adj
lâcher;2;ver
là_dessus;2;adv
lunaire;2;adj
loyauté;2;nom
loyal;2;adj
lord;2;nom
livraison;2;nom
littérature;2;nom
littéraire;2;adj
linz;2;nr
lier;2;ver
liane;2;nom
lestement;2;adv
lequel;2;pro_rel
lenteur;2;nom
lentement;2;adv
lecture;2;nom
laver;2;ver
laurier_rose;2;nom
kirschwasser;2;nr
jumelle;2;nom
juif;2;adj
joyeusement;2;adv
journée;2;nom
jouir;2;ver
joint;2;nom
johnny;2;nr
jeunesse;2;nom
jean;2;nom
janvier;2;nom
jacquot;2;nom
istrie;2;nr
ionique;2;adj
intrépide;2;adj
intensité;2;nom
intact;2;adj
instrument;2;nom
insouciance;2;nom
insinuer;2;ver
inscrire;2;ver
inquiéter;2;ver
innombrable;2;adj
innocent;2;adj
infini;2;adj
indéterminé;2;adj
indéfinissable;2;adj
indispensable;2;adj
indiquer;2;ver
indifférence;2;nom
indicible;2;adj
indeed;2;nr
incroyable;2;adj
incorporer;2;ver
incontinent;2;adj
incontestable;2;adj
incendie;2;nom
incapable;2;adj
incalculable;2;adj
inaccessible;2;adj
impétueusement;2;adv
impossibilité;2;nom
impatienter;2;ver
immédiat;2;adj
immodéré;2;adj
immobilité;2;nom
immensité;2;nom
imitation;2;nom
imaginer;2;ver
illusion;2;nom
illuminé;2;nom
ii;2;nr
hôtel;2;nom
hésiter;2;ver
hérisser;2;ver
hé;2;ono
hâter;2;ver
hâte;2;nom
hurlement;2;nom
humilier;2;ver
humanité;2;nom
http;2;nr
houppelande;2;nom
honte;2;nom
hongrie;2;nr
homère;2;nr
ho;2;ono
hausser;2;ver
harpie;2;nom
harmonieux;2;adj
habituellement;2;adv
habitude;2;nom
générosité;2;nom
guéridon;2;nom
guerre;2;nom
gueldre;2;nr
group;2;nom
grossir;2;ver
grommeler;2;ver
grogner;2;ver
griller;2;ver
grille;2;nom
grenier;2;nom
gravement;2;adv
gratuit;2;adj
grandiose;2;adj
grandeur;2;nom
goutte;2;nom
gourmandise;2;nom
gothique;2;adj
gloire;2;nom
girouette;2;nom
gerbe;2;nom
gentry;2;nom
garnison;2;nom
garde;2;nom
galamment;2;adv
gaillard;2;nom
gage;2;nom
fétide;2;adj
féliciter;2;ver
féerie;2;nom
fâcheux;2;adj
fumer;2;ver
frémir;2;ver
frissonner;2;ver
frise;2;nom
frayeur;2;nom
fourrer;2;ver
four;2;nom
fouler;2;ver
foudre;2;nom
forêt;2;nom
forfait;2;nom
fondre;2;ver
fléau;2;nom
fleuve;2;nom
fiévreux;2;adj
final;2;adj
filer;2;ver
fidèle;2;adj
fertile;2;adj
faveur;2;nom
fauteuil;2;nom
fatigant;2;adj
fardeau;2;nom
fantastique;2;adj
fantaisie;2;nom
fange;2;nom
fanfare;2;nom
fancy;2;nr
fait;2;nom
faiblesse;2;nom
faculté;2;nom
fa;2;nom
exécution;2;nom
extraire;2;ver
expédier;2;ver
explosion;2;nom
explicatif;2;adj
existence;2;nom
exercice;2;nom
exercer;2;ver
exemple;2;nom
excuser;2;ver
exclamation;2;nom
excitement;2;nr
exagération;2;nom
ex;2;nr
eux_mêmes;2;pro_per
estimer;2;ver
estamper;2;ver
essuyer;2;ver
espèce;2;nom
escamotage;2;nom
entretien;2;nom
entretenir;2;ver
entreprendre;2;ver
entièrement;2;adv
enivrer;2;ver
engourdi;2;adj
enfiler;2;ver
enfance;2;nom
enchanter;2;ver
enchantement;2;nom
encadrer;2;ver
emplir;2;ver
emparer;2;ver
embraser;2;ver
embouchure;2;nom
embonpoint;2;nom
ellemême;2;nr
ebooksgratuits;2;nr
ebooks;2;nr
dévouement;2;nom
dévoration;2;nom
détour;2;nom
désirer;2;ver
désespéré;2;adj
désespoir;2;nom
déroute;2;nom
déployer;2;ver
délicatement;2;adv
délicat;2;adj
défunt;2;nom
définitif;2;adj
défaire;2;ver
dédain;2;nom
décidément;2;adv
décider;2;ver
décent;2;adj
durer;2;ver
dur;2;adj
dramatique;2;adj
douceur;2;nom
dorique;2;adj
domestique;2;nom
domesticité;2;nom
doctrine;2;nom
divin;2;adj
distraction;2;nom
distinct;2;adj
dissimuler;2;ver
disputer;2;ver
disposition;2;nom
disparition;2;nom
différents;2;adj_ind
dessinateur;2;nom
dessin;2;nom
desquelles;2;pro_rel
demi_douzaine;2;nom
demeuré;2;nom
danse;2;nom
curieusement;2;adv
cuisine;2;nom
cruche;2;nom
croître;2;ver
critique;2;adj
crise;2;nom
crinière;2;nom
crin;2;nom
crainte;2;nom
couvercle;2;nom
coutume;2;nom
courtisan;2;nom
courtine;2;nom
coursier;2;nom
cours;2;nom
couronné;2;adj
coulisse;2;nom
corsaire;2;nom
correction;2;nom
corinthien;2;adj
corbeau;2;nom
contrarier;2;ver
conter;2;ver
conséquent;2;adj
consulter;2;ver
conquête;2;nom
congédier;2;ver
confusément;2;adv
confusion;2;nom
confortablement;2;adv
confortable;2;adj
confondre;2;ver
condamner;2;ver
composite;2;adj
comporter;2;ver
comploter;2;ver
comparer;2;ver
communion;2;nom
commettre;2;ver
combler;2;ver
combattre;2;ver
com;2;nom
colonnade;2;nom
colonel;2;nom
cologne;2;nr
coin;2;nom
clôture;2;nom
clocher;2;nom
cloaque;2;nom
clavecin;2;nom
classique;2;nom
classe;2;nom
claquer;2;ver
clapotis;2;nom
civière;2;nom
cité;2;nom
cinquième;2;adj
cimetière;2;nom
chérir;2;ver
chut;2;ono
chemise;2;nom
charmer;2;ver
chapitre;2;nom
chapelle;2;nom
champignon;2;nom
chalumeau;2;nom
chagrin;2;nom
cerveau;2;nom
certaines;2;adj_ind
centrale;2;nom
ceci;2;pro_dem
cavalier;2;nom
cassé;2;adj
carriole;2;nom
caresser;2;ver
caprice;2;nom
capital;2;nom
cancan;2;nom
canaille;2;nom
cadre;2;nom
cabinet;2;nom
cabaret;2;nom
bûcher;2;nom
bûche;2;nom
béant;2;adj
buda;2;nr
bruyamment;2;adv
brutal;2;adj
brusquement;2;adv
brusque;2;adj
brume;2;nom
broussaille;2;nom
brigand;2;nom
brasier;2;nom
brandir;2;ver
bouteille;2;nom
bourse;2;nom
bouleverser;2;ver
boucle;2;nom
border;2;ver
boompies;2;nr
bohémien;2;nom
blâmer;2;ver
blanchir;2;ver
bizarre;2;adj
biographie;2;nom
bihacz;2;nr
berger;2;nom
berceau;2;nom
bec;2;nom
bavière;2;nr
bassiner;2;ver
basculer;2;ver
barre;2;nom
banqueroute;2;nom
bandit;2;nom
baiser;2;ver
bagatelle;2;nom
aviser;2;ver
avenir;2;nom
avaler;2;ver
autriche;2;nr
autorité;2;nom
automne;2;nom
austère;2;adj
auréole;2;nom
audace;2;nom
au_dedans;2;adv
attraction;2;nom
attentif;2;adj
atteler;2;ver
atroce;2;adj
astucieux;2;adj
assourdir;2;ver
assombrir;2;ver
assister;2;ver
assistance;2;nom
assise;2;nom
assigner;2;ver
asile;2;nom
artiste;2;nom
artillerie;2;nom
article;2;nom
arbre;2;nom
après_de;2;nr
appui;2;nom
appliquer;2;ver
applaudissement;2;nom
applaudir;2;ver
apanage;2;nom
anéantir;2;ver
anticiper;2;ver
annexe;2;adj
anglican;2;adj
angle;2;nom
amuser;2;ver
amphithéâtre;2;nom
amateur;2;nom
altérer;2;ver
allusion;2;nom
allumé;2;adj
aisément;2;adv
aisselle;2;nom
aiguiser;2;ver
aigu;2;adj
aigre;2;adj
agneau;2;nom
affecter;2;ver
adriatique;2;adj
adorer;2;ver
adorable;2;adj
admirablement;2;adv
actuel;2;adj
acharnement;2;nom
accuser;2;ver
accroupir;2;ver
accord;2;nom
accidenté;2;adj
absolu;2;adj
aborder;2;ver
94;2;num
3;2;num
2;2;num
1787;2;num
100;2;num